Workbook

Sheet Legends
A1: VARIABLE | B1: LEGEND
A2: TREND___QLT___(M3_S)___RISER_OUTLET | B2: Liquid at Outlet
A3: TREND___UL___(M_S)___RISER_OUTLET | B3: Liquid Velocity
A4: TREND___UG___(M_S)___RISER_OUTLET | B4: Gas Velocity

Sheet 10MMSCFD
A1: h | B1: h | C1: h | E1: (M3/S) | F1: (M/S) | G1: (M/S)
A2: TIME1 | B2: TIME2 | C2: TIME3 | E2: =Legends!B2 -> Liquid at Outlet | F2: =Legends!B3 -> Liquid Velocity | G2: =Legends!B4 -> Gas Velocity | I2: Report-2031_Oil_4500bopd_Liquid_4773blpd_10MMSCFD_GL_TD_Only_OP2.genkey
A3: =MIN($A$11:$A$299) -> 0 | B3: =MIN($B$11:$B$299) -> 0 | C3: =MIN($C$11:$C$299) -> 0 | D3: Min | E3: =MIN($E$11:$E$299) -> 0.0084849074 | F3: =MIN($F$11:$F$299) -> 4.6832271 | G3: =MIN($G$11:$G$299) -> 9.744174
A4: =MEDIAN($A$11:$A$299) -> 36.000168 | B4: =MEDIAN($B$11:$B$299) -> 36.000168 | C4: =MEDIAN($C$11:$C$299) -> 36.000168 | D4: P50 | E4: =MEDIAN($E$11:$E$299) -> 0.0098378537 | F4: =MEDIAN($F$11:$F$299) -> 4.8133931 | G4: =MEDIAN($G$11:$G$299) -> 9.7442694
A5: =MAX($A$11:$A$299) -> 72.000275 | B5: =MAX($B$11:$B$299) -> 72.000275 | C5: =MAX($C$11:$C$299) -> 72.000275 | D5: Max | E5: =MAX($E$11:$E$299) -> 0.01899014 | F5: =MAX($F$11:$F$299) -> 7.1813378 | G5: =MAX($G$11:$G$299) -> 13.0239
A6: =$A5-$A3 -> 72.000275 | B6: =$B5-$B3 -> 72.000275 | C6: =$C5-$C3 -> 72.000275 | D6: Delta | E6: =$E5-$E3 -> 0.010505233 | F6: =$F5-$F3 -> 2.4981108 | G6: =$G5-$G3 -> 3.279726
A7: h | B7: h | C7: h | E7: (M3/S) | F7: (M/S) | G7: (M/S)
A8: 0 | B8: 0 | C8: 0 | D8: Offset | E8: 0 | F8: 0 | G8: 0
A9: 1 | B9: 1 | C9: 1 | D9: Scale | E9: 1 | F9: 1 | G9: 1
A10: TIME1 | B10: TIME2 | C10: TIME3 | E10: =Legends!B2 -> Liquid at Outlet | F10: =Legends!B3 -> Liquid Velocity | G10: =Legends!B4 -> Gas Velocity
A11: =A$9 * (0 -A$8) -> 0 | B11: =B$9 * (0 -B$8) -> 0 | C11: =C$9 * (0 -C$8) -> 0 | E11: =E$9 * (0.0189901404082775 -E$8) -> 0.01899014 | F11: =F$9 * (6.97602319717407 -F$8) -> 6.9760232 | G11: =G$9 * (9.87746524810791 -G$8) -> 9.8774652 | I11: =E11*3600 -> 68.364505 | J11: =F11*3600 -> 25113.684 | K11: =G11*3600 -> 35558.875
A12: =A$9 * (0.250451177358627 -A$8) -> 0.25045118 | B12: =B$9 * (0.250451177358627 -B$8) -> 0.25045118 | C12: =C$9 * (0.250451177358627 -C$8) -> 0.25045118 | E12: =E$9 * (0.0123529797419905 -E$8) -> 0.01235298 | F12: =F$9 * (7.18133783340454 -F$8) -> 7.1813378 | G12: =G$9 * (13.0239000320434 -G$8) -> 13.0239 | I12: =E12*3600 -> 44.470727 | J12: =F12*3600 -> 25852.816 | K12: =G12*3600 -> 46886.04
A13: =A$9 * (0.500372529029846 -A$8) -> 0.50037253 | B13: =B$9 * (0.500372529029846 -B$8) -> 0.50037253 | C13: =C$9 * (0.500372529029846 -C$8) -> 0.50037253 | E13: =E$9 * (0.00876795127987861 -E$8) -> 0.0087679513 | F13: =F$9 * (5.20924806594848 -F$8) -> 5.2092481 | G13: =G$9 * (11.3920698165893 -G$8) -> 11.39207 | I13: =E13*3600 -> 31.564625 | J13: =F13*3600 -> 18753.293 | K13: =G13*3600 -> 41011.451
A14: =A$9 * (0.750264465808868 -A$8) -> 0.75026447 | B14: =B$9 * (0.750264465808868 -B$8) -> 0.75026447 | C14: =C$9 * (0.750264465808868 -C$8) -> 0.75026447 | E14: =E$9 * (0.0113582797348499 -E$8) -> 0.01135828 | F14: =F$9 * (5.98395109176635 -F$8) -> 5.9839511 | G14: =G$9 * (11.1697397232055 -G$8) -> 11.16974 | I14: =E14*3600 -> 40.889807 | J14: =F14*3600 -> 21542.224 | K14: =G14*3600 -> 40211.063
A15: =A$9 * (1.00022971630096 -A$8) -> 1.0002297 | B15: =B$9 * (1.00022971630096 -B$8) -> 1.0002297 | C15: =C$9 * (1.00022971630096 -C$8) -> 1.0002297 | E15: =E$9 * (0.00939853675663471 -E$8) -> 0.0093985368 | F15: =F$9 * (5.2784719467163 -F$8) -> 5.2784719 | G15: =G$9 * (11.0152196884155 -G$8) -> 11.01522 | I15: =E15*3600 -> 33.834732 | J15: =F15*3600 -> 19002.499 | K15: =G15*3600 -> 39654.791
A16: =A$9 * (1.25001311302185 -A$8) -> 1.2500131 | B16: =B$9 * (1.25001311302185 -B$8) -> 1.2500131 | C16: =C$9 * (1.25001311302185 -C$8) -> 1.2500131 | E16: =E$9 * (0.0106283100321888 -E$8) -> 0.01062831 | F16: =F$9 * (5.14639520645141 -F$8) -> 5.1463952 | G16: =G$9 * (9.85121631622314 -G$8) -> 9.8512163 | I16: =E16*3600 -> 38.261916 | J16: =F16*3600 -> 18527.023 | K16: =G16*3600 -> 35464.379
A17: =A$9 * (1.50012111663818 -A$8) -> 1.5001211 | B17: =B$9 * (1.50012111663818 -B$8) -> 1.5001211 | C17: =C$9 * (1.50012111663818 -C$8) -> 1.5001211 | E17: =E$9 * (0.00895081739872694 -E$8) -> 0.0089508174 | F17: =F$9 * (5.00681018829345 -F$8) -> 5.0068102 | G17: =G$9 * (10.7459001541137 -G$8) -> 10.7459 | I17: =E17*3600 -> 32.222943 | J17: =F17*3600 -> 18024.517 | K17: =G17*3600 -> 38685.241
A18: =A$9 * (1.75032866001129 -A$8) -> 1.7503287 | B18: =B$9 * (1.75032866001129 -B$8) -> 1.7503287 | C18: =C$9 * (1.75032866001129 -C$8) -> 1.7503287 | E18: =E$9 * (0.00883944518864154 -E$8) -> 0.0088394452 | F18: =F$9 * (4.73760318756103 -F$8) -> 4.7376032 | G18: =G$9 * (10.1899499893188 -G$8) -> 10.18995 | I18: =E18*3600 -> 31.822003 | J18: =F18*3600 -> 17055.371 | K18: =G18*3600 -> 36683.82
A19: =A$9 * (2.000328540802 -A$8) -> 2.0003285 | B19: =B$9 * (2.000328540802 -B$8) -> 2.0003285 | C19: =C$9 * (2.000328540802 -C$8) -> 2.0003285 | E19: =E$9 * (0.0100758504122495 -E$8) -> 0.01007585 | F19: =F$9 * (5.1983528137207 -F$8) -> 5.1983528 | G19: =G$9 * (10.3284101486206 -G$8) -> 10.32841 | I19: =E19*3600 -> 36.273061 | J19: =F19*3600 -> 18714.07 | K19: =G19*3600 -> 37182.277
A20: =A$9 * (2.2502760887146 -A$8) -> 2.2502761 | B20: =B$9 * (2.2502760887146 -B$8) -> 2.2502761 | C20: =C$9 * (2.2502760887146 -C$8) -> 2.2502761 | E20: =E$9 * (0.00848490744829177 -E$8) -> 0.0084849074 | F20: =F$9 * (4.68322706222534 -F$8) -> 4.6832271 | G20: =G$9 * (10.3659601211547 -G$8) -> 10.36596 | I20: =E20*3600 -> 30.545667 | J20: =F20*3600 -> 16859.617 | K20: =G20*3600 -> 37317.456
A21: =A$9 * (2.50030422210693 -A$8) -> 2.5003042 | B21: =B$9 * (2.50030422210693 -B$8) -> 2.5003042 | C21: =C$9 * (2.50030422210693 -C$8) -> 2.5003042 | E21: =E$9 * (0.0101656904444098 -E$8) -> 0.01016569 | F21: =F$9 * (5.07038497924804 -F$8) -> 5.070385 | G21: =G$9 * (9.99437522888183 -G$8) -> 9.9943752 | I21: =E21*3600 -> 36.596486 | J21: =F21*3600 -> 18253.386 | K21: =G21*3600 -> 35979.751
A22: =A$9 * (2.7503318786621 -A$8) -> 2.7503319 | B22: =B$9 * (2.7503318786621 -B$8) -> 2.7503319 | C22: =C$9 * (2.7503318786621 -C$8) -> 2.7503319 | E22: =E$9 * (0.00920781027525663 -E$8) -> 0.0092078103 | F22: =F$9 * (4.88818502426147 -F$8) -> 4.888185 | G22: =G$9 * (10.2712097167968 -G$8) -> 10.27121 | I22: =E22*3600 -> 33.148117 | J22: =F22*3600 -> 17597.466 | K22: =G22*3600 -> 36976.355
A23: =A$9 * (3.00036120414733 -A$8) -> 3.0003612 | B23: =B$9 * (3.00036120414733 -B$8) -> 3.0003612 | C23: =C$9 * (3.00036120414733 -C$8) -> 3.0003612 | E23: =E$9 * (0.00929384026676416 -E$8) -> 0.0092938403 | F23: =F$9 * (4.81830883026123 -F$8) -> 4.8183088 | G23: =G$9 * (10.0455598831176 -G$8) -> 10.04556 | I23: =E23*3600 -> 33.457825 | J23: =F23*3600 -> 17345.912 | K23: =G23*3600 -> 36164.016
A24: =A$9 * (3.25038886070251 -A$8) -> 3.2503889 | B24: =B$9 * (3.25038886070251 -B$8) -> 3.2503889 | C24: =C$9 * (3.25038886070251 -C$8) -> 3.2503889 | E24: =E$9 * (0.00979326572269201 -E$8) -> 0.0097932657 | F24: =F$9 * (5.0300588607788 -F$8) -> 5.0300589 | G24: =G$9 * (10.1696901321411 -G$8) -> 10.16969 | I24: =E24*3600 -> 35.255757 | J24: =F24*3600 -> 18108.212 | K24: =G24*3600 -> 36610.884
A25: =A$9 * (3.50002789497375 -A$8) -> 3.5000279 | B25: =B$9 * (3.50002789497375 -B$8) -> 3.5000279 | C25: =C$9 * (3.50002789497375 -C$8) -> 3.5000279 | E25: =E$9 * (0.00959334895014762 -E$8) -> 0.009593349 | F25: =F$9 * (4.94578790664672 -F$8) -> 4.9457879 | G25: =G$9 * (10.1256504058837 -G$8) -> 10.12565 | I25: =E25*3600 -> 34.536056 | J25: =F25*3600 -> 17804.836 | K25: =G25*3600 -> 36452.341
A26: =A$9 * (3.75005555152893 -A$8) -> 3.7500556 | B26: =B$9 * (3.75005555152893 -B$8) -> 3.7500556 | C26: =C$9 * (3.75005555152893 -C$8) -> 3.7500556 | E26: =E$9 * (0.00992781855165958 -E$8) -> 0.0099278186 | F26: =F$9 * (4.99578619003295 -F$8) -> 4.9957862 | G26: =G$9 * (10.0093803405761 -G$8) -> 10.00938 | I26: =E26*3600 -> 35.740147 | J26: =F26*3600 -> 17984.83 | K26: =G26*3600 -> 36033.769
A27: =A$9 * (4.00008344650268 -A$8) -> 4.0000834 | B27: =B$9 * (4.00008344650268 -B$8) -> 4.0000834 | C27: =C$9 * (4.00008344650268 -C$8) -> 4.0000834 | E27: =E$9 * (0.00974597781896591 -E$8) -> 0.0097459778 | F27: =F$9 * (4.98752689361572 -F$8) -> 4.9875269 | G27: =G$9 * (10.1346597671508 -G$8) -> 10.13466 | I27: =E27*3600 -> 35.08552 | J27: =F27*3600 -> 17955.097 | K27: =G27*3600 -> 36484.775
A28: =A$9 * (4.25011110305786 -A$8) -> 4.2501111 | B28: =B$9 * (4.25011110305786 -B$8) -> 4.2501111 | C28: =C$9 * (4.25011110305786 -C$8) -> 4.2501111 | E28: =E$9 * (0.00961970072239637 -E$8) -> 0.0096197007 | F28: =F$9 * (4.89806985855102 -F$8) -> 4.8980699 | G28: =G$9 * (10.0399599075317 -G$8) -> 10.03996 | I28: =E28*3600 -> 34.630923 | J28: =F28*3600 -> 17633.051 | K28: =G28*3600 -> 36143.856
A29: =A$9 * (4.50013875961303 -A$8) -> 4.5001388 | B29: =B$9 * (4.50013875961303 -B$8) -> 4.5001388 | C29: =C$9 * (4.50013875961303 -C$8) -> 4.5001388 | E29: =E$9 * (0.00981390196830034 -E$8) -> 0.009813902 | F29: =F$9 * (4.94573879241943 -F$8) -> 4.9457388 | G29: =G$9 * (10.0161895751953 -G$8) -> 10.01619 | I29: =E29*3600 -> 35.330047 | J29: =F29*3600 -> 17804.66 | K29: =G29*3600 -> 36058.282
A30: =A$9 * (4.75016689300537 -A$8) -> 4.7501669 | B30: =B$9 * (4.75016689300537 -B$8) -> 4.7501669 | C30: =C$9 * (4.75016689300537 -C$8) -> 4.7501669 | E30: =E$9 * (0.00963316019624471 -E$8) -> 0.0096331602 | F30: =F$9 * (4.90886497497558 -F$8) -> 4.908865 | G30: =G$9 * (10.062720298767 -G$8) -> 10.06272 | I30: =E30*3600 -> 34.679377 | J30: =F30*3600 -> 17671.914 | K30: =G30*3600 -> 36225.793
A31: =A$9 * (5.00019454956054 -A$8) -> 5.0001945 | B31: =B$9 * (5.00019454956054 -B$8) -> 5.0001945 | C31: =C$9 * (5.00019454956054 -C$8) -> 5.0001945 | E31: =E$9 * (0.0097122099250555 -E$8) -> 0.0097122099 | F31: =F$9 * (4.89602088928222 -F$8) -> 4.8960209 | G31: =G$9 * (9.98069858551025 -G$8) -> 9.9806986 | I31: =E31*3600 -> 34.963956 | J31: =F31*3600 -> 17625.675 | K31: =G31*3600 -> 35930.515
A32: =A$9 * (5.25022220611572 -A$8) -> 5.2502222 | B32: =B$9 * (5.25022220611572 -B$8) -> 5.2502222 | C32: =C$9 * (5.25022220611572 -C$8) -> 5.2502222 | E32: =E$9 * (0.00976879429072141 -E$8) -> 0.0097687943 | F32: =F$9 * (4.92498683929443 -F$8) -> 4.9249868 | G32: =G$9 * (10.0071496963501 -G$8) -> 10.00715 | I32: =E32*3600 -> 35.167659 | J32: =F32*3600 -> 17729.953 | K32: =G32*3600 -> 36025.739
A33: =A$9 * (5.50024986267089 -A$8) -> 5.5002499 | B33: =B$9 * (5.50024986267089 -B$8) -> 5.5002499 | C33: =C$9 * (5.50024986267089 -C$8) -> 5.5002499 | E33: =E$9 * (0.00966216530650854 -E$8) -> 0.0096621653 | F33: =F$9 * (4.88580703735351 -F$8) -> 4.885807 | G33: =G$9 * (9.99595642089843 -G$8) -> 9.9959564 | I33: =E33*3600 -> 34.783795 | J33: =F33*3600 -> 17588.905 | K33: =G33*3600 -> 35985.443
A34: =A$9 * (5.75027799606323 -A$8) -> 5.750278 | B34: =B$9 * (5.75027799606323 -B$8) -> 5.750278 | C34: =C$9 * (5.75027799606323 -C$8) -> 5.750278 | E34: =E$9 * (0.00977160595357418 -E$8) -> 0.009771606 | F34: =F$9 * (4.89839506149292 -F$8) -> 4.8983951 | G34: =G$9 * (9.94957542419433 -G$8) -> 9.9495754 | I34: =E34*3600 -> 35.177781 | J34: =F34*3600 -> 17634.222 | K34: =G34*3600 -> 35818.472
A35: =A$9 * (6.0003056526184 -A$8) -> 6.0003057 | B35: =B$9 * (6.0003056526184 -B$8) -> 6.0003057 | C35: =C$9 * (6.0003056526184 -C$8) -> 6.0003057 | E35: =E$9 * (0.00973766762763261 -E$8) -> 0.0097376676 | F35: =F$9 * (4.89893198013305 -F$8) -> 4.898932 | G35: =G$9 * (9.97559642791748 -G$8) -> 9.9755964 | I35: =E35*3600 -> 35.055603 | J35: =F35*3600 -> 17636.155 | K35: =G35*3600 -> 35912.147
A36: =A$9 * (6.25033330917358 -A$8) -> 6.2503333 | B36: =B$9 * (6.25033330917358 -B$8) -> 6.2503333 | C36: =C$9 * (6.25033330917358 -C$8) -> 6.2503333 | E36: =E$9 * (0.00971522741019725 -E$8) -> 0.0097152274 | F36: =F$9 * (4.87566423416137 -F$8) -> 4.8756642 | G36: =G$9 * (9.94116878509521 -G$8) -> 9.9411688 | I36: =E36*3600 -> 34.974819 | J36: =F36*3600 -> 17552.391 | K36: =G36*3600 -> 35788.208
A37: =A$9 * (6.50036096572876 -A$8) -> 6.500361 | B37: =B$9 * (6.50036096572876 -B$8) -> 6.500361 | C37: =C$9 * (6.50036096572876 -C$8) -> 6.500361 | E37: =E$9 * (0.00978646706789732 -E$8) -> 0.0097864671 | F37: =F$9 * (4.89117288589477 -F$8) -> 4.8911729 | G37: =G$9 * (9.92794132232666 -G$8) -> 9.9279413 | I37: =E37*3600 -> 35.231281 | J37: =F37*3600 -> 17608.222 | K37: =G37*3600 -> 35740.589
A38: =A$9 * (6.75 -A$8) -> 6.75 | B38: =B$9 * (6.75 -B$8) -> 6.75 | C38: =C$9 * (6.75 -C$8) -> 6.75 | E38: =E$9 * (0.0097345532849431 -E$8) -> 0.0097345533 | F38: =F$9 * (4.87769317626953 -F$8) -> 4.8776932 | G38: =G$9 * (9.93509006500244 -G$8) -> 9.9350901 | I38: =E38*3600 -> 35.044392 | J38: =F38*3600 -> 17559.695 | K38: =G38*3600 -> 35766.324
A39: =A$9 * (7.00002765655517 -A$8) -> 7.0000277 | B39: =B$9 * (7.00002765655517 -B$8) -> 7.0000277 | C39: =C$9 * (7.00002765655517 -C$8) -> 7.0000277 | E39: =E$9 * (0.00976091064512729 -E$8) -> 0.0097609106 | F39: =F$9 * (4.87051105499267 -F$8) -> 4.8705111 | G39: =G$9 * (9.90246295928955 -G$8) -> 9.902463 | I39: =E39*3600 -> 35.139278 | J39: =F39*3600 -> 17533.84 | K39: =G39*3600 -> 35648.867
A40: =A$9 * (7.25005578994751 -A$8) -> 7.2500558 | B40: =B$9 * (7.25005578994751 -B$8) -> 7.2500558 | C40: =C$9 * (7.25005578994751 -C$8) -> 7.2500558 | E40: =E$9 * (0.00978302303701639 -E$8) -> 0.009783023 | F40: =F$9 * (4.87788295745849 -F$8) -> 4.877883 | G40: =G$9 * (9.90485095977783 -G$8) -> 9.904851 | I40: =E40*3600 -> 35.218883 | J40: =F40*3600 -> 17560.379 | K40: =G40*3600 -> 35657.463
A41: =A$9 * (7.50008630752563 -A$8) -> 7.5000863 | B41: =B$9 * (7.50008630752563 -B$8) -> 7.5000863 | C41: =C$9 * (7.50008630752563 -C$8) -> 7.5000863 | E41: =E$9 * (0.00975111685693264 -E$8) -> 0.0097511169 | F41: =F$9 * (4.86336708068847 -F$8) -> 4.8633671 | G41: =G$9 * (9.89577770233154 -G$8) -> 9.8957777 | I41: =E41*3600 -> 35.104021 | J41: =F41*3600 -> 17508.121 | K41: =G41*3600 -> 35624.8
A42: =A$9 * (7.75011396408081 -A$8) -> 7.750114 | B42: =B$9 * (7.75011396408081 -B$8) -> 7.750114 | C42: =C$9 * (7.75011396408081 -C$8) -> 7.750114 | E42: =E$9 * (0.00978815928101539 -E$8) -> 0.0097881593 | F42: =F$9 * (4.86507701873779 -F$8) -> 4.865077 | G42: =G$9 * (9.87542629241943 -G$8) -> 9.8754263 | I42: =E42*3600 -> 35.237373 | J42: =F42*3600 -> 17514.277 | K42: =G42*3600 -> 35551.535
A43: =A$9 * (8.00014209747314 -A$8) -> 8.0001421 | B43: =B$9 * (8.00014209747314 -B$8) -> 8.0001421 | C43: =C$9 * (8.00014209747314 -C$8) -> 8.0001421 | E43: =E$9 * (0.00978029053658247 -E$8) -> 0.0097802905 | F43: =F$9 * (4.86381578445434 -F$8) -> 4.8638158 | G43: =G$9 * (9.87903499603271 -G$8) -> 9.879035 | I43: =E43*3600 -> 35.209046 | J43: =F43*3600 -> 17509.737 | K43: =G43*3600 -> 35564.526
A44: =A$9 * (8.25016975402832 -A$8) -> 8.2501698 | B44: =B$9 * (8.25016975402832 -B$8) -> 8.2501698 | C44: =C$9 * (8.25016975402832 -C$8) -> 8.2501698 | E44: =E$9 * (0.00977436266839504 -E$8) -> 0.0097743627 | F44: =F$9 * (4.85441017150878 -F$8) -> 4.8544102 | G44: =G$9 * (9.86334133148193 -G$8) -> 9.8633413 | I44: =E44*3600 -> 35.187706 | J44: =F44*3600 -> 17475.877 | K44: =G44*3600 -> 35508.029
A45: =A$9 * (8.50019741058349 -A$8) -> 8.5001974 | B45: =B$9 * (8.50019741058349 -B$8) -> 8.5001974 | C45: =C$9 * (8.50019741058349 -C$8) -> 8.5001974 | E45: =E$9 * (0.00979970581829547 -E$8) -> 0.0097997058 | F45: =F$9 * (4.85773515701293 -F$8) -> 4.8577352 | G45: =G$9 * (9.85443401336669 -G$8) -> 9.854434 | I45: =E45*3600 -> 35.278941 | J45: =F45*3600 -> 17487.847 | K45: =G45*3600 -> 35475.962
A46: =A$9 * (8.75022506713867 -A$8) -> 8.7502251 | B46: =B$9 * (8.75022506713867 -B$8) -> 8.7502251 | C46: =C$9 * (8.75022506713867 -C$8) -> 8.7502251 | E46: =E$9 * (0.00978455226868391 -E$8) -> 0.0097845523 | F46: =F$9 * (4.85207319259643 -F$8) -> 4.8520732 | G46: =G$9 * (9.85311412811279 -G$8) -> 9.8531141 | I46: =E46*3600 -> 35.224388 | J46: =F46*3600 -> 17467.463 | K46: =G46*3600 -> 35471.211
A47: =A$9 * (9.00025272369384 -A$8) -> 9.0002527 | B47: =B$9 * (9.00025272369384 -B$8) -> 9.0002527 | C47: =C$9 * (9.00025272369384 -C$8) -> 9.0002527 | E47: =E$9 * (0.00979446806013584 -E$8) -> 0.0097944681 | F47: =F$9 * (4.84815502166748 -F$8) -> 4.848155 | G47: =G$9 * (9.83861923217773 -G$8) -> 9.8386192 | I47: =E47*3600 -> 35.260085 | J47: =F47*3600 -> 17453.358 | K47: =G47*3600 -> 35419.029
A48: =A$9 * (9.25028038024902 -A$8) -> 9.2502804 | B48: =B$9 * (9.25028038024902 -B$8) -> 9.2502804 | C48: =C$9 * (9.25028038024902 -C$8) -> 9.2502804 | E48: =E$9 * (0.0098038101568818 -E$8) -> 0.0098038102 | F48: =F$9 * (4.84940719604492 -F$8) -> 4.8494072 | G48: =G$9 * (9.8358449935913 -G$8) -> 9.835845 | I48: =E48*3600 -> 35.293717 | J48: =F48*3600 -> 17457.866 | K48: =G48*3600 -> 35409.042
A49: =A$9 * (9.50030803680419 -A$8) -> 9.500308 | B49: =B$9 * (9.50030803680419 -B$8) -> 9.500308 | C49: =C$9 * (9.50030803680419 -C$8) -> 9.500308 | E49: =E$9 * (0.00979415979236364 -E$8) -> 0.0097941598 | F49: =F$9 * (4.84345197677612 -F$8) -> 4.843452 | G49: =G$9 * (9.82999515533447 -G$8) -> 9.8299952 | I49: =E49*3600 -> 35.258975 | J49: =F49*3600 -> 17436.427 | K49: =G49*3600 -> 35387.983
A50: =A$9 * (9.75033569335937 -A$8) -> 9.7503357 | B50: =B$9 * (9.75033569335937 -B$8) -> 9.7503357 | C50: =C$9 * (9.75033569335937 -C$8) -> 9.7503357 | E50: =E$9 * (0.00980766210705041 -E$8) -> 0.0098076621 | F50: =F$9 * (4.84281206130981 -F$8) -> 4.8428121 | G50: =G$9 * (9.82018375396728 -G$8) -> 9.8201838 | I50: =E50*3600 -> 35.307584 | J50: =F50*3600 -> 17434.123 | K50: =G50*3600 -> 35352.662
A51: =A$9 * (10.0003643035888 -A$8) -> 10.000364 | B51: =B$9 * (10.0003643035888 -B$8) -> 10.000364 | C51: =C$9 * (10.0003643035888 -C$8) -> 10.000364 | E51: =E$9 * (0.009806664660573 -E$8) -> 0.0098066647 | F51: =F$9 * (4.84155988693237 -F$8) -> 4.8415599 | G51: =G$9 * (9.81875133514404 -G$8) -> 9.8187513 | I51: =E51*3600 -> 35.303993 | J51: =F51*3600 -> 17429.616 | K51: =G51*3600 -> 35347.505
A52: =A$9 * (10.2500028610229 -A$8) -> 10.250003 | B52: =B$9 * (10.2500028610229 -B$8) -> 10.250003 | C52: =C$9 * (10.2500028610229 -C$8) -> 10.250003 | E52: =E$9 * (0.00980520620942115 -E$8) -> 0.0098052062 | F52: =F$9 * (4.83738422393798 -F$8) -> 4.8373842 | G52: =G$9 * (9.81116580963134 -G$8) -> 9.8111658 | I52: =E52*3600 -> 35.298742 | J52: =F52*3600 -> 17414.583 | K52: =G52*3600 -> 35320.197
A53: =A$9 * (10.5000305175781 -A$8) -> 10.500031 | B53: =B$9 * (10.5000305175781 -B$8) -> 10.500031 | C53: =C$9 * (10.5000305175781 -C$8) -> 10.500031 | E53: =E$9 * (0.00981491897255182 -E$8) -> 0.009814919 | F53: =F$9 * (4.8376178741455 -F$8) -> 4.8376179 | G53: =G$9 * (9.80572319030761 -G$8) -> 9.8057232 | I53: =E53*3600 -> 35.333708 | J53: =F53*3600 -> 17415.424 | K53: =G53*3600 -> 35300.603
A54: =A$9 * (10.7500581741333 -A$8) -> 10.750058 | B54: =B$9 * (10.7500581741333 -B$8) -> 10.750058 | C54: =C$9 * (10.7500581741333 -C$8) -> 10.750058 | E54: =E$9 * (0.00981083419173955 -E$8) -> 0.0098108342 | F54: =F$9 * (4.83504295349121 -F$8) -> 4.835043 | G54: =G$9 * (9.8033390045166 -G$8) -> 9.803339 | I54: =E54*3600 -> 35.319003 | J54: =F54*3600 -> 17406.155 | K54: =G54*3600 -> 35292.02
A55: =A$9 * (11.0000858306884 -A$8) -> 11.000086 | B55: =B$9 * (11.0000858306884 -B$8) -> 11.000086 | C55: =C$9 * (11.0000858306884 -C$8) -> 11.000086 | E55: =E$9 * (0.00981461908668279 -E$8) -> 0.0098146191 | F55: =F$9 * (4.83288097381591 -F$8) -> 4.832881 | G55: =G$9 * (9.79654312133789 -G$8) -> 9.7965431 | I55: =E55*3600 -> 35.332629 | J55: =F55*3600 -> 17398.372 | K55: =G55*3600 -> 35267.555
A56: =A$9 * (11.2501134872436 -A$8) -> 11.250113 | B56: =B$9 * (11.2501134872436 -B$8) -> 11.250113 | C56: =C$9 * (11.2501134872436 -C$8) -> 11.250113 | E56: =E$9 * (0.00981888081878423 -E$8) -> 0.0098188808 | F56: =F$9 * (4.8326997756958 -F$8) -> 4.8326998 | G56: =G$9 * (9.79374694824218 -G$8) -> 9.7937469 | I56: =E56*3600 -> 35.347971 | J56: =F56*3600 -> 17397.719 | K56: =G56*3600 -> 35257.489
A57: =A$9 * (11.5001420974731 -A$8) -> 11.500142 | B57: =B$9 * (11.5001420974731 -B$8) -> 11.500142 | C57: =C$9 * (11.5001420974731 -C$8) -> 11.500142 | E57: =E$9 * (0.00981612689793109 -E$8) -> 0.0098161269 | F57: =F$9 * (4.83009910583496 -F$8) -> 4.8300991 | G57: =G$9 * (9.79030513763427 -G$8) -> 9.7903051 | I57: =E57*3600 -> 35.338057 | J57: =F57*3600 -> 17388.357 | K57: =G57*3600 -> 35245.098
A58: =A$9 * (11.7501697540283 -A$8) -> 11.75017 | B58: =B$9 * (11.7501697540283 -B$8) -> 11.75017 | C58: =C$9 * (11.7501697540283 -C$8) -> 11.75017 | E58: =E$9 * (0.00982121843844652 -E$8) -> 0.0098212184 | F58: =F$9 * (4.82924604415893 -F$8) -> 4.829246 | G58: =G$9 * (9.78542041778564 -G$8) -> 9.7854204 | I58: =E58*3600 -> 35.356386 | J58: =F58*3600 -> 17385.286 | K58: =G58*3600 -> 35227.514
A59: =A$9 * (12.0002002716064 -A$8) -> 12.0002 | B59: =B$9 * (12.0002002716064 -B$8) -> 12.0002 | C59: =C$9 * (12.0002002716064 -C$8) -> 12.0002 | E59: =E$9 * (0.00982170179486274 -E$8) -> 0.0098217018 | F59: =F$9 * (4.82839012145996 -F$8) -> 4.8283901 | G59: =G$9 * (9.78358364105224 -G$8) -> 9.7835836 | I59: =E59*3600 -> 35.358126 | J59: =F59*3600 -> 17382.204 | K59: =G59*3600 -> 35220.901
A60: =A$9 * (12.2502279281616 -A$8) -> 12.250228 | B60: =B$9 * (12.2502279281616 -B$8) -> 12.250228 | C60: =C$9 * (12.2502279281616 -C$8) -> 12.250228 | E60: =E$9 * (0.00982147455215454 -E$8) -> 0.0098214746 | F60: =F$9 * (4.82646608352661 -F$8) -> 4.8264661 | G60: =G$9 * (9.77985572814941 -G$8) -> 9.7798557 | I60: =E60*3600 -> 35.357308 | J60: =F60*3600 -> 17375.278 | K60: =G60*3600 -> 35207.481
A61: =A$9 * (12.5002555847168 -A$8) -> 12.500256 | B61: =B$9 * (12.5002555847168 -B$8) -> 12.500256 | C61: =C$9 * (12.5002555847168 -C$8) -> 12.500256 | E61: =E$9 * (0.00982533302158117 -E$8) -> 0.009825333 | F61: =F$9 * (4.82610416412353 -F$8) -> 4.8261042 | G61: =G$9 * (9.77680206298828 -G$8) -> 9.7768021 | I61: =E61*3600 -> 35.371199 | J61: =F61*3600 -> 17373.975 | K61: =G61*3600 -> 35196.487
A62: =A$9 * (12.7502832412719 -A$8) -> 12.750283 | B62: =B$9 * (12.7502832412719 -B$8) -> 12.750283 | C62: =C$9 * (12.7502832412719 -C$8) -> 12.750283 | E62: =E$9 * (0.00982443243265152 -E$8) -> 0.0098244324 | F62: =F$9 * (4.82488489151001 -F$8) -> 4.8248849 | G62: =G$9 * (9.77502727508544 -G$8) -> 9.7750273 | I62: =E62*3600 -> 35.367957 | J62: =F62*3600 -> 17369.586 | K62: =G62*3600 -> 35190.098
A63: =A$9 * (13.0003108978271 -A$8) -> 13.000311 | B63: =B$9 * (13.0003108978271 -B$8) -> 13.000311 | C63: =C$9 * (13.0003108978271 -C$8) -> 13.000311 | E63: =E$9 * (0.00982594955712556 -E$8) -> 0.0098259496 | F63: =F$9 * (4.82374382019043 -F$8) -> 4.8237438 | G63: =G$9 * (9.77178192138671 -G$8) -> 9.7717819 | I63: =E63*3600 -> 35.373418 | J63: =F63*3600 -> 17365.478 | K63: =G63*3600 -> 35178.415
A64: =A$9 * (13.2503385543823 -A$8) -> 13.250339 | B64: =B$9 * (13.2503385543823 -B$8) -> 13.250339 | C64: =C$9 * (13.2503385543823 -C$8) -> 13.250339 | E64: =E$9 * (0.00982789695262908 -E$8) -> 0.009827897 | F64: =F$9 * (4.82337808609008 -F$8) -> 4.8233781 | G64: =G$9 * (9.76993083953857 -G$8) -> 9.7699308 | I64: =E64*3600 -> 35.380429 | J64: =F64*3600 -> 17364.161 | K64: =G64*3600 -> 35171.751
A65: =A$9 * (13.5003662109375 -A$8) -> 13.500366 | B65: =B$9 * (13.5003662109375 -B$8) -> 13.500366 | C65: =C$9 * (13.5003662109375 -C$8) -> 13.500366 | E65: =E$9 * (0.00982722267508506 -E$8) -> 0.0098272227 | F65: =F$9 * (4.82219791412353 -F$8) -> 4.8221979 | G65: =G$9 * (9.76802635192871 -G$8) -> 9.7680264 | I65: =E65*3600 -> 35.378002 | J65: =F65*3600 -> 17359.912 | K65: =G65*3600 -> 35164.895
A66: =A$9 * (13.7500057220459 -A$8) -> 13.750006 | B66: =B$9 * (13.7500057220459 -B$8) -> 13.750006 | C66: =C$9 * (13.7500057220459 -C$8) -> 13.750006 | E66: =E$9 * (0.00982921198010444 -E$8) -> 0.009829212 | F66: =F$9 * (4.82159709930419 -F$8) -> 4.8215971 | G66: =G$9 * (9.76559734344482 -G$8) -> 9.7655973 | I66: =E66*3600 -> 35.385163 | J66: =F66*3600 -> 17357.75 | K66: =G66*3600 -> 35156.15
A67: =A$9 * (14.000033378601 -A$8) -> 14.000033 | B67: =B$9 * (14.000033378601 -B$8) -> 14.000033 | C67: =C$9 * (14.000033378601 -C$8) -> 14.000033 | E67: =E$9 * (0.00982975307852029 -E$8) -> 0.0098297531 | F67: =F$9 * (4.82107877731323 -F$8) -> 4.8210788 | G67: =G$9 * (9.76430034637451 -G$8) -> 9.7643003 | I67: =E67*3600 -> 35.387111 | J67: =F67*3600 -> 17355.884 | K67: =G67*3600 -> 35151.481
A68: =A$9 * (14.2500610351562 -A$8) -> 14.250061 | B68: =B$9 * (14.2500610351562 -B$8) -> 14.250061 | C68: =C$9 * (14.2500610351562 -C$8) -> 14.250061 | E68: =E$9 * (0.00982983130961656 -E$8) -> 0.0098298313 | F68: =F$9 * (4.82017421722412 -F$8) -> 4.8201742 | G68: =G$9 * (9.76244926452636 -G$8) -> 9.7624493 | I68: =E68*3600 -> 35.387393 | J68: =F68*3600 -> 17352.627 | K68: =G68*3600 -> 35144.817
A69: =A$9 * (14.5000886917114 -A$8) -> 14.500089 | B69: =B$9 * (14.5000886917114 -B$8) -> 14.500089 | C69: =C$9 * (14.5000886917114 -C$8) -> 14.500089 | E69: =E$9 * (0.00983140897005796 -E$8) -> 0.009831409 | F69: =F$9 * (4.81983184814453 -F$8) -> 4.8198318 | G69: =G$9 * (9.76081466674804 -G$8) -> 9.7608147 | I69: =E69*3600 -> 35.393072 | J69: =F69*3600 -> 17351.395 | K69: =G69*3600 -> 35138.933
A70: =A$9 * (14.7501163482666 -A$8) -> 14.750116 | B70: =B$9 * (14.7501163482666 -B$8) -> 14.750116 | C70: =C$9 * (14.7501163482666 -C$8) -> 14.750116 | E70: =E$9 * (0.00983133539557457 -E$8) -> 0.0098313354 | F70: =F$9 * (4.8192400932312 -F$8) -> 4.8192401 | G70: =G$9 * (9.75972270965576 -G$8) -> 9.7597227 | I70: =E70*3600 -> 35.392807 | J70: =F70*3600 -> 17349.264 | K70: =G70*3600 -> 35135.002
A71: =A$9 * (15.0001440048217 -A$8) -> 15.000144 | B71: =B$9 * (15.0001440048217 -B$8) -> 15.000144 | C71: =C$9 * (15.0001440048217 -C$8) -> 15.000144 | E71: =E$9 * (0.0098319761455059 -E$8) -> 0.0098319761 | F71: =F$9 * (4.81865501403808 -F$8) -> 4.818655 | G71: =G$9 * (9.7581558227539 -G$8) -> 9.7581558 | I71: =E71*3600 -> 35.395114 | J71: =F71*3600 -> 17347.158 | K71: =G71*3600 -> 35129.361
A72: =A$9 * (15.2501726150512 -A$8) -> 15.250173 | B72: =B$9 * (15.2501726150512 -B$8) -> 15.250173 | C72: =C$9 * (15.2501726150512 -C$8) -> 15.250173 | E72: =E$9 * (0.00983286555856466 -E$8) -> 0.0098328656 | F72: =F$9 * (4.81837606430053 -F$8) -> 4.8183761 | G72: =G$9 * (9.75708484649658 -G$8) -> 9.7570848 | I72: =E72*3600 -> 35.398316 | J72: =F72*3600 -> 17346.154 | K72: =G72*3600 -> 35125.505
A73: =A$9 * (15.5002002716064 -A$8) -> 15.5002 | B73: =B$9 * (15.5002002716064 -B$8) -> 15.5002 | C73: =C$9 * (15.5002002716064 -C$8) -> 15.5002 | E73: =E$9 * (0.00983276776969432 -E$8) -> 0.0098327678 | F73: =F$9 * (4.81783199310302 -F$8) -> 4.817832 | G73: =G$9 * (9.75607776641845 -G$8) -> 9.7560778 | I73: =E73*3600 -> 35.397964 | J73: =F73*3600 -> 17344.195 | K73: =G73*3600 -> 35121.88
A74: =A$9 * (15.7502279281616 -A$8) -> 15.750228 | B74: =B$9 * (15.7502279281616 -B$8) -> 15.750228 | C74: =C$9 * (15.7502279281616 -C$8) -> 15.750228 | E74: =E$9 * (0.00983356591314077 -E$8) -> 0.0098335659 | F74: =F$9 * (4.81748390197753 -F$8) -> 4.8174839 | G74: =G$9 * (9.75489521026611 -G$8) -> 9.7548952 | I74: =E74*3600 -> 35.400837 | J74: =F74*3600 -> 17342.942 | K74: =G74*3600 -> 35117.623
A75: =A$9 * (16.0002555847168 -A$8) -> 16.000256 | B75: =B$9 * (16.0002555847168 -B$8) -> 16.000256 | C75: =C$9 * (16.0002555847168 -C$8) -> 16.000256 | E75: =E$9 * (0.00983391236513853 -E$8) -> 0.0098339124 | F75: =F$9 * (4.81719923019409 -F$8) -> 4.8171992 | G75: =G$9 * (9.75414180755615 -G$8) -> 9.7541418 | I75: =E75*3600 -> 35.402085 | J75: =F75*3600 -> 17341.917 | K75: =G75*3600 -> 35114.911
A76: =A$9 * (16.2502841949462 -A$8) -> 16.250284 | B76: =B$9 * (16.2502841949462 -B$8) -> 16.250284 | C76: =C$9 * (16.2502841949462 -C$8) -> 16.250284 | E76: =E$9 * (0.00983401760458946 -E$8) -> 0.0098340176 | F76: =F$9 * (4.81677722930908 -F$8) -> 4.8167772 | G76: =G$9 * (9.75323963165283 -G$8) -> 9.7532396 | I76: =E76*3600 -> 35.402463 | J76: =F76*3600 -> 17340.398 | K76: =G76*3600 -> 35111.663
A77: =A$9 * (16.5003108978271 -A$8) -> 16.500311 | B77: =B$9 * (16.5003108978271 -B$8) -> 16.500311 | C77: =C$9 * (16.5003108978271 -C$8) -> 16.500311 | E77: =E$9 * (0.00983466766774654 -E$8) -> 0.0098346677 | F77: =F$9 * (4.81655883789062 -F$8) -> 4.8165588 | G77: =G$9 * (9.75241374969482 -G$8) -> 9.7524137 | I77: =E77*3600 -> 35.404804 | J77: =F77*3600 -> 17339.612 | K77: =G77*3600 -> 35108.689
A78: =A$9 * (16.7503414154052 -A$8) -> 16.750341 | B78: =B$9 * (16.7503414154052 -B$8) -> 16.750341 | C78: =C$9 * (16.7503414154052 -C$8) -> 16.750341 | E78: =E$9 * (0.00983474683016538 -E$8) -> 0.0098347468 | F78: =F$9 * (4.81627416610717 -F$8) -> 4.8162742 | G78: =G$9 * (9.75181674957275 -G$8) -> 9.7518167 | I78: =E78*3600 -> 35.405089 | J78: =F78*3600 -> 17338.587 | K78: =G78*3600 -> 35106.54
A79: =A$9 * (17.0003700256347 -A$8) -> 17.00037 | B79: =B$9 * (17.0003700256347 -B$8) -> 17.00037 | C79: =C$9 * (17.0003700256347 -C$8) -> 17.00037 | E79: =E$9 * (0.00983502622693777 -E$8) -> 0.0098350262 | F79: =F$9 * (4.81598711013793 -F$8) -> 4.8159871 | G79: =G$9 * (9.75107288360595 -G$8) -> 9.7510729 | I79: =E79*3600 -> 35.406094 | J79: =F79*3600 -> 17337.554 | K79: =G79*3600 -> 35103.862
A80: =A$9 * (17.2500076293945 -A$8) -> 17.250008 | B80: =B$9 * (17.2500076293945 -B$8) -> 17.250008 | C80: =C$9 * (17.2500076293945 -C$8) -> 17.250008 | E80: =E$9 * (0.00983542390167713 -E$8) -> 0.0098354239 | F80: =F$9 * (4.81582117080688 -F$8) -> 4.8158212 | G80: =G$9 * (9.75051021575927 -G$8) -> 9.7505102 | I80: =E80*3600 -> 35.407526 | J80: =F80*3600 -> 17336.956 | K80: =G80*3600 -> 35101.837
A81: =A$9 * (17.500036239624 -A$8) -> 17.500036 | B81: =B$9 * (17.500036239624 -B$8) -> 17.500036 | C81: =C$9 * (17.500036239624 -C$8) -> 17.500036 | E81: =E$9 * (0.00983545277267694 -E$8) -> 0.0098354528 | F81: =F$9 * (4.81556987762451 -F$8) -> 4.8155699 | G81: =G$9 * (9.75000095367431 -G$8) -> 9.750001 | I81: =E81*3600 -> 35.40763 | J81: =F81*3600 -> 17336.052 | K81: =G81*3600 -> 35100.003
A82: =A$9 * (17.7500629425048 -A$8) -> 17.750063 | B82: =B$9 * (17.7500629425048 -B$8) -> 17.750063 | C82: =C$9 * (17.7500629425048 -C$8) -> 17.750063 | E82: =E$9 * (0.00983577873557806 -E$8) -> 0.0098357787 | F82: =F$9 * (4.81538677215576 -F$8) -> 4.8153868 | G82: =G$9 * (9.74943733215332 -G$8) -> 9.7494373 | I82: =E82*3600 -> 35.408803 | J82: =F82*3600 -> 17335.392 | K82: =G82*3600 -> 35097.974
A83: =A$9 * (18.0000915527343 -A$8) -> 18.000092 | B83: =B$9 * (18.0000915527343 -B$8) -> 18.000092 | C83: =C$9 * (18.0000915527343 -C$8) -> 18.000092 | E83: =E$9 * (0.0098359677940607 -E$8) -> 0.0098359678 | F83: =F$9 * (4.8152379989624 -F$8) -> 4.815238 | G83: =G$9 * (9.74903583526611 -G$8) -> 9.7490358 | I83: =E83*3600 -> 35.409484 | J83: =F83*3600 -> 17334.857 | K83: =G83*3600 -> 35096.529
A84: =A$9 * (18.2501201629638 -A$8) -> 18.25012 | B84: =B$9 * (18.2501201629638 -B$8) -> 18.25012 | C84: =C$9 * (18.2501201629638 -C$8) -> 18.25012 | E84: =E$9 * (0.00983604323118925 -E$8) -> 0.0098360432 | F84: =F$9 * (4.81504297256469 -F$8) -> 4.815043 | G84: =G$9 * (9.74860382080078 -G$8) -> 9.7486038 | I84: =E84*3600 -> 35.409756 | J84: =F84*3600 -> 17334.155 | K84: =G84*3600 -> 35094.974
A85: =A$9 * (18.5001468658447 -A$8) -> 18.500147 | B85: =B$9 * (18.5001468658447 -B$8) -> 18.500147 | C85: =C$9 * (18.5001468658447 -C$8) -> 18.500147 | E85: =E$9 * (0.00983631145209074 -E$8) -> 0.0098363115 | F85: =F$9 * (4.81492090225219 -F$8) -> 4.8149209 | G85: =G$9 * (9.74820137023925 -G$8) -> 9.7482014 | I85: =E85*3600 -> 35.410721 | J85: =F85*3600 -> 17333.715 | K85: =G85*3600 -> 35093.525
A86: =A$9 * (18.7501754760742 -A$8) -> 18.750175 | B86: =B$9 * (18.7501754760742 -B$8) -> 18.750175 | C86: =C$9 * (18.7501754760742 -C$8) -> 18.750175 | E86: =E$9 * (0.00983638688921928 -E$8) -> 0.0098363869 | F86: =F$9 * (4.81478691101074 -F$8) -> 4.8147869 | G86: =G$9 * (9.74789428710937 -G$8) -> 9.7478943 | I86: =E86*3600 -> 35.410993 | J86: =F86*3600 -> 17333.233 | K86: =G86*3600 -> 35092.419
A87: =A$9 * (19.000202178955 -A$8) -> 19.000202 | B87: =B$9 * (19.000202178955 -B$8) -> 19.000202 | C87: =C$9 * (19.000202178955 -C$8) -> 19.000202 | E87: =E$9 * (0.0098365107551217 -E$8) -> 0.0098365108 | F87: =F$9 * (4.81464910507202 -F$8) -> 4.8146491 | G87: =G$9 * (9.74754524230957 -G$8) -> 9.7475452 | I87: =E87*3600 -> 35.411439 | J87: =F87*3600 -> 17332.737 | K87: =G87*3600 -> 35091.163
A88: =A$9 * (19.2502307891845 -A$8) -> 19.250231 | B88: =B$9 * (19.2502307891845 -B$8) -> 19.250231 | C88: =C$9 * (19.2502307891845 -C$8) -> 19.250231 | E88: =E$9 * (0.00983668770641088 -E$8) -> 0.0098366877 | F88: =F$9 * (4.81455898284912 -F$8) -> 4.814559 | G88: =G$9 * (9.74726295471191 -G$8) -> 9.747263 | I88: =E88*3600 -> 35.412076 | J88: =F88*3600 -> 17332.412 | K88: =G88*3600 -> 35090.147
A89: =A$9 * (19.5002574920654 -A$8) -> 19.500257 | B89: =B$9 * (19.5002574920654 -B$8) -> 19.500257 | C89: =C$9 * (19.5002574920654 -C$8) -> 19.500257 | E89: =E$9 * (0.00983672682195901 -E$8) -> 0.0098367268 | F89: =F$9 * (4.81444406509399 -F$8) -> 4.8144441 | G89: =G$9 * (9.74701309204101 -G$8) -> 9.7470131 | I89: =E89*3600 -> 35.412217 | J89: =F89*3600 -> 17331.999 | K89: =G89*3600 -> 35089.247
A90: =A$9 * (19.7502861022949 -A$8) -> 19.750286 | B90: =B$9 * (19.7502861022949 -B$8) -> 19.750286 | C90: =C$9 * (19.7502861022949 -C$8) -> 19.750286 | E90: =E$9 * (0.00983686186373233 -E$8) -> 0.0098368619 | F90: =F$9 * (4.81435203552246 -F$8) -> 4.814352 | G90: =G$9 * (9.74674892425537 -G$8) -> 9.7467489 | I90: =E90*3600 -> 35.412703 | J90: =F90*3600 -> 17331.667 | K90: =G90*3600 -> 35088.296
A91: =A$9 * (20.0003147125244 -A$8) -> 20.000315 | B91: =B$9 * (20.0003147125244 -B$8) -> 20.000315 | C91: =C$9 * (20.0003147125244 -C$8) -> 20.000315 | E91: =E$9 * (0.00983695778995752 -E$8) -> 0.0098369578 | F91: =F$9 * (4.81427812576293 -F$8) -> 4.8142781 | G91: =G$9 * (9.74654674530029 -G$8) -> 9.7465467 | I91: =E91*3600 -> 35.413048 | J91: =F91*3600 -> 17331.401 | K91: =G91*3600 -> 35087.568
A92: =A$9 * (20.2503414154052 -A$8) -> 20.250341 | B92: =B$9 * (20.2503414154052 -B$8) -> 20.250341 | C92: =C$9 * (20.2503414154052 -C$8) -> 20.250341 | E92: =E$9 * (0.00983700156211853 -E$8) -> 0.0098370016 | F92: =F$9 * (4.81418800354003 -F$8) -> 4.814188 | G92: =G$9 * (9.74634265899658 -G$8) -> 9.7463427 | I92: =E92*3600 -> 35.413206 | J92: =F92*3600 -> 17331.077 | K92: =G92*3600 -> 35086.834
A93: =A$9 * (20.5003700256347 -A$8) -> 20.50037 | B93: =B$9 * (20.5003700256347 -B$8) -> 20.50037 | C93: =C$9 * (20.5003700256347 -C$8) -> 20.50037 | E93: =E$9 * (0.00983711518347263 -E$8) -> 0.0098371152 | F93: =F$9 * (4.81412601470947 -F$8) -> 4.814126 | G93: =G$9 * (9.74615097045898 -G$8) -> 9.746151 | I93: =E93*3600 -> 35.413615 | J93: =F93*3600 -> 17330.854 | K93: =G93*3600 -> 35086.143
A94: =A$9 * (20.7500076293945 -A$8) -> 20.750008 | B94: =B$9 * (20.7500076293945 -B$8) -> 20.750008 | C94: =C$9 * (20.7500076293945 -C$8) -> 20.750008 | E94: =E$9 * (0.00983715895563364 -E$8) -> 0.009837159 | F94: =F$9 * (4.81406116485595 -F$8) -> 4.8140612 | G94: =G$9 * (9.74600028991699 -G$8) -> 9.7460003 | I94: =E94*3600 -> 35.413772 | J94: =F94*3600 -> 17330.62 | K94: =G94*3600 -> 35085.601
A95: =A$9 * (21.000036239624 -A$8) -> 21.000036 | B95: =B$9 * (21.000036239624 -B$8) -> 21.000036 | C95: =C$9 * (21.000036239624 -C$8) -> 21.000036 | E95: =E$9 * (0.00983721669763326 -E$8) -> 0.0098372167 | F95: =F$9 * (4.81399822235107 -F$8) -> 4.8139982 | G95: =G$9 * (9.74583721160888 -G$8) -> 9.7458372 | I95: =E95*3600 -> 35.41398 | J95: =F95*3600 -> 17330.394 | K95: =G95*3600 -> 35085.014
A96: =A$9 * (21.2500667572021 -A$8) -> 21.250067 | B96: =B$9 * (21.2500667572021 -B$8) -> 21.250067 | C96: =C$9 * (21.2500667572021 -C$8) -> 21.250067 | E96: =E$9 * (0.00983729306608438 -E$8) -> 0.0098372931 | F96: =F$9 * (4.81395101547241 -F$8) -> 4.813951 | G96: =G$9 * (9.74570083618164 -G$8) -> 9.7457008 | I96: =E96*3600 -> 35.414255 | J96: =F96*3600 -> 17330.224 | K96: =G96*3600 -> 35084.523
A97: =A$9 * (21.5000953674316 -A$8) -> 21.500095 | B97: =B$9 * (21.5000953674316 -B$8) -> 21.500095 | C97: =C$9 * (21.5000953674316 -C$8) -> 21.500095 | E97: =E$9 * (0.00983732100576162 -E$8) -> 0.009837321 | F97: =F$9 * (4.81389904022216 -F$8) -> 4.813899 | G97: =G$9 * (9.74558067321777 -G$8) -> 9.7455807 | I97: =E97*3600 -> 35.414356 | J97: =F97*3600 -> 17330.037 | K97: =G97*3600 -> 35084.09
A98: =A$9 * (21.7501220703125 -A$8) -> 21.750122 | B98: =B$9 * (21.7501220703125 -B$8) -> 21.750122 | C98: =C$9 * (21.7501220703125 -C$8) -> 21.750122 | E98: =E$9 * (0.00983737967908382 -E$8) -> 0.0098373797 | F98: =F$9 * (4.81385612487793 -F$8) -> 4.8138561 | G98: =G$9 * (9.74545764923095 -G$8) -> 9.7454576 | I98: =E98*3600 -> 35.414567 | J98: =F98*3600 -> 17329.882 | K98: =G98*3600 -> 35083.648
A99: =A$9 * (22.0001506805419 -A$8) -> 22.000151 | B99: =B$9 * (22.0001506805419 -B$8) -> 22.000151 | C99: =C$9 * (22.0001506805419 -C$8) -> 22.000151 | E99: =E$9 * (0.0098374243825674 -E$8) -> 0.0098374244 | F99: =F$9 * (4.81381797790527 -F$8) -> 4.813818 | G99: =G$9 * (9.74536037445068 -G$8) -> 9.7453604 | I99: =E99*3600 -> 35.414728 | J99: =F99*3600 -> 17329.745 | K99: =G99*3600 -> 35083.297
A100: =A$9 * (22.2501773834228 -A$8) -> 22.250177 | B100: =B$9 * (22.2501773834228 -B$8) -> 22.250177 | C100: =C$9 * (22.2501773834228 -C$8) -> 22.250177 | E100: =E$9 * (0.00983744673430919 -E$8) -> 0.0098374467 | F100: =F$9 * (4.81377696990966 -F$8) -> 4.813777 | G100: =G$9 * (9.74526500701904 -G$8) -> 9.745265 | I100: =E100*3600 -> 35.414808 | J100: =F100*3600 -> 17329.597 | K100: =G100*3600 -> 35082.954
...

Sheet SIM2
A1: h | B1: h | C1: h | E1: (M3/S) | F1: (M/S) | G1: (M/S)
A2: TIME1 | B2: TIME2 | C2: TIME3 | E2: =Legends!B2 -> Liquid at Outlet | F2: =Legends!B3 -> Liquid Velocity | G2: =Legends!B4 -> Gas Velocity | I2: Report-2031_Oil_4500bopd_Liquid_4773blpd_5MMSCFD_GL_TD_Only_OP2.genkey
A3: =MIN($A$11:$A$299) -> 0 | B3: =MIN($B$11:$B$299) -> 0 | C3: =MIN($C$11:$C$299) -> 0 | D3: Min | E3: =MIN($E$11:$E$299) -> -0.0048303208 | F3: =MIN($F$11:$F$299) -> -4.692595 | G3: =MIN($G$11:$G$299) -> -2.975482
A4: =MEDIAN($A$11:$A$299) -> 36.000084 | B4: =MEDIAN($B$11:$B$299) -> 36.000084 | C4: =MEDIAN($C$11:$C$299) -> 36.000084 | D4: P50 | E4: =MEDIAN($E$11:$E$299) -> 0.0044169072 | F4: =MEDIAN($F$11:$F$299) -> 0.7049734 | G4: =MEDIAN($G$11:$G$299) -> 6.4099312
A5: =MAX($A$11:$A$299) -> 72.000336 | B5: =MAX($B$11:$B$299) -> 72.000336 | C5: =MAX($C$11:$C$299) -> 72.000336 | D5: Max | E5: =MAX($E$11:$E$299) -> 0.2286936 | F5: =MAX($F$11:$F$299) -> 22.42683 | G5: =MAX($G$11:$G$299) -> 41.738869
A6: =$A5-$A3 -> 72.000336 | B6: =$B5-$B3 -> 72.000336 | C6: =$C5-$C3 -> 72.000336 | D6: Delta | E6: =$E5-$E3 -> 0.23352393 | F6: =$F5-$F3 -> 27.119425 | G6: =$G5-$G3 -> 44.714351
A7: h | B7: h | C7: h | E7: (M3/S) | F7: (M/S) | G7: (M/S)
A8: 0 | B8: 0 | C8: 0 | D8: Offset | E8: 0 | F8: 0 | G8: 0
A9: 1 | B9: 1 | C9: 1 | D9: Scale | E9: 1 | F9: 1 | G9: 1
A10: TIME1 | B10: TIME2 | C10: TIME3 | E10: =Legends!B2 -> Liquid at Outlet | F10: =Legends!B3 -> Liquid Velocity | G10: =Legends!B4 -> Gas Velocity
A11: =A$9 * (0 -A$8) -> 0 | B11: =B$9 * (0 -B$8) -> 0 | C11: =C$9 * (0 -C$8) -> 0 | E11: =E$9 * (0.0189901404082775 -E$8) -> 0.01899014 | F11: =F$9 * (6.97602319717407 -F$8) -> 6.9760232 | G11: =G$9 * (9.87746524810791 -G$8) -> 9.8774652
A12: =A$9 * (0.250237703323364 -A$8) -> 0.2502377 | B12: =B$9 * (0.250237703323364 -B$8) -> 0.2502377 | C12: =C$9 * (0.250237703323364 -C$8) -> 0.2502377 | E12: =E$9 * (0.0132571095600724 -E$8) -> 0.01325711 | F12: =F$9 * (6.13306379318237 -F$8) -> 6.1330638 | G12: =G$9 * (10.4192600250244 -G$8) -> 10.41926
A13: =A$9 * (0.500134468078613 -A$8) -> 0.50013447 | B13: =B$9 * (0.500134468078613 -B$8) -> 0.50013447 | C13: =C$9 * (0.500134468078613 -C$8) -> 0.50013447 | E13: =E$9 * (0.00954968109726905 -E$8) -> 0.0095496811 | F13: =F$9 * (4.36546611785888 -F$8) -> 4.3654661 | G13: =G$9 * (8.80455207824707 -G$8) -> 8.8045521
A14: =A$9 * (0.750216662883758 -A$8) -> 0.75021666 | B14: =B$9 * (0.750216662883758 -B$8) -> 0.75021666 | C14: =C$9 * (0.750216662883758 -C$8) -> 0.75021666 | E14: =E$9 * (0.0131569001823663 -E$8) -> 0.0131569 | F14: =F$9 * (5.03891992568969 -F$8) -> 5.0389199 | G14: =G$9 * (8.42787075042724 -G$8) -> 8.4278708
A15: =A$9 * (1.00029695034027 -A$8) -> 1.000297 | B15: =B$9 * (1.00029695034027 -B$8) -> 1.000297 | C15: =C$9 * (1.00029695034027 -C$8) -> 1.000297 | E15: =E$9 * (0.00936556793749332 -E$8) -> 0.0093655679 | F15: =F$9 * (4.04002714157104 -F$8) -> 4.0400271 | G15: =G$9 * (8.20789813995361 -G$8) -> 8.2078981
A16: =A$9 * (1.25007057189941 -A$8) -> 1.2500706 | B16: =B$9 * (1.25007057189941 -B$8) -> 1.2500706 | C16: =C$9 * (1.25007057189941 -C$8) -> 1.2500706 | E16: =E$9 * (0.00831956975162029 -E$8) -> 0.0083195698 | F16: =F$9 * (3.14157104492187 -F$8) -> 3.141571 | G16: =G$9 * (6.77331686019897 -G$8) -> 6.7733169
A17: =A$9 * (1.50002884864807 -A$8) -> 1.5000288 | B17: =B$9 * (1.50002884864807 -B$8) -> 1.5000288 | C17: =C$9 * (1.50002884864807 -C$8) -> 1.5000288 | E17: =E$9 * (0.00925261620432138 -E$8) -> 0.0092526162 | F17: =F$9 * (4.24377298355102 -F$8) -> 4.243773 | G17: =G$9 * (8.72288799285888 -G$8) -> 8.722888
A18: =A$9 * (1.75000774860382 -A$8) -> 1.7500077 | B18: =B$9 * (1.75000774860382 -B$8) -> 1.7500077 | C18: =C$9 * (1.75000774860382 -C$8) -> 1.7500077 | E18: =E$9 * (0.00869770627468824 -E$8) -> 0.0086977063 | F18: =F$9 * (3.68141603469848 -F$8) -> 3.681416 | G18: =G$9 * (7.79507112503051 -G$8) -> 7.7950711
A19: =A$9 * (2.00033164024353 -A$8) -> 2.0003316 | B19: =B$9 * (2.00033164024353 -B$8) -> 2.0003316 | C19: =C$9 * (2.00033164024353 -C$8) -> 2.0003316 | E19: =E$9 * (0.0115617401897907 -E$8) -> 0.01156174 | F19: =F$9 * (3.94794201850891 -F$8) -> 3.947942 | G19: =G$9 * (6.99443387985229 -G$8) -> 6.9944339
A20: =A$9 * (2.25025415420532 -A$8) -> 2.2502542 | B20: =B$9 * (2.25025415420532 -B$8) -> 2.2502542 | C20: =C$9 * (2.25025415420532 -C$8) -> 2.2502542 | E20: =E$9 * (0.00820710603147745 -E$8) -> 0.008207106 | F20: =F$9 * (3.78051590919494 -F$8) -> 3.7805159 | G20: =G$9 * (8.35314655303955 -G$8) -> 8.3531466
A21: =A$9 * (2.50017666816711 -A$8) -> 2.5001767 | B21: =B$9 * (2.50017666816711 -B$8) -> 2.5001767 | C21: =C$9 * (2.50017666816711 -C$8) -> 2.5001767 | E21: =E$9 * (0.00849279016256332 -E$8) -> 0.0084927902 | F21: =F$9 * (3.24290704727172 -F$8) -> 3.242907 | G21: =G$9 * (6.91018676757812 -G$8) -> 6.9101868
A22: =A$9 * (2.7500991821289 -A$8) -> 2.7500992 | B22: =B$9 * (2.7500991821289 -B$8) -> 2.7500992 | C22: =C$9 * (2.7500991821289 -C$8) -> 2.7500992 | E22: =E$9 * (0.0104625895619392 -E$8) -> 0.01046259 | F22: =F$9 * (4.54508781433105 -F$8) -> 4.5450878 | G22: =G$9 * (8.67212104797363 -G$8) -> 8.672121
A23: =A$9 * (3.00002217292785 -A$8) -> 3.0000222 | B23: =B$9 * (3.00002217292785 -B$8) -> 3.0000222 | C23: =C$9 * (3.00002217292785 -C$8) -> 3.0000222 | E23: =E$9 * (0.00839243736118078 -E$8) -> 0.0083924374 | F23: =F$9 * (3.62110209465026 -F$8) -> 3.6211021 | G23: =G$9 * (7.86094522476196 -G$8) -> 7.8609452
A24: =A$9 * (3.2503445148468 -A$8) -> 3.2503445 | B24: =B$9 * (3.2503445148468 -B$8) -> 3.2503445 | C24: =C$9 * (3.2503445148468 -C$8) -> 3.2503445 | E24: =E$9 * (0.011512080207467 -E$8) -> 0.01151208 | F24: =F$9 * (3.50437188148498 -F$8) -> 3.5043719 | G24: =G$9 * (6.19303321838378 -G$8) -> 6.1930332
A25: =A$9 * (3.50026941299438 -A$8) -> 3.5002694 | B25: =B$9 * (3.50026941299438 -B$8) -> 3.5002694 | C25: =C$9 * (3.50026941299438 -C$8) -> 3.5002694 | E25: =E$9 * (0.0084743658080697 -E$8) -> 0.0084743658 | F25: =F$9 * (3.88349795341491 -F$8) -> 3.883498 | G25: =G$9 * (8.45409107208252 -G$8) -> 8.4540911
A26: =A$9 * (3.75019168853759 -A$8) -> 3.7501917 | B26: =B$9 * (3.75019168853759 -B$8) -> 3.7501917 | C26: =C$9 * (3.75019168853759 -C$8) -> 3.7501917 | E26: =E$9 * (0.00751087395474314 -E$8) -> 0.007510874 | F26: =F$9 * (2.90160489082336 -F$8) -> 2.9016049 | G26: =G$9 * (6.72075605392456 -G$8) -> 6.7207561
A27: =A$9 * (4.00011396408081 -A$8) -> 4.000114 | B27: =B$9 * (4.00011396408081 -B$8) -> 4.000114 | C27: =C$9 * (4.00011396408081 -C$8) -> 4.000114 | E27: =E$9 * (0.0117009095847606 -E$8) -> 0.01170091 | F27: =F$9 * (5.22205686569213 -F$8) -> 5.2220569 | G27: =G$9 * (9.44923400878906 -G$8) -> 9.449234
A28: =A$9 * (4.25003623962402 -A$8) -> 4.2500362 | B28: =B$9 * (4.25003623962402 -B$8) -> 4.2500362 | C28: =C$9 * (4.25003623962402 -C$8) -> 4.2500362 | E28: =E$9 * (0.00826132483780384 -E$8) -> 0.0082613248 | F28: =F$9 * (3.66607999801635 -F$8) -> 3.66608 | G28: =G$9 * (8.09494113922119 -G$8) -> 8.0949411
A29: =A$9 * (4.50035810470581 -A$8) -> 4.5003581 | B29: =B$9 * (4.50035810470581 -B$8) -> 4.5003581 | C29: =C$9 * (4.50035810470581 -C$8) -> 4.5003581 | E29: =E$9 * (0.00948974024504423 -E$8) -> 0.0094897402 | F29: =F$9 * (2.19545102119445 -F$8) -> 2.195451 | G29: =G$9 * (4.28318309783935 -G$8) -> 4.2831831
A30: =A$9 * (4.7503056526184 -A$8) -> 4.7503057 | B30: =B$9 * (4.7503056526184 -B$8) -> 4.7503057 | C30: =C$9 * (4.7503056526184 -C$8) -> 4.7503057 | E30: =E$9 * (0.00719790207222104 -E$8) -> 0.0071979021 | F30: =F$9 * (3.68671798706054 -F$8) -> 3.686718 | G30: =G$9 * (9.03808116912841 -G$8) -> 9.0380812
A31: =A$9 * (5.00006103515625 -A$8) -> 5.000061 | B31: =B$9 * (5.00006103515625 -B$8) -> 5.000061 | C31: =C$9 * (5.00006103515625 -C$8) -> 5.000061 | E31: =E$9 * (0.00537472777068615 -E$8) -> 0.0053747278 | F31: =F$9 * (1.76637995243072 -F$8) -> 1.76638 | G31: =G$9 * (5.10724401473999 -G$8) -> 5.107244
A32: =A$9 * (5.2504858970642 -A$8) -> 5.2504859 | B32: =B$9 * (5.2504858970642 -B$8) -> 5.2504859 | C32: =C$9 * (5.2504858970642 -C$8) -> 5.2504859 | E32: =E$9 * (-0.00242825597524642 -E$8) -> -0.002428256 | F32: =F$9 * (-2.11496305465698 -F$8) -> -2.1149631 | G32: =G$9 * (0.512343406677246 -G$8) -> 0.51234341
A33: =A$9 * (5.50045824050903 -A$8) -> 5.5004582 | B33: =B$9 * (5.50045824050903 -B$8) -> 5.5004582 | C33: =C$9 * (5.50045824050903 -C$8) -> 5.5004582 | E33: =E$9 * (0.00206511793658137 -E$8) -> 0.0020651179 | F33: =F$9 * (-0.362122386693954 -F$8) -> -0.36212239 | G33: =G$9 * (2.05952191352844 -G$8) -> 2.0595219
A34: =A$9 * (5.75071668624877 -A$8) -> 5.7507167 | B34: =B$9 * (5.75071668624877 -B$8) -> 5.7507167 | C34: =C$9 * (5.75071668624877 -C$8) -> 5.7507167 | E34: =E$9 * (0.0022369660437107 -E$8) -> 0.002236966 | F34: =F$9 * (-2.56807303428649 -F$8) -> -2.568073 | G34: =G$9 * (1.2446060180664 -G$8) -> 1.244606
A35: =A$9 * (6.00056409835815 -A$8) -> 6.0005641 | B35: =B$9 * (6.00056409835815 -B$8) -> 6.0005641 | C35: =C$9 * (6.00056409835815 -C$8) -> 6.0005641 | E35: =E$9 * (0.00327861402183771 -E$8) -> 0.003278614 | F35: =F$9 * (-0.0803271904587745 -F$8) -> -0.08032719 | G35: =G$9 * (7.30388879776001 -G$8) -> 7.3038888
A36: =A$9 * (6.25060272216796 -A$8) -> 6.2506027 | B36: =B$9 * (6.25060272216796 -B$8) -> 6.2506027 | C36: =C$9 * (6.25060272216796 -C$8) -> 6.2506027 | E36: =E$9 * (0.0254045501351356 -E$8) -> 0.02540455 | F36: =F$9 * (2.69052910804748 -F$8) -> 2.6905291 | G36: =G$9 * (3.07029700279235 -G$8) -> 3.070297
A37: =A$9 * (6.50015258789062 -A$8) -> 6.5001526 | B37: =B$9 * (6.50015258789062 -B$8) -> 6.5001526 | C37: =C$9 * (6.50015258789062 -C$8) -> 6.5001526 | E37: =E$9 * (0.0104373395442962 -E$8) -> 0.01043734 | F37: =F$9 * (5.5378189086914 -F$8) -> 5.5378189 | G37: =G$9 * (10.9554300308227 -G$8) -> 10.95543
A38: =A$9 * (6.75020265579223 -A$8) -> 6.7502027 | B38: =B$9 * (6.75020265579223 -B$8) -> 6.7502027 | C38: =C$9 * (6.75020265579223 -C$8) -> 6.7502027 | E38: =E$9 * (0.0191051494330167 -E$8) -> 0.019105149 | F38: =F$9 * (7.10554504394531 -F$8) -> 7.105545 | G38: =G$9 * (10.1106395721435 -G$8) -> 10.11064
A39: =A$9 * (7.00038909912109 -A$8) -> 7.0003891 | B39: =B$9 * (7.00038909912109 -B$8) -> 7.0003891 | C39: =C$9 * (7.00038909912109 -C$8) -> 7.0003891 | E39: =E$9 * (0.00704096816480159 -E$8) -> 0.0070409682 | F39: =F$9 * (3.70105290412902 -F$8) -> 3.7010529 | G39: =G$9 * (9.2607946395874 -G$8) -> 9.2607946
A40: =A$9 * (7.25005578994751 -A$8) -> 7.2500558 | B40: =B$9 * (7.25005578994751 -B$8) -> 7.2500558 | C40: =C$9 * (7.25005578994751 -C$8) -> 7.2500558 | E40: =E$9 * (0.00424628378823399 -E$8) -> 0.0042462838 | F40: =F$9 * (1.36589300632476 -F$8) -> 1.365893 | G40: =G$9 * (4.74028778076171 -G$8) -> 4.7402878
A41: =A$9 * (7.50039148330688 -A$8) -> 7.5003915 | B41: =B$9 * (7.50039148330688 -B$8) -> 7.5003915 | C41: =C$9 * (7.50039148330688 -C$8) -> 7.5003915 | E41: =E$9 * (0.0133553799241781 -E$8) -> 0.01335538 | F41: =F$9 * (6.80684900283813 -F$8) -> 6.806849 | G41: =G$9 * (11.7178697586059 -G$8) -> 11.71787
A42: =A$9 * (7.75024700164794 -A$8) -> 7.750247 | B42: =B$9 * (7.75024700164794 -B$8) -> 7.750247 | C42: =C$9 * (7.75024700164794 -C$8) -> 7.750247 | E42: =E$9 * (0.00732302479445934 -E$8) -> 0.0073230248 | F42: =F$9 * (3.29888606071472 -F$8) -> 3.2988861 | G42: =G$9 * (7.90923690795898 -G$8) -> 7.9092369
A43: =A$9 * (8.00025272369384 -A$8) -> 8.0002527 | B43: =B$9 * (8.00025272369384 -B$8) -> 8.0002527 | C43: =C$9 * (8.00025272369384 -C$8) -> 8.0002527 | E43: =E$9 * (-0.000287909409962594 -E$8) -> -0.00028790941 | F43: =F$9 * (-0.484813392162323 -F$8) -> -0.48481339 | G43: =G$9 * (0.810561716556549 -G$8) -> 0.81056172
A44: =A$9 * (8.25008296966552 -A$8) -> 8.250083 | B44: =B$9 * (8.25008296966552 -B$8) -> 8.250083 | C44: =C$9 * (8.25008296966552 -C$8) -> 8.250083 | E44: =E$9 * (-0.00483032083138823 -E$8) -> -0.0048303208 | F44: =F$9 * (-0.574285626411438 -F$8) -> -0.57428563 | G44: =G$9 * (-2.96237397193908 -G$8) -> -2.962374
A45: =A$9 * (8.50056648254394 -A$8) -> 8.5005665 | B45: =B$9 * (8.50056648254394 -B$8) -> 8.5005665 | C45: =C$9 * (8.50056648254394 -C$8) -> 8.5005665 | E45: =E$9 * (-0.00158715900033712 -E$8) -> -0.001587159 | F45: =F$9 * (-1.07711398601532 -F$8) -> -1.077114 | G45: =G$9 * (-0.583329916000366 -G$8) -> -0.58332992
A46: =A$9 * (8.75008010864257 -A$8) -> 8.7500801 | B46: =B$9 * (8.75008010864257 -B$8) -> 8.7500801 | C46: =C$9 * (8.75008010864257 -C$8) -> 8.7500801 | E46: =E$9 * (0.113277897238731 -E$8) -> 0.1132779 | F46: =F$9 * (22.426830291748 -F$8) -> 22.42683 | G46: =G$9 * (23.9620208740234 -G$8) -> 23.962021
A47: =A$9 * (9.00037479400634 -A$8) -> 9.0003748 | B47: =B$9 * (9.00037479400634 -B$8) -> 9.0003748 | C47: =C$9 * (9.00037479400634 -C$8) -> 9.0003748 | E47: =E$9 * (0.0244416203349828 -E$8) -> 0.02444162 | F47: =F$9 * (3.61676907539367 -F$8) -> 3.6167691 | G47: =G$9 * (4.3120059967041 -G$8) -> 4.312006
A48: =A$9 * (9.25013637542724 -A$8) -> 9.2501364 | B48: =B$9 * (9.25013637542724 -B$8) -> 9.2501364 | C48: =C$9 * (9.25013637542724 -C$8) -> 9.2501364 | E48: =E$9 * (0.0118796797469258 -E$8) -> 0.01187968 | F48: =F$9 * (7.36172723770141 -F$8) -> 7.3617272 | G48: =G$9 * (14.1406698226928 -G$8) -> 14.14067
A49: =A$9 * (9.50034427642822 -A$8) -> 9.5003443 | B49: =B$9 * (9.50034427642822 -B$8) -> 9.5003443 | C49: =C$9 * (9.50034427642822 -C$8) -> 9.5003443 | E49: =E$9 * (0.00941176805645227 -E$8) -> 0.0094117681 | F49: =F$9 * (3.45369791984558 -F$8) -> 3.4536979 | G49: =G$9 * (6.97680521011352 -G$8) -> 6.9768052
A50: =A$9 * (9.75032520294189 -A$8) -> 9.7503252 | B50: =B$9 * (9.75032520294189 -B$8) -> 9.7503252 | C50: =C$9 * (9.75032520294189 -C$8) -> 9.7503252 | E50: =E$9 * (0.00873095542192459 -E$8) -> 0.0087309554 | F50: =F$9 * (4.21401214599609 -F$8) -> 4.2140121 | G50: =G$9 * (9.14456462860107 -G$8) -> 9.1445646
A51: =A$9 * (10.000319480896 -A$8) -> 10.000319 | B51: =B$9 * (10.000319480896 -B$8) -> 10.000319 | C51: =C$9 * (10.000319480896 -C$8) -> 10.000319 | E51: =E$9 * (0.00570375612005591 -E$8) -> 0.0057037561 | F51: =F$9 * (2.91199088096618 -F$8) -> 2.9119909 | G51: =G$9 * (8.38231945037841 -G$8) -> 8.3823195
A52: =A$9 * (10.2502002716064 -A$8) -> 10.2502 | B52: =B$9 * (10.2502002716064 -B$8) -> 10.2502 | C52: =C$9 * (10.2502002716064 -C$8) -> 10.2502 | E52: =E$9 * (0.00147187104448676 -E$8) -> 0.001471871 | F52: =F$9 * (0.286592811346054 -F$8) -> 0.28659281 | G52: =G$9 * (2.35572504997253 -G$8) -> 2.355725
A53: =A$9 * (10.500033378601 -A$8) -> 10.500033 | B53: =B$9 * (10.500033378601 -B$8) -> 10.500033 | C53: =C$9 * (10.500033378601 -C$8) -> 10.500033 | E53: =E$9 * (-0.00187913898844271 -E$8) -> -0.001879139 | F53: =F$9 * (-1.93187201023101 -F$8) -> -1.931872 | G53: =G$9 * (0.696068584918975 -G$8) -> 0.69606858
A54: =A$9 * (10.7501249313354 -A$8) -> 10.750125 | B54: =B$9 * (10.7501249313354 -B$8) -> 10.750125 | C54: =C$9 * (10.7501249313354 -C$8) -> 10.750125 | E54: =E$9 * (0.00776952877640724 -E$8) -> 0.0077695288 | F54: =F$9 * (-0.705271780490875 -F$8) -> -0.70527178 | G54: =G$9 * (1.83864402770996 -G$8) -> 1.838644
A55: =A$9 * (11.0005111694335 -A$8) -> 11.000511 | B55: =B$9 * (11.0005111694335 -B$8) -> 11.000511 | C55: =C$9 * (11.0005111694335 -C$8) -> 11.000511 | E55: =E$9 * (0.0023185599129647 -E$8) -> 0.0023185599 | F55: =F$9 * (-0.0518299303948879 -F$8) -> -0.05182993 | G55: =G$9 * (7.3838768005371 -G$8) -> 7.3838768
A56: =A$9 * (11.2504749298095 -A$8) -> 11.250475 | B56: =B$9 * (11.2504749298095 -B$8) -> 11.250475 | C56: =C$9 * (11.2504749298095 -C$8) -> 11.250475 | E56: =E$9 * (-0.00189168797805905 -E$8) -> -0.001891688 | F56: =F$9 * (-0.638105273246765 -F$8) -> -0.63810527 | G56: =G$9 * (-0.674281597137451 -G$8) -> -0.6742816
A57: =A$9 * (11.5001440048217 -A$8) -> 11.500144 | B57: =B$9 * (11.5001440048217 -B$8) -> 11.500144 | C57: =C$9 * (11.5001440048217 -C$8) -> 11.500144 | E57: =E$9 * (0.000410811800975352 -E$8) -> 0.0004108118 | F57: =F$9 * (-0.332208812236785 -F$8) -> -0.33220881 | G57: =G$9 * (0.821928322315216 -G$8) -> 0.82192832
A58: =A$9 * (11.7502746582031 -A$8) -> 11.750275 | B58: =B$9 * (11.7502746582031 -B$8) -> 11.750275 | C58: =C$9 * (11.7502746582031 -C$8) -> 11.750275 | E58: =E$9 * (-0.000635391508694738 -E$8) -> -0.00063539151 | F58: =F$9 * (-0.193189293146133 -F$8) -> -0.19318929 | G58: =G$9 * (-0.18775899708271 -G$8) -> -0.187759
A59: =A$9 * (12.0000305175781 -A$8) -> 12.000031 | B59: =B$9 * (12.0000305175781 -B$8) -> 12.000031 | C59: =C$9 * (12.0000305175781 -C$8) -> 12.000031 | E59: =E$9 * (0.00901088211685419 -E$8) -> 0.0090108821 | F59: =F$9 * (0.280169695615768 -F$8) -> 0.2801697 | G59: =G$9 * (0.517882585525512 -G$8) -> 0.51788259
A60: =A$9 * (12.2506418228149 -A$8) -> 12.250642 | B60: =B$9 * (12.2506418228149 -B$8) -> 12.250642 | C60: =C$9 * (12.2506418228149 -C$8) -> 12.250642 | E60: =E$9 * (0.00353793706744909 -E$8) -> 0.0035379371 | F60: =F$9 * (0.0126754101365804 -F$8) -> 0.01267541 | G60: =G$9 * (7.95589780807495 -G$8) -> 7.9558978
A61: =A$9 * (12.5005025863647 -A$8) -> 12.500503 | B61: =B$9 * (12.5005025863647 -B$8) -> 12.500503 | C61: =C$9 * (12.5005025863647 -C$8) -> 12.500503 | E61: =E$9 * (0.0170581098645925 -E$8) -> 0.01705811 | F61: =F$9 * (9.49567699432373 -F$8) -> 9.495677 | G61: =G$9 * (15.8199596405029 -G$8) -> 15.81996
A62: =A$9 * (12.750319480896 -A$8) -> 12.750319 | B62: =B$9 * (12.750319480896 -B$8) -> 12.750319 | C62: =C$9 * (12.750319480896 -C$8) -> 12.750319 | E62: =E$9 * (0.0068800039589405 -E$8) -> 0.006880004 | F62: =F$9 * (3.59058499336242 -F$8) -> 3.590585 | G62: =G$9 * (9.14894580841064 -G$8) -> 9.1489458
A63: =A$9 * (13.0003471374511 -A$8) -> 13.000347 | B63: =B$9 * (13.0003471374511 -B$8) -> 13.000347 | C63: =C$9 * (13.0003471374511 -C$8) -> 13.000347 | E63: =E$9 * (0.00999962911009788 -E$8) -> 0.0099996291 | F63: =F$9 * (4.47964715957641 -F$8) -> 4.4796472 | G63: =G$9 * (8.93027019500732 -G$8) -> 8.9302702
A64: =A$9 * (13.2501249313354 -A$8) -> 13.250125 | B64: =B$9 * (13.2501249313354 -B$8) -> 13.250125 | C64: =C$9 * (13.2501249313354 -C$8) -> 13.250125 | E64: =E$9 * (0.00624189618974924 -E$8) -> 0.0062418962 | F64: =F$9 * (3.05367493629455 -F$8) -> 3.0536749 | G64: =G$9 * (8.24609661102294 -G$8) -> 8.2460966
A65: =A$9 * (13.5002336502075 -A$8) -> 13.500234 | B65: =B$9 * (13.5002336502075 -B$8) -> 13.500234 | C65: =C$9 * (13.5002336502075 -C$8) -> 13.500234 | E65: =E$9 * (0.00270223803818225 -E$8) -> 0.002702238 | F65: =F$9 * (0.628192007541656 -F$8) -> 0.62819201 | G65: =G$9 * (3.12716197967529 -G$8) -> 3.127162
A66: =A$9 * (13.7500553131103 -A$8) -> 13.750055 | B66: =B$9 * (13.7500553131103 -B$8) -> 13.750055 | C66: =C$9 * (13.7500553131103 -C$8) -> 13.750055 | E66: =E$9 * (0.00469467788934707 -E$8) -> 0.0046946779 | F66: =F$9 * (0.633096396923065 -F$8) -> 0.6330964 | G66: =G$9 * (1.97780895233154 -G$8) -> 1.977809
A67: =A$9 * (14.0003833770752 -A$8) -> 14.000383 | B67: =B$9 * (14.0003833770752 -B$8) -> 14.000383 | C67: =C$9 * (14.0003833770752 -C$8) -> 14.000383 | E67: =E$9 * (0.00228123995475471 -E$8) -> 0.00228124 | F67: =F$9 * (1.77606499195098 -F$8) -> 1.776065 | G67: =G$9 * (10.9381103515625 -G$8) -> 10.93811
A68: =A$9 * (14.2503004074096 -A$8) -> 14.2503 | B68: =B$9 * (14.2503004074096 -B$8) -> 14.2503 | C68: =C$9 * (14.2503004074096 -C$8) -> 14.2503 | E68: =E$9 * (0.00035532540641725 -E$8) -> 0.00035532541 | F68: =F$9 * (-1.14971005916595 -F$8) -> -1.1497101 | G68: =G$9 * (1.99179995059967 -G$8) -> 1.9918
A69: =A$9 * (14.5004892349243 -A$8) -> 14.500489 | B69: =B$9 * (14.5004892349243 -B$8) -> 14.500489 | C69: =C$9 * (14.5004892349243 -C$8) -> 14.500489 | E69: =E$9 * (-0.000929668312892317 -E$8) -> -0.00092966831 | F69: =F$9 * (-1.28058898448944 -F$8) -> -1.280589 | G69: =G$9 * (0.847035229206085 -G$8) -> 0.84703523
A70: =A$9 * (14.7505807876586 -A$8) -> 14.750581 | B70: =B$9 * (14.7505807876586 -B$8) -> 14.750581 | C70: =C$9 * (14.7505807876586 -C$8) -> 14.750581 | E70: =E$9 * (0.000833252619486302 -E$8) -> 0.00083325262 | F70: =F$9 * (-0.759284675121307 -F$8) -> -0.75928468 | G70: =G$9 * (2.54063010215759 -G$8) -> 2.5406301
A71: =A$9 * (15.0002059936523 -A$8) -> 15.000206 | B71: =B$9 * (15.0002059936523 -B$8) -> 15.000206 | C71: =C$9 * (15.0002059936523 -C$8) -> 15.000206 | E71: =E$9 * (-0.00042713590664789 -E$8) -> -0.00042713591 | F71: =F$9 * (-0.784047305583953 -F$8) -> -0.78404731 | G71: =G$9 * (0.329506993293762 -G$8) -> 0.32950699
A72: =A$9 * (15.2500190734863 -A$8) -> 15.250019 | B72: =B$9 * (15.2500190734863 -B$8) -> 15.250019 | C72: =C$9 * (15.2500190734863 -C$8) -> 15.250019 | E72: =E$9 * (0.0027043130248785 -E$8) -> 0.002704313 | F72: =F$9 * (0.144426107406616 -F$8) -> 0.14442611 | G72: =G$9 * (27.2390403747558 -G$8) -> 27.23904
A73: =A$9 * (15.5004386901855 -A$8) -> 15.500439 | B73: =B$9 * (15.5004386901855 -B$8) -> 15.500439 | C73: =C$9 * (15.5004386901855 -C$8) -> 15.500439 | E73: =E$9 * (0.0401204414665699 -E$8) -> 0.040120441 | F73: =F$9 * (15.480429649353 -F$8) -> 15.48043 | G73: =G$9 * (18.9420890808105 -G$8) -> 18.942089
A74: =A$9 * (15.7500944137573 -A$8) -> 15.750094 | B74: =B$9 * (15.7500944137573 -B$8) -> 15.750094 | C74: =C$9 * (15.7500944137573 -C$8) -> 15.750094 | E74: =E$9 * (0.00963817071169614 -E$8) -> 0.0096381707 | F74: =F$9 * (5.81568622589111 -F$8) -> 5.8156862 | G74: =G$9 * (12.2244100570678 -G$8) -> 12.22441
A75: =A$9 * (16.0000190734863 -A$8) -> 16.000019 | B75: =B$9 * (16.0000190734863 -B$8) -> 16.000019 | C75: =C$9 * (16.0000190734863 -C$8) -> 16.000019 | E75: =E$9 * (0.014255310408771 -E$8) -> 0.01425531 | F75: =F$9 * (4.26087379455566 -F$8) -> 4.2608738 | G75: =G$9 * (6.7981572151184 -G$8) -> 6.7981572
A76: =A$9 * (16.2500972747802 -A$8) -> 16.250097 | B76: =B$9 * (16.2500972747802 -B$8) -> 16.250097 | C76: =C$9 * (16.2500972747802 -C$8) -> 16.250097 | E76: =E$9 * (0.00709551805630326 -E$8) -> 0.0070955181 | F76: =F$9 * (3.48452591896057 -F$8) -> 3.4845259 | G76: =G$9 * (8.65031623840332 -G$8) -> 8.6503162
A77: =A$9 * (16.5001335144043 -A$8) -> 16.500134 | B77: =B$9 * (16.5001335144043 -B$8) -> 16.500134 | C77: =C$9 * (16.5001335144043 -C$8) -> 16.500134 | E77: =E$9 * (0.00412219483405351 -E$8) -> 0.0041221948 | F77: =F$9 * (1.54637205600738 -F$8) -> 1.5463721 | G77: =G$9 * (5.53260421752929 -G$8) -> 5.5326042
A78: =A$9 * (16.7502079010009 -A$8) -> 16.750208 | B78: =B$9 * (16.7502079010009 -B$8) -> 16.750208 | C78: =C$9 * (16.7502079010009 -C$8) -> 16.750208 | E78: =E$9 * (-0.00248006102629005 -E$8) -> -0.002480061 | F78: =F$9 * (-0.533696174621582 -F$8) -> -0.53369617 | G78: =G$9 * (1.35956394672393 -G$8) -> 1.3595639
A79: =A$9 * (17.0002880096435 -A$8) -> 17.000288 | B79: =B$9 * (17.0002880096435 -B$8) -> 17.000288 | C79: =C$9 * (17.0002880096435 -C$8) -> 17.000288 | E79: =E$9 * (-0.00336190592497587 -E$8) -> -0.0033619059 | F79: =F$9 * (-0.507326126098632 -F$8) -> -0.50732613 | G79: =G$9 * (-1.93887197971344 -G$8) -> -1.938872
A80: =A$9 * (17.2501525878906 -A$8) -> 17.250153 | B80: =B$9 * (17.2501525878906 -B$8) -> 17.250153 | C80: =C$9 * (17.2501525878906 -C$8) -> 17.250153 | E80: =E$9 * (0.0747817680239677 -E$8) -> 0.074781768 | F80: =F$9 * (3.28612208366394 -F$8) -> 3.2861221 | G80: =G$9 * (3.44827008247375 -G$8) -> 3.4482701
A81: =A$9 * (17.5003662109375 -A$8) -> 17.500366 | B81: =B$9 * (17.5003662109375 -B$8) -> 17.500366 | C81: =C$9 * (17.5003662109375 -C$8) -> 17.500366 | E81: =E$9 * (0.00857678521424531 -E$8) -> 0.0085767852 | F81: =F$9 * (2.25915503501892 -F$8) -> 2.259155 | G81: =G$9 * (4.75150680541992 -G$8) -> 4.7515068
A82: =A$9 * (17.7500247955322 -A$8) -> 17.750025 | B82: =B$9 * (17.7500247955322 -B$8) -> 17.750025 | C82: =C$9 * (17.7500247955322 -C$8) -> 17.750025 | E82: =E$9 * (-0.000284715788438916 -E$8) -> -0.00028471579 | F82: =F$9 * (-0.771025300025939 -F$8) -> -0.7710253 | G82: =G$9 * (1.358078956604 -G$8) -> 1.358079
A83: =A$9 * (18.000467300415 -A$8) -> 18.000467 | B83: =B$9 * (18.000467300415 -B$8) -> 18.000467 | C83: =C$9 * (18.000467300415 -C$8) -> 18.000467 | E83: =E$9 * (-0.00106563197914511 -E$8) -> -0.001065632 | F83: =F$9 * (-1.02801394462585 -F$8) -> -1.0280139 | G83: =G$9 * (-0.254233509302139 -G$8) -> -0.25423351
A84: =A$9 * (18.2505912780761 -A$8) -> 18.250591 | B84: =B$9 * (18.2505912780761 -B$8) -> 18.250591 | C84: =C$9 * (18.2505912780761 -C$8) -> 18.250591 | E84: =E$9 * (-0.0000788456018199212 -E$8) -> -7.8845602e-05 | F84: =F$9 * (-0.560851395130157 -F$8) -> -0.5608514 | G84: =G$9 * (0.406901895999908 -G$8) -> 0.4069019
A85: =A$9 * (18.5000629425048 -A$8) -> 18.500063 | B85: =B$9 * (18.5000629425048 -B$8) -> 18.500063 | C85: =C$9 * (18.5000629425048 -C$8) -> 18.500063 | E85: =E$9 * (0.165263503789901 -E$8) -> 0.1652635 | F85: =F$9 * (8.48819160461425 -F$8) -> 8.4881916 | G85: =G$9 * (8.74162483215332 -G$8) -> 8.7416248
A86: =A$9 * (18.7500972747802 -A$8) -> 18.750097 | B86: =B$9 * (18.7500972747802 -B$8) -> 18.750097 | C86: =C$9 * (18.7500972747802 -C$8) -> 18.750097 | E86: =E$9 * (0.0428698994219303 -E$8) -> 0.042869899 | F86: =F$9 * (6.65730381011962 -F$8) -> 6.6573038 | G86: =G$9 * (7.08848619461059 -G$8) -> 7.0884862
A87: =A$9 * (19.0000972747802 -A$8) -> 19.000097 | B87: =B$9 * (19.0000972747802 -B$8) -> 19.000097 | C87: =C$9 * (19.0000972747802 -C$8) -> 19.000097 | E87: =E$9 * (0.0130777200683951 -E$8) -> 0.01307772 | F87: =F$9 * (7.70834016799926 -F$8) -> 7.7083402 | G87: =G$9 * (13.942099571228 -G$8) -> 13.9421
A88: =A$9 * (19.2501144409179 -A$8) -> 19.250114 | B88: =B$9 * (19.2501144409179 -B$8) -> 19.250114 | C88: =C$9 * (19.2501144409179 -C$8) -> 19.250114 | E88: =E$9 * (0.00960553996264934 -E$8) -> 0.00960554 | F88: =F$9 * (3.37281799316406 -F$8) -> 3.372818 | G88: =G$9 * (6.74241781234741 -G$8) -> 6.7424178
A89: =A$9 * (19.5001277923584 -A$8) -> 19.500128 | B89: =B$9 * (19.5001277923584 -B$8) -> 19.500128 | C89: =C$9 * (19.5001277923584 -C$8) -> 19.500128 | E89: =E$9 * (0.00847840216010808 -E$8) -> 0.0084784022 | F89: =F$9 * (3.90983510017395 -F$8) -> 3.9098351 | G89: =G$9 * (8.62456607818603 -G$8) -> 8.6245661
A90: =A$9 * (19.7502994537353 -A$8) -> 19.750299 | B90: =B$9 * (19.7502994537353 -B$8) -> 19.750299 | C90: =C$9 * (19.7502994537353 -C$8) -> 19.750299 | E90: =E$9 * (0.00591352023184299 -E$8) -> 0.0059135202 | F90: =F$9 * (2.88125300407409 -F$8) -> 2.881253 | G90: =G$9 * (8.06549644470214 -G$8) -> 8.0654964
A91: =A$9 * (20.0000495910644 -A$8) -> 20.00005 | B91: =B$9 * (20.0000495910644 -B$8) -> 20.00005 | C91: =C$9 * (20.0000495910644 -C$8) -> 20.00005 | E91: =E$9 * (0.00176434102468192 -E$8) -> 0.001764341 | F91: =F$9 * (0.343750804662704 -F$8) -> 0.3437508 | G91: =G$9 * (2.41727805137634 -G$8) -> 2.4172781
A92: =A$9 * (20.250165939331 -A$8) -> 20.250166 | B92: =B$9 * (20.250165939331 -B$8) -> 20.250166 | C92: =C$9 * (20.250165939331 -C$8) -> 20.250166 | E92: =E$9 * (0.000719149596989154 -E$8) -> 0.0007191496 | F92: =F$9 * (-0.324681401252746 -F$8) -> -0.3246814 | G92: =G$9 * (0.604373276233673 -G$8) -> 0.60437328
A93: =A$9 * (20.5003032684326 -A$8) -> 20.500303 | B93: =B$9 * (20.5003032684326 -B$8) -> 20.500303 | C93: =C$9 * (20.5003032684326 -C$8) -> 20.500303 | E93: =E$9 * (0.0641085132956504 -E$8) -> 0.064108513 | F93: =F$9 * (3.62002396583557 -F$8) -> 3.620024 | G93: =G$9 * (3.79082703590393 -G$8) -> 3.790827
A94: =A$9 * (20.750108718872 -A$8) -> 20.750109 | B94: =B$9 * (20.750108718872 -B$8) -> 20.750109 | C94: =C$9 * (20.750108718872 -C$8) -> 20.750109 | E94: =E$9 * (0.00321645406074821 -E$8) -> 0.0032164541 | F94: =F$9 * (-0.307259202003479 -F$8) -> -0.3072592 | G94: =G$9 * (5.60597419738769 -G$8) -> 5.6059742
A95: =A$9 * (21.0001277923584 -A$8) -> 21.000128 | B95: =B$9 * (21.0001277923584 -B$8) -> 21.000128 | C95: =C$9 * (21.0001277923584 -C$8) -> 21.000128 | E95: =E$9 * (-0.00172745005693286 -E$8) -> -0.0017274501 | F95: =F$9 * (-1.83051598072052 -F$8) -> -1.830516 | G95: =G$9 * (2.48757195472717 -G$8) -> 2.487572
A96: =A$9 * (21.2502422332763 -A$8) -> 21.250242 | B96: =B$9 * (21.2502422332763 -B$8) -> 21.250242 | C96: =C$9 * (21.2502422332763 -C$8) -> 21.250242 | E96: =E$9 * (-0.00051569181960076 -E$8) -> -0.00051569182 | F96: =F$9 * (-0.857061207294464 -F$8) -> -0.85706121 | G96: =G$9 * (0.27997550368309 -G$8) -> 0.2799755
A97: =A$9 * (21.5003337860107 -A$8) -> 21.500334 | B97: =B$9 * (21.5003337860107 -B$8) -> 21.500334 | C97: =C$9 * (21.5003337860107 -C$8) -> 21.500334 | E97: =E$9 * (-0.000911444600205868 -E$8) -> -0.0009114446 | F97: =F$9 * (-0.292677700519561 -F$8) -> -0.2926777 | G97: =G$9 * (-0.361928313970565 -G$8) -> -0.36192831
A98: =A$9 * (21.750389099121 -A$8) -> 21.750389 | B98: =B$9 * (21.750389099121 -B$8) -> 21.750389 | C98: =C$9 * (21.750389099121 -C$8) -> 21.750389 | E98: =E$9 * (0.00956899020820856 -E$8) -> 0.0095689902 | F98: =F$9 * (0.299324512481689 -F$8) -> 0.29932451 | G98: =G$9 * (0.380557507276535 -G$8) -> 0.38055751
A99: =A$9 * (22.0002384185791 -A$8) -> 22.000238 | B99: =B$9 * (22.0002384185791 -B$8) -> 22.000238 | C99: =C$9 * (22.0002384185791 -C$8) -> 22.000238 | E99: =E$9 * (0.0035641030408442 -E$8) -> 0.003564103 | F99: =F$9 * (-0.00232803495600819 -F$8) -> -0.002328035 | G99: =G$9 * (7.81195783615112 -G$8) -> 7.8119578
A100: =A$9 * (22.2500324249267 -A$8) -> 22.250032 | B100: =B$9 * (22.2500324249267 -B$8) -> 22.250032 | C100: =C$9 * (22.2500324249267 -C$8) -> 22.250032 | E100: =E$9 * (0.017104709520936 -E$8) -> 0.01710471 | F100: =F$9 * (9.51878929138183 -F$8) -> 9.5187893 | G100: =G$9 * (15.8573198318481 -G$8) -> 15.85732
...

Sheet SIM3
A1: h | B1: h | C1: h | E1: (M3/S) | F1: (M/S) | G1: (M/S)
A2: TIME1 | B2: TIME2 | C2: TIME3 | E2: =Legends!B2 -> Liquid at Outlet | F2: =Legends!B3 -> Liquid Velocity | G2: =Legends!B4 -> Gas Velocity | I2: Report-2031_Oil_4500bopd_Liquid_4773blpd_No_GL_TD_Only_OP2.genkey
A3: =MIN($A$11:$A$299) -> 0 | B3: =MIN($B$11:$B$299) -> 0 | C3: =MIN($C$11:$C$299) -> 0 | D3: Min | E3: =MIN($E$11:$E$299) -> 0 | F3: =MIN($F$11:$F$299) -> 0 | G3: =MIN($G$11:$G$299) -> 0
A4: =MEDIAN($A$11:$A$299) -> 36.0005 | B4: =MEDIAN($B$11:$B$299) -> 36.0005 | C4: =MEDIAN($C$11:$C$299) -> 36.0005 | D4: P50 | E4: =MEDIAN($E$11:$E$299) -> 4.6656648e+08 | F4: =MEDIAN($F$11:$F$299) -> 4.6656648e+08 | G4: =MEDIAN($G$11:$G$299) -> 4.6656648e+08
A5: =MAX($A$11:$A$299) -> 72.000359 | B5: =MAX($B$11:$B$299) -> 72.000359 | C5: =MAX($C$11:$C$299) -> 72.000359 | D5: Max | E5: =MAX($E$11:$E$299) -> 9.3312465e+08 | F5: =MAX($F$11:$F$299) -> 9.3312465e+08 | G5: =MAX($G$11:$G$299) -> 9.3312465e+08
A6: =$A5-$A3 -> 72.000359 | B6: =$B5-$B3 -> 72.000359 | C6: =$C5-$C3 -> 72.000359 | D6: Delta | E6: =$E5-$E3 -> 9.3312465e+08 | F6: =$F5-$F3 -> 9.3312465e+08 | G6: =$G5-$G3 -> 9.3312465e+08
A7: h | B7: h | C7: h | E7: (M3/S) | F7: (M/S) | G7: (M/S)
A8: 0 | B8: 0 | C8: 0 | D8: Offset | E8: 0 | F8: 0 | G8: 0
A9: 1 | B9: 1 | C9: 1 | D9: Scale | E9: 1 | F9: 1 | G9: 1
A10: TIME1 | B10: TIME2 | C10: TIME3 | E10: =Legends!B2 -> Liquid at Outlet | F10: =Legends!B3 -> Liquid Velocity | G10: =Legends!B4 -> Gas Velocity
A11: =A$9 * (0 -A$8) -> 0 | B11: =B$9 * (0 -B$8) -> 0 | C11: =C$9 * (0 -C$8) -> 0 | E11: 0 | F11: 0 | G11: 0
A12: =A$9 * (0.25001123547554 -A$8) -> 0.25001124 | B12: =B$9 * (0.25001123547554 -B$8) -> 0.25001124 | C12: =C$9 * (0.25001123547554 -C$8) -> 0.25001124 | E12: 3240145.6 | F12: 3240145.6 | G12: 3240145.6
A13: =A$9 * (0.500121116638183 -A$8) -> 0.50012112 | B13: =B$9 * (0.500121116638183 -B$8) -> 0.50012112 | C13: =C$9 * (0.500121116638183 -C$8) -> 0.50012112 | E13: 6481569.7 | F13: 6481569.7 | G13: 6481569.7
A14: =A$9 * (0.750061094760894 -A$8) -> 0.75006109 | B14: =B$9 * (0.750061094760894 -B$8) -> 0.75006109 | C14: =C$9 * (0.750061094760894 -C$8) -> 0.75006109 | E14: 9720791.8 | F14: 9720791.8 | G14: 9720791.8
A15: =A$9 * (1.00013864040374 -A$8) -> 1.0001386 | B15: =B$9 * (1.00013864040374 -B$8) -> 1.0001386 | C15: =C$9 * (1.00013864040374 -C$8) -> 1.0001386 | E15: 12961797 | F15: 12961797 | G15: 12961797
A16: =A$9 * (1.25046443939209 -A$8) -> 1.2504644 | B16: =B$9 * (1.25046443939209 -B$8) -> 1.2504644 | C16: =C$9 * (1.25046443939209 -C$8) -> 1.2504644 | E16: 16206019 | F16: 16206019 | G16: 16206019
A17: =A$9 * (1.50049471855163 -A$8) -> 1.5004947 | B17: =B$9 * (1.50049471855163 -B$8) -> 1.5004947 | C17: =C$9 * (1.50049471855163 -C$8) -> 1.5004947 | E17: 19446412 | F17: 19446412 | G17: 19446412
A18: =A$9 * (1.75000417232513 -A$8) -> 1.7500042 | B18: =B$9 * (1.75000417232513 -B$8) -> 1.7500042 | C18: =C$9 * (1.75000417232513 -C$8) -> 1.7500042 | E18: 22680054 | F18: 22680054 | G18: 22680054
A19: =A$9 * (2.00042057037353 -A$8) -> 2.0004206 | B19: =B$9 * (2.00042057037353 -B$8) -> 2.0004206 | C19: =C$9 * (2.00042057037353 -C$8) -> 2.0004206 | E19: 25925451 | F19: 25925451 | G19: 25925451
A20: =A$9 * (2.25022411346435 -A$8) -> 2.2502241 | B20: =B$9 * (2.25022411346435 -B$8) -> 2.2502241 | C20: =C$9 * (2.25022411346435 -C$8) -> 2.2502241 | E20: 29162905 | F20: 29162905 | G20: 29162905
A21: =A$9 * (2.50036907196044 -A$8) -> 2.5003691 | B21: =B$9 * (2.50036907196044 -B$8) -> 2.5003691 | C21: =C$9 * (2.50036907196044 -C$8) -> 2.5003691 | E21: 32404783 | F21: 32404783 | G21: 32404783
A22: =A$9 * (2.75002408027648 -A$8) -> 2.7500241 | B22: =B$9 * (2.75002408027648 -B$8) -> 2.7500241 | C22: =C$9 * (2.75002408027648 -C$8) -> 2.7500241 | E22: 35640312 | F22: 35640312 | G22: 35640312
A23: =A$9 * (3.00020837783813 -A$8) -> 3.0002084 | B23: =B$9 * (3.00020837783813 -B$8) -> 3.0002084 | C23: =C$9 * (3.00020837783813 -C$8) -> 3.0002084 | E23: 38882701 | F23: 38882701 | G23: 38882701
A24: =A$9 * (3.25011396408081 -A$8) -> 3.250114 | B24: =B$9 * (3.25011396408081 -B$8) -> 3.250114 | C24: =C$9 * (3.25011396408081 -C$8) -> 3.250114 | E24: 42121477 | F24: 42121477 | G24: 42121477
A25: =A$9 * (3.50045275688171 -A$8) -> 3.5004528 | B25: =B$9 * (3.50045275688171 -B$8) -> 3.5004528 | C25: =C$9 * (3.50045275688171 -C$8) -> 3.5004528 | E25: 45365868 | F25: 45365868 | G25: 45365868
A26: =A$9 * (3.75038337707519 -A$8) -> 3.7503834 | B26: =B$9 * (3.75038337707519 -B$8) -> 3.7503834 | C26: =C$9 * (3.75038337707519 -C$8) -> 3.7503834 | E26: 48604969 | F26: 48604969 | G26: 48604969
A27: =A$9 * (4.00034427642822 -A$8) -> 4.0003443 | B27: =B$9 * (4.00034427642822 -B$8) -> 4.0003443 | C27: =C$9 * (4.00034427642822 -C$8) -> 4.0003443 | E27: 51844462 | F27: 51844462 | G27: 51844462
A28: =A$9 * (4.25049448013305 -A$8) -> 4.2504945 | B28: =B$9 * (4.25049448013305 -B$8) -> 4.2504945 | C28: =C$9 * (4.25049448013305 -C$8) -> 4.2504945 | E28: 55086408 | F28: 55086408 | G28: 55086408
A29: =A$9 * (4.50046110153198 -A$8) -> 4.5004611 | B29: =B$9 * (4.50046110153198 -B$8) -> 4.5004611 | C29: =C$9 * (4.50046110153198 -C$8) -> 4.5004611 | E29: 58325976 | F29: 58325976 | G29: 58325976
A30: =A$9 * (4.75026369094848 -A$8) -> 4.7502637 | B30: =B$9 * (4.75026369094848 -B$8) -> 4.7502637 | C30: =C$9 * (4.75026369094848 -C$8) -> 4.7502637 | E30: 61563417 | F30: 61563417 | G30: 61563417
A31: =A$9 * (5.00053071975708 -A$8) -> 5.0005307 | B31: =B$9 * (5.00053071975708 -B$8) -> 5.0005307 | C31: =C$9 * (5.00053071975708 -C$8) -> 5.0005307 | E31: 64806878 | F31: 64806878 | G31: 64806878
A32: =A$9 * (5.25008344650268 -A$8) -> 5.2500834 | B32: =B$9 * (5.25008344650268 -B$8) -> 5.2500834 | C32: =C$9 * (5.25008344650268 -C$8) -> 5.2500834 | E32: 68041081 | F32: 68041081 | G32: 68041081
A33: =A$9 * (5.50014162063598 -A$8) -> 5.5001416 | B33: =B$9 * (5.50014162063598 -B$8) -> 5.5001416 | C33: =C$9 * (5.50014162063598 -C$8) -> 5.5001416 | E33: 71281835 | F33: 71281835 | G33: 71281835
A34: =A$9 * (5.75021648406982 -A$8) -> 5.7502165 | B34: =B$9 * (5.75021648406982 -B$8) -> 5.7502165 | C34: =C$9 * (5.75021648406982 -C$8) -> 5.7502165 | E34: 74522806 | F34: 74522806 | G34: 74522806
A35: =A$9 * (6.0005497932434 -A$8) -> 6.0005498 | B35: =B$9 * (6.0005497932434 -B$8) -> 6.0005498 | C35: =C$9 * (6.0005497932434 -C$8) -> 6.0005498 | E35: 77767125 | F35: 77767125 | G35: 77767125
A36: =A$9 * (6.25009155273437 -A$8) -> 6.2500916 | B36: =B$9 * (6.25009155273437 -B$8) -> 6.2500916 | C36: =C$9 * (6.25009155273437 -C$8) -> 6.2500916 | E36: 81001187 | F36: 81001187 | G36: 81001187
A37: =A$9 * (6.50034189224243 -A$8) -> 6.5003419 | B37: =B$9 * (6.50034189224243 -B$8) -> 6.5003419 | C37: =C$9 * (6.50034189224243 -C$8) -> 6.5003419 | E37: 84244431 | F37: 84244431 | G37: 84244431
A38: =A$9 * (6.75011682510376 -A$8) -> 6.7501168 | B38: =B$9 * (6.75011682510376 -B$8) -> 6.7501168 | C38: =C$9 * (6.75011682510376 -C$8) -> 6.7501168 | E38: 87481514 | F38: 87481514 | G38: 87481514
A39: =A$9 * (7.00020551681518 -A$8) -> 7.0002055 | B39: =B$9 * (7.00020551681518 -B$8) -> 7.0002055 | C39: =C$9 * (7.00020551681518 -C$8) -> 7.0002055 | E39: 90722663 | F39: 90722663 | G39: 90722663
A40: =A$9 * (7.25024461746215 -A$8) -> 7.2502446 | B40: =B$9 * (7.25024461746215 -B$8) -> 7.2502446 | C40: =C$9 * (7.25024461746215 -C$8) -> 7.2502446 | E40: 93963170 | F40: 93963170 | G40: 93963170
A41: =A$9 * (7.50013589859008 -A$8) -> 7.5001359 | B41: =B$9 * (7.50013589859008 -B$8) -> 7.5001359 | C41: =C$9 * (7.50013589859008 -C$8) -> 7.5001359 | E41: 97201761 | F41: 97201761 | G41: 97201761
A42: =A$9 * (7.75033903121948 -A$8) -> 7.750339 | B42: =B$9 * (7.75033903121948 -B$8) -> 7.750339 | C42: =C$9 * (7.75033903121948 -C$8) -> 7.750339 | E42: 1.0044439e+08 | F42: 1.0044439e+08 | G42: 1.0044439e+08
A43: =A$9 * (8.00033855438232 -A$8) -> 8.0003386 | B43: =B$9 * (8.00033855438232 -B$8) -> 8.0003386 | C43: =C$9 * (8.00033855438232 -C$8) -> 8.0003386 | E43: 1.0368439e+08 | F43: 1.0368439e+08 | G43: 1.0368439e+08
A44: =A$9 * (8.25045585632324 -A$8) -> 8.2504559 | B44: =B$9 * (8.25045585632324 -B$8) -> 8.2504559 | C44: =C$9 * (8.25045585632324 -C$8) -> 8.2504559 | E44: 1.0692591e+08 | F44: 1.0692591e+08 | G44: 1.0692591e+08
A45: =A$9 * (8.50054454803466 -A$8) -> 8.5005445 | B45: =B$9 * (8.50054454803466 -B$8) -> 8.5005445 | C45: =C$9 * (8.50054454803466 -C$8) -> 8.5005445 | E45: 1.1016706e+08 | F45: 1.1016706e+08 | G45: 1.1016706e+08
A46: =A$9 * (8.75 -A$8) -> 8.75 | B46: =B$9 * (8.75 -B$8) -> 8.75 | C46: =C$9 * (8.75 -C$8) -> 8.75 | E46: 113400000 | F46: 113400000 | G46: 113400000
A47: =A$9 * (9.00047206878662 -A$8) -> 9.0004721 | B47: =B$9 * (9.00047206878662 -B$8) -> 9.0004721 | C47: =C$9 * (9.00047206878662 -C$8) -> 9.0004721 | E47: 1.1664612e+08 | F47: 1.1664612e+08 | G47: 1.1664612e+08
A48: =A$9 * (9.25011157989502 -A$8) -> 9.2501116 | B48: =B$9 * (9.25011157989502 -B$8) -> 9.2501116 | C48: =C$9 * (9.25011157989502 -C$8) -> 9.2501116 | E48: 1.1988145e+08 | F48: 1.1988145e+08 | G48: 1.1988145e+08
A49: =A$9 * (9.50068378448486 -A$8) -> 9.5006838 | B49: =B$9 * (9.50068378448486 -B$8) -> 9.5006838 | C49: =C$9 * (9.50068378448486 -C$8) -> 9.5006838 | E49: 1.2312886e+08 | F49: 1.2312886e+08 | G49: 1.2312886e+08
A50: =A$9 * (9.75043010711669 -A$8) -> 9.7504301 | B50: =B$9 * (9.75043010711669 -B$8) -> 9.7504301 | C50: =C$9 * (9.75043010711669 -C$8) -> 9.7504301 | E50: 1.2636557e+08 | F50: 1.2636557e+08 | G50: 1.2636557e+08
A51: =A$9 * (10.0001640319824 -A$8) -> 10.000164 | B51: =B$9 * (10.0001640319824 -B$8) -> 10.000164 | C51: =C$9 * (10.0001640319824 -C$8) -> 10.000164 | E51: 1.2960213e+08 | F51: 1.2960213e+08 | G51: 1.2960213e+08
A52: =A$9 * (10.2501277923584 -A$8) -> 10.250128 | B52: =B$9 * (10.2501277923584 -B$8) -> 10.250128 | C52: =C$9 * (10.2501277923584 -C$8) -> 10.250128 | E52: 1.3284166e+08 | F52: 1.3284166e+08 | G52: 1.3284166e+08
A53: =A$9 * (10.5003356933593 -A$8) -> 10.500336 | B53: =B$9 * (10.5003356933593 -B$8) -> 10.500336 | C53: =C$9 * (10.5003356933593 -C$8) -> 10.500336 | E53: 1.3608435e+08 | F53: 1.3608435e+08 | G53: 1.3608435e+08
A54: =A$9 * (10.7501611709594 -A$8) -> 10.750161 | B54: =B$9 * (10.7501611709594 -B$8) -> 10.750161 | C54: =C$9 * (10.7501611709594 -C$8) -> 10.750161 | E54: 1.3932209e+08 | F54: 1.3932209e+08 | G54: 1.3932209e+08
A55: =A$9 * (11.0002717971801 -A$8) -> 11.000272 | B55: =B$9 * (11.0002717971801 -B$8) -> 11.000272 | C55: =C$9 * (11.0002717971801 -C$8) -> 11.000272 | E55: 1.4256352e+08 | F55: 1.4256352e+08 | G55: 1.4256352e+08
A56: =A$9 * (11.2506999969482 -A$8) -> 11.2507 | B56: =B$9 * (11.2506999969482 -B$8) -> 11.2507 | C56: =C$9 * (11.2506999969482 -C$8) -> 11.2507 | E56: 1.4580907e+08 | F56: 1.4580907e+08 | G56: 1.4580907e+08
A57: =A$9 * (11.5005416870117 -A$8) -> 11.500542 | B57: =B$9 * (11.5005416870117 -B$8) -> 11.500542 | C57: =C$9 * (11.5005416870117 -C$8) -> 11.500542 | E57: 1.4904702e+08 | F57: 1.4904702e+08 | G57: 1.4904702e+08
A58: =A$9 * (11.7501306533813 -A$8) -> 11.750131 | B58: =B$9 * (11.7501306533813 -B$8) -> 11.750131 | C58: =C$9 * (11.7501306533813 -C$8) -> 11.750131 | E58: 1.5228169e+08 | F58: 1.5228169e+08 | G58: 1.5228169e+08
A59: =A$9 * (12.0003023147583 -A$8) -> 12.000302 | B59: =B$9 * (12.0003023147583 -B$8) -> 12.000302 | C59: =C$9 * (12.0003023147583 -C$8) -> 12.000302 | E59: 1.5552392e+08 | F59: 1.5552392e+08 | G59: 1.5552392e+08
A60: =A$9 * (12.2502031326293 -A$8) -> 12.250203 | B60: =B$9 * (12.2502031326293 -B$8) -> 12.250203 | C60: =C$9 * (12.2502031326293 -C$8) -> 12.250203 | E60: 1.5876263e+08 | F60: 1.5876263e+08 | G60: 1.5876263e+08
A61: =A$9 * (12.5003414154052 -A$8) -> 12.500341 | B61: =B$9 * (12.5003414154052 -B$8) -> 12.500341 | C61: =C$9 * (12.5003414154052 -C$8) -> 12.500341 | E61: 1.6200442e+08 | F61: 1.6200442e+08 | G61: 1.6200442e+08
A62: =A$9 * (12.7502164840698 -A$8) -> 12.750216 | B62: =B$9 * (12.7502164840698 -B$8) -> 12.750216 | C62: =C$9 * (12.7502164840698 -C$8) -> 12.750216 | E62: 1.6524281e+08 | F62: 1.6524281e+08 | G62: 1.6524281e+08
A63: =A$9 * (13.0002279281616 -A$8) -> 13.000228 | B63: =B$9 * (13.0002279281616 -B$8) -> 13.000228 | C63: =C$9 * (13.0002279281616 -C$8) -> 13.000228 | E63: 1.6848295e+08 | F63: 1.6848295e+08 | G63: 1.6848295e+08
A64: =A$9 * (13.2505941390991 -A$8) -> 13.250594 | B64: =B$9 * (13.2505941390991 -B$8) -> 13.250594 | C64: =C$9 * (13.2505941390991 -C$8) -> 13.250594 | E64: 1.717277e+08 | F64: 1.717277e+08 | G64: 1.717277e+08
A65: =A$9 * (13.5005502700805 -A$8) -> 13.50055 | B65: =B$9 * (13.5005502700805 -B$8) -> 13.50055 | C65: =C$9 * (13.5005502700805 -C$8) -> 13.50055 | E65: 1.7496713e+08 | F65: 1.7496713e+08 | G65: 1.7496713e+08
A66: =A$9 * (13.7501220703125 -A$8) -> 13.750122 | B66: =B$9 * (13.7501220703125 -B$8) -> 13.750122 | C66: =C$9 * (13.7501220703125 -C$8) -> 13.750122 | E66: 1.7820158e+08 | F66: 1.7820158e+08 | G66: 1.7820158e+08
A67: =A$9 * (14.0000667572021 -A$8) -> 14.000067 | B67: =B$9 * (14.0000667572021 -B$8) -> 14.000067 | C67: =C$9 * (14.0000667572021 -C$8) -> 14.000067 | E67: 1.8144087e+08 | F67: 1.8144087e+08 | G67: 1.8144087e+08
A68: =A$9 * (14.2505559921264 -A$8) -> 14.250556 | B68: =B$9 * (14.2505559921264 -B$8) -> 14.250556 | C68: =C$9 * (14.2505559921264 -C$8) -> 14.250556 | E68: 1.8468721e+08 | F68: 1.8468721e+08 | G68: 1.8468721e+08
A69: =A$9 * (14.5004634857177 -A$8) -> 14.500463 | B69: =B$9 * (14.5004634857177 -B$8) -> 14.500463 | C69: =C$9 * (14.5004634857177 -C$8) -> 14.500463 | E69: 1.8792601e+08 | F69: 1.8792601e+08 | G69: 1.8792601e+08
A70: =A$9 * (14.750280380249 -A$8) -> 14.75028 | B70: =B$9 * (14.750280380249 -B$8) -> 14.75028 | C70: =C$9 * (14.750280380249 -C$8) -> 14.75028 | E70: 1.9116363e+08 | F70: 1.9116363e+08 | G70: 1.9116363e+08
A71: =A$9 * (15.0000610351562 -A$8) -> 15.000061 | B71: =B$9 * (15.0000610351562 -B$8) -> 15.000061 | C71: =C$9 * (15.0000610351562 -C$8) -> 15.000061 | E71: 1.9440079e+08 | F71: 1.9440079e+08 | G71: 1.9440079e+08
A72: =A$9 * (15.2504529953002 -A$8) -> 15.250453 | B72: =B$9 * (15.2504529953002 -B$8) -> 15.250453 | C72: =C$9 * (15.2504529953002 -C$8) -> 15.250453 | E72: 1.9764587e+08 | F72: 1.9764587e+08 | G72: 1.9764587e+08
A73: =A$9 * (15.5000162124633 -A$8) -> 15.500016 | B73: =B$9 * (15.5000162124633 -B$8) -> 15.500016 | C73: =C$9 * (15.5000162124633 -C$8) -> 15.500016 | E73: 2.0088021e+08 | F73: 2.0088021e+08 | G73: 2.0088021e+08
A74: =A$9 * (15.7503585815429 -A$8) -> 15.750359 | B74: =B$9 * (15.7503585815429 -B$8) -> 15.750359 | C74: =C$9 * (15.7503585815429 -C$8) -> 15.750359 | E74: 2.0412465e+08 | F74: 2.0412465e+08 | G74: 2.0412465e+08
A75: =A$9 * (16.0000057220459 -A$8) -> 16.000006 | B75: =B$9 * (16.0000057220459 -B$8) -> 16.000006 | C75: =C$9 * (16.0000057220459 -C$8) -> 16.000006 | E75: 2.0736007e+08 | F75: 2.0736007e+08 | G75: 2.0736007e+08
A76: =A$9 * (16.2501716613769 -A$8) -> 16.250172 | B76: =B$9 * (16.2501716613769 -B$8) -> 16.250172 | C76: =C$9 * (16.2501716613769 -C$8) -> 16.250172 | E76: 2.1060222e+08 | F76: 2.1060222e+08 | G76: 2.1060222e+08
A77: =A$9 * (16.500280380249 -A$8) -> 16.50028 | B77: =B$9 * (16.500280380249 -B$8) -> 16.50028 | C77: =C$9 * (16.500280380249 -C$8) -> 16.50028 | E77: 2.1384363e+08 | F77: 2.1384363e+08 | G77: 2.1384363e+08
A78: =A$9 * (16.7503414154052 -A$8) -> 16.750341 | B78: =B$9 * (16.7503414154052 -B$8) -> 16.750341 | C78: =C$9 * (16.7503414154052 -C$8) -> 16.750341 | E78: 2.1708442e+08 | F78: 2.1708442e+08 | G78: 2.1708442e+08
A79: =A$9 * (17.0003814697265 -A$8) -> 17.000381 | B79: =B$9 * (17.0003814697265 -B$8) -> 17.000381 | C79: =C$9 * (17.0003814697265 -C$8) -> 17.000381 | E79: 2.2032494e+08 | F79: 2.2032494e+08 | G79: 2.2032494e+08
A80: =A$9 * (17.25022315979 -A$8) -> 17.250223 | B80: =B$9 * (17.25022315979 -B$8) -> 17.250223 | C80: =C$9 * (17.25022315979 -C$8) -> 17.250223 | E80: 2.2356289e+08 | F80: 2.2356289e+08 | G80: 2.2356289e+08
A81: =A$9 * (17.5002784729003 -A$8) -> 17.500278 | B81: =B$9 * (17.5002784729003 -B$8) -> 17.500278 | C81: =C$9 * (17.5002784729003 -C$8) -> 17.500278 | E81: 2.2680361e+08 | F81: 2.2680361e+08 | G81: 2.2680361e+08
A82: =A$9 * (17.7501831054687 -A$8) -> 17.750183 | B82: =B$9 * (17.7501831054687 -B$8) -> 17.750183 | C82: =C$9 * (17.7501831054687 -C$8) -> 17.750183 | E82: 2.3004237e+08 | F82: 2.3004237e+08 | G82: 2.3004237e+08
A83: =A$9 * (18.0006256103515 -A$8) -> 18.000626 | B83: =B$9 * (18.0006256103515 -B$8) -> 18.000626 | C83: =C$9 * (18.0006256103515 -C$8) -> 18.000626 | E83: 2.3328811e+08 | F83: 2.3328811e+08 | G83: 2.3328811e+08
A84: =A$9 * (18.2503757476806 -A$8) -> 18.250376 | B84: =B$9 * (18.2503757476806 -B$8) -> 18.250376 | C84: =C$9 * (18.2503757476806 -C$8) -> 18.250376 | E84: 2.3652487e+08 | F84: 2.3652487e+08 | G84: 2.3652487e+08
A85: =A$9 * (18.5000743865966 -A$8) -> 18.500074 | B85: =B$9 * (18.5000743865966 -B$8) -> 18.500074 | C85: =C$9 * (18.5000743865966 -C$8) -> 18.500074 | E85: 2.3976096e+08 | F85: 2.3976096e+08 | G85: 2.3976096e+08
A86: =A$9 * (18.7503395080566 -A$8) -> 18.75034 | B86: =B$9 * (18.7503395080566 -B$8) -> 18.75034 | C86: =C$9 * (18.7503395080566 -C$8) -> 18.75034 | E86: 2.430044e+08 | F86: 2.430044e+08 | G86: 2.430044e+08
A87: =A$9 * (19.0004138946533 -A$8) -> 19.000414 | B87: =B$9 * (19.0004138946533 -B$8) -> 19.000414 | C87: =C$9 * (19.0004138946533 -C$8) -> 19.000414 | E87: 2.4624536e+08 | F87: 2.4624536e+08 | G87: 2.4624536e+08
A88: =A$9 * (19.2500896453857 -A$8) -> 19.25009 | B88: =B$9 * (19.2500896453857 -B$8) -> 19.25009 | C88: =C$9 * (19.2500896453857 -C$8) -> 19.25009 | E88: 2.4948116e+08 | F88: 2.4948116e+08 | G88: 2.4948116e+08
A89: =A$9 * (19.5004119873046 -A$8) -> 19.500412 | B89: =B$9 * (19.5004119873046 -B$8) -> 19.500412 | C89: =C$9 * (19.5004119873046 -C$8) -> 19.500412 | E89: 2.5272534e+08 | F89: 2.5272534e+08 | G89: 2.5272534e+08
A90: =A$9 * (19.7503414154052 -A$8) -> 19.750341 | B90: =B$9 * (19.7503414154052 -B$8) -> 19.750341 | C90: =C$9 * (19.7503414154052 -C$8) -> 19.750341 | E90: 2.5596442e+08 | F90: 2.5596442e+08 | G90: 2.5596442e+08
A91: =A$9 * (20.0003585815429 -A$8) -> 20.000359 | B91: =B$9 * (20.0003585815429 -B$8) -> 20.000359 | C91: =C$9 * (20.0003585815429 -C$8) -> 20.000359 | E91: 2.5920465e+08 | F91: 2.5920465e+08 | G91: 2.5920465e+08
A92: =A$9 * (20.2501144409179 -A$8) -> 20.250114 | B92: =B$9 * (20.2501144409179 -B$8) -> 20.250114 | C92: =C$9 * (20.2501144409179 -C$8) -> 20.250114 | E92: 2.6244148e+08 | F92: 2.6244148e+08 | G92: 2.6244148e+08
A93: =A$9 * (20.500539779663 -A$8) -> 20.50054 | B93: =B$9 * (20.500539779663 -B$8) -> 20.50054 | C93: =C$9 * (20.500539779663 -C$8) -> 20.50054 | E93: 2.65687e+08 | F93: 2.65687e+08 | G93: 2.65687e+08
A94: =A$9 * (20.7503280639648 -A$8) -> 20.750328 | B94: =B$9 * (20.7503280639648 -B$8) -> 20.750328 | C94: =C$9 * (20.7503280639648 -C$8) -> 20.750328 | E94: 2.6892425e+08 | F94: 2.6892425e+08 | G94: 2.6892425e+08
A95: =A$9 * (21.0003051757812 -A$8) -> 21.000305 | B95: =B$9 * (21.0003051757812 -B$8) -> 21.000305 | C95: =C$9 * (21.0003051757812 -C$8) -> 21.000305 | E95: 2.7216396e+08 | F95: 2.7216396e+08 | G95: 2.7216396e+08
A96: =A$9 * (21.2501697540283 -A$8) -> 21.25017 | B96: =B$9 * (21.2501697540283 -B$8) -> 21.25017 | C96: =C$9 * (21.2501697540283 -C$8) -> 21.25017 | E96: 2.754022e+08 | F96: 2.754022e+08 | G96: 2.754022e+08
A97: =A$9 * (21.5000553131103 -A$8) -> 21.500055 | B97: =B$9 * (21.5000553131103 -B$8) -> 21.500055 | C97: =C$9 * (21.5000553131103 -C$8) -> 21.500055 | E97: 2.7864072e+08 | F97: 2.7864072e+08 | G97: 2.7864072e+08
A98: =A$9 * (21.750352859497 -A$8) -> 21.750353 | B98: =B$9 * (21.750352859497 -B$8) -> 21.750353 | C98: =C$9 * (21.750352859497 -C$8) -> 21.750353 | E98: 2.8188457e+08 | F98: 2.8188457e+08 | G98: 2.8188457e+08
A99: =A$9 * (22.0003395080566 -A$8) -> 22.00034 | B99: =B$9 * (22.0003395080566 -B$8) -> 22.00034 | C99: =C$9 * (22.0003395080566 -C$8) -> 22.00034 | E99: 2.851244e+08 | F99: 2.851244e+08 | G99: 2.851244e+08
A100: =A$9 * (22.2503280639648 -A$8) -> 22.250328 | B100: =B$9 * (22.2503280639648 -B$8) -> 22.250328 | C100: =C$9 * (22.2503280639648 -C$8) -> 22.250328 | E100: 2.8836425e+08 | F100: 2.8836425e+08 | G100: 2.8836425e+08
...

Sheet SIM4
A1: h | B1: h | C1: h | E1: (M3/S) | F1: (M/S) | G1: (M/S)
A2: TIME1 | B2: TIME2 | C2: TIME3 | E2: =Legends!B2 -> Liquid at Outlet | F2: =Legends!B3 -> Liquid Velocity | G2: =Legends!B4 -> Gas Velocity | I2: Report-2031_Oil_4500bopd_Liquid_4773blpd_No_GL_TD_Only_OP2_TCV_10pc.genkey
A3: =MIN($A$11:$A$299) -> 0 | B3: =MIN($B$11:$B$299) -> 0 | C3: =MIN($C$11:$C$299) -> 0 | D3: Min | E3: =MIN($E$11:$E$299) -> -13.830509 | F3: =MIN($F$11:$F$299) -> -17865.467 | G3: =MIN($G$11:$G$299) -> -6023.7072
A4: =MEDIAN($A$11:$A$299) -> 36.000278 | B4: =MEDIAN($B$11:$B$299) -> 36.000278 | C4: =MEDIAN($C$11:$C$299) -> 36.000278 | D4: P50 | E4: =MEDIAN($E$11:$E$299) -> 19.690254 | F4: =MEDIAN($F$11:$F$299) -> 3241.2747 | G4: =MEDIAN($G$11:$G$299) -> 11824.69
A5: =MAX($A$11:$A$299) -> 72.000031 | B5: =MAX($B$11:$B$299) -> 72.000031 | C5: =MAX($C$11:$C$299) -> 72.000031 | D5: Max | E5: =MAX($E$11:$E$299) -> 322.39069 | F5: =MAX($F$11:$F$299) -> 25113.684 | G5: =MAX($G$11:$G$299) -> 41010.119
A6: =$A5-$A3 -> 72.000031 | B6: =$B5-$B3 -> 72.000031 | C6: =$C5-$C3 -> 72.000031 | D6: Delta | E6: =$E5-$E3 -> 336.2212 | F6: =$F5-$F3 -> 42979.151 | G6: =$G5-$G3 -> 47033.826
A7: h | B7: h | C7: h | E7: (M3/S) | F7: (M/S) | G7: (M/S)
A8: 0 | B8: 0 | C8: 0 | D8: Offset | E8: 0 | F8: 0 | G8: 0
A9: 1 | B9: 1 | C9: 1 | D9: Scale | E9: 1 | F9: 1 | G9: 1
A10: TIME1 | B10: TIME2 | C10: TIME3 | E10: =Legends!B2 -> Liquid at Outlet | F10: =Legends!B3 -> Liquid Velocity | G10: =Legends!B4 -> Gas Velocity
A11: =A$9 * (0 -A$8) -> 0 | B11: =B$9 * (0 -B$8) -> 0 | C11: =C$9 * (0 -C$8) -> 0 | E11: 68.364505 | F11: 25113.684 | G11: 35558.875
A12: =A$9 * (0.25001123547554 -A$8) -> 0.25001124 | B12: =B$9 * (0.25001123547554 -B$8) -> 0.25001124 | C12: =C$9 * (0.25001123547554 -C$8) -> 0.25001124 | E12: 47.710621 | F12: 15272.294 | G12: 25083.59
A13: =A$9 * (0.500121116638183 -A$8) -> 0.50012112 | B13: =B$9 * (0.500121116638183 -B$8) -> 0.50012112 | C13: =C$9 * (0.500121116638183 -C$8) -> 0.50012112 | E13: 33.244559 | F13: 10486.602 | G13: 20986.913
A14: =A$9 * (0.750061094760894 -A$8) -> 0.75006109 | B14: =B$9 * (0.750061094760894 -B$8) -> 0.75006109 | C14: =C$9 * (0.750061094760894 -C$8) -> 0.75006109 | E14: 18.107982 | F14: 4070.844 | G14: 12102.455
A15: =A$9 * (1.00013864040374 -A$8) -> 1.0001386 | B15: =B$9 * (1.00013864040374 -B$8) -> 1.0001386 | C15: =C$9 * (1.00013864040374 -C$8) -> 1.0001386 | E15: -4.0957453 | F15: -5484.2939 | G15: 3326.2063
A16: =A$9 * (1.25000834465026 -A$8) -> 1.2500083 | B16: =B$9 * (1.25000834465026 -B$8) -> 1.2500083 | C16: =C$9 * (1.25000834465026 -C$8) -> 1.2500083 | E16: -5.9376346 | F16: -2056.8355 | G16: -2363.7542
A17: =A$9 * (1.50006806850433 -A$8) -> 1.5000681 | B17: =B$9 * (1.50006806850433 -B$8) -> 1.5000681 | C17: =C$9 * (1.50006806850433 -C$8) -> 1.5000681 | E17: -0.42975539 | F17: -5318.8093 | G17: 2889.8729
A18: =A$9 * (1.75054419040679 -A$8) -> 1.7505442 | B18: =B$9 * (1.75054419040679 -B$8) -> 1.7505442 | C18: =C$9 * (1.75054419040679 -C$8) -> 1.7505442 | E18: -0.99574233 | F18: -2507.4541 | G18: 2406.5726
A19: =A$9 * (2.00004506111145 -A$8) -> 2.0000451 | B19: =B$9 * (2.00004506111145 -B$8) -> 2.0000451 | C19: =C$9 * (2.00004506111145 -C$8) -> 2.0000451 | E19: -2.8001386 | F19: -1156.7541 | G19: -635.70022
A20: =A$9 * (2.25067996978759 -A$8) -> 2.25068 | B20: =B$9 * (2.25067996978759 -B$8) -> 2.25068 | C20: =C$9 * (2.25067996978759 -C$8) -> 2.25068 | E20: 24.263244 | F20: 755.82826 | G20: 2021.6103
A21: =A$9 * (2.50043964385986 -A$8) -> 2.5004396 | B21: =B$9 * (2.50043964385986 -B$8) -> 2.5004396 | C21: =C$9 * (2.50043964385986 -C$8) -> 2.5004396 | E21: 19.765131 | F21: 12534.321 | G21: 38444.582
A22: =A$9 * (2.75004076957702 -A$8) -> 2.7500408 | B22: =B$9 * (2.75004076957702 -B$8) -> 2.7500408 | C22: =C$9 * (2.75004076957702 -C$8) -> 2.7500408 | E22: 110.15914 | F22: 11546.524 | G22: 12214.404
A23: =A$9 * (3.00018620491027 -A$8) -> 3.0001862 | B23: =B$9 * (3.00018620491027 -B$8) -> 3.0001862 | C23: =C$9 * (3.00018620491027 -C$8) -> 3.0001862 | E23: 52.675021 | F23: 16680.279 | G23: 25855.805
A24: =A$9 * (3.25007224082946 -A$8) -> 3.2500722 | B24: =B$9 * (3.25007224082946 -B$8) -> 3.2500722 | C24: =C$9 * (3.25007224082946 -C$8) -> 3.2500722 | E24: 33.57434 | F24: 12291.966 | G24: 24467.504
A25: =A$9 * (3.50036668777465 -A$8) -> 3.5003667 | B25: =B$9 * (3.50036668777465 -B$8) -> 3.5003667 | C25: =C$9 * (3.50036668777465 -C$8) -> 3.5003667 | E25: 52.085448 | F25: 9764.5 | G25: 14791.867
A26: =A$9 * (3.7503695487976 -A$8) -> 3.7503695 | B26: =B$9 * (3.7503695487976 -B$8) -> 3.7503695 | C26: =C$9 * (3.7503695487976 -C$8) -> 3.7503695 | E26: 26.534066 | F26: 10370.962 | G26: 24075.417
A27: =A$9 * (4.0003695487976 -A$8) -> 4.0003695 | B27: =B$9 * (4.0003695487976 -B$8) -> 4.0003695 | C27: =C$9 * (4.0003695487976 -C$8) -> 4.0003695 | E27: 16.122913 | F27: 4219.7113 | G27: 13723.113
A28: =A$9 * (4.25045824050903 -A$8) -> 4.2504582 | B28: =B$9 * (4.25045824050903 -B$8) -> 4.2504582 | C28: =C$9 * (4.25045824050903 -C$8) -> 4.2504582 | E28: -0.83366676 | F28: -4375.627 | G28: 2115.9226
A29: =A$9 * (4.50040578842163 -A$8) -> 4.5004058 | B29: =B$9 * (4.50040578842163 -B$8) -> 4.5004058 | C29: =C$9 * (4.50040578842163 -C$8) -> 4.5004058 | E29: -3.2607544 | F29: -2739.9003 | G29: -859.46292
A30: =A$9 * (4.75008058547973 -A$8) -> 4.7500806 | B30: =B$9 * (4.75008058547973 -B$8) -> 4.7500806 | C30: =C$9 * (4.75008058547973 -C$8) -> 4.7500806 | E30: 0.26781228 | F30: -4059.5006 | G30: 7152.2099
A31: =A$9 * (5.00038909912109 -A$8) -> 5.0003891 | B31: =B$9 * (5.00038909912109 -B$8) -> 5.0003891 | C31: =C$9 * (5.00038909912109 -C$8) -> 5.0003891 | E31: -6.4819223 | F31: -998.33761 | G31: -3103.2637
A32: =A$9 * (5.25025558471679 -A$8) -> 5.2502556 | B32: =B$9 * (5.25025558471679 -B$8) -> 5.2502556 | C32: =C$9 * (5.25025558471679 -C$8) -> 5.2502556 | E32: -2.1623749 | F32: -636.18516 | G32: -1097.2523
A33: =A$9 * (5.50069713592529 -A$8) -> 5.5006971 | B33: =B$9 * (5.50069713592529 -B$8) -> 5.5006971 | C33: =C$9 * (5.50069713592529 -C$8) -> 5.5006971 | E33: 41.334262 | F33: 1381.5371 | G33: 3151.4683
A34: =A$9 * (5.75034427642822 -A$8) -> 5.7503443 | B34: =B$9 * (5.75034427642822 -B$8) -> 5.7503443 | C34: =C$9 * (5.75034427642822 -C$8) -> 5.7503443 | E34: 2.5579836 | F34: 984.51941 | G34: 41010.119
A35: =A$9 * (6.00059986114502 -A$8) -> 6.0005999 | B35: =B$9 * (6.00059986114502 -B$8) -> 6.0005999 | C35: =C$9 * (6.00059986114502 -C$8) -> 6.0005999 | E35: 107.53895 | F35: 11939.857 | G35: 12795.959
A36: =A$9 * (6.25033330917358 -A$8) -> 6.2503333 | B36: =B$9 * (6.25033330917358 -B$8) -> 6.2503333 | C36: =C$9 * (6.25033330917358 -C$8) -> 6.2503333 | E36: 68.268422 | F36: 17401.252 | G36: 23706.644
A37: =A$9 * (6.50053310394287 -A$8) -> 6.5005331 | B37: =B$9 * (6.50053310394287 -B$8) -> 6.5005331 | C37: =C$9 * (6.50053310394287 -C$8) -> 6.5005331 | E37: 34.842991 | F37: 13471.128 | G37: 26501.346
A38: =A$9 * (6.75029182434082 -A$8) -> 6.7502918 | B38: =B$9 * (6.75029182434082 -B$8) -> 6.7502918 | C38: =C$9 * (6.75029182434082 -C$8) -> 6.7502918 | E38: 48.339793 | F38: 8371.5082 | G38: 13167.238
A39: =A$9 * (7.00004434585571 -A$8) -> 7.0000443 | B39: =B$9 * (7.00004434585571 -B$8) -> 7.0000443 | C39: =C$9 * (7.00004434585571 -C$8) -> 7.0000443 | E39: 33.858135 | F39: 11917.461 | G39: 23697.439
A40: =A$9 * (7.25014162063598 -A$8) -> 7.2501416 | B40: =B$9 * (7.25014162063598 -B$8) -> 7.2501416 | C40: =C$9 * (7.25014162063598 -C$8) -> 7.2501416 | E40: 19.690254 | F40: 6547.4065 | G40: 18555.869
A41: =A$9 * (7.50018882751464 -A$8) -> 7.5001888 | B41: =B$9 * (7.50018882751464 -B$8) -> 7.5001888 | C41: =C$9 * (7.50018882751464 -C$8) -> 7.5001888 | E41: -3.7220038 | F41: -2272.5645 | G41: -925.40524
A42: =A$9 * (7.75023603439331 -A$8) -> 7.750236 | B42: =B$9 * (7.75023603439331 -B$8) -> 7.750236 | C42: =C$9 * (7.75023603439331 -C$8) -> 7.750236 | E42: -5.027717 | F42: -3232.827 | G42: -169.93185
A43: =A$9 * (8.00061988830566 -A$8) -> 8.0006199 | B43: =B$9 * (8.00061988830566 -B$8) -> 8.0006199 | C43: =C$9 * (8.00061988830566 -C$8) -> 8.0006199 | E43: -1.7814467 | F43: -2178.4766 | G43: 1656.1454
A44: =A$9 * (8.25031089782714 -A$8) -> 8.2503109 | B44: =B$9 * (8.25031089782714 -B$8) -> 8.2503109 | C44: =C$9 * (8.25031089782714 -C$8) -> 8.2503109 | E44: -1.48931 | F44: -3498.9635 | G44: 2250.8946
A45: =A$9 * (8.50074481964111 -A$8) -> 8.5007448 | B45: =B$9 * (8.50074481964111 -B$8) -> 8.5007448 | C45: =C$9 * (8.50074481964111 -C$8) -> 8.5007448 | E45: -2.1497972 | F45: -708.03291 | G45: -292.71223
A46: =A$9 * (8.75039768218994 -A$8) -> 8.7503977 | B46: =B$9 * (8.75039768218994 -B$8) -> 8.7503977 | C46: =C$9 * (8.75039768218994 -C$8) -> 8.7503977 | E46: -11.524324 | F46: -5546.0268 | G46: -1956.9448
A47: =A$9 * (9.00009441375732 -A$8) -> 9.0000944 | B47: =B$9 * (9.00009441375732 -B$8) -> 9.0000944 | C47: =C$9 * (9.00009441375732 -C$8) -> 9.0000944 | E47: 6.4470313 | F47: 1624.4176 | G47: 40347.431
A48: =A$9 * (9.25014686584472 -A$8) -> 9.2501469 | B48: =B$9 * (9.25014686584472 -B$8) -> 9.2501469 | C48: =C$9 * (9.25014686584472 -C$8) -> 9.2501469 | E48: 104.56769 | F48: 12591.072 | G48: 13760.939
A49: =A$9 * (9.50018310546875 -A$8) -> 9.5001831 | B49: =B$9 * (9.50018310546875 -B$8) -> 9.5001831 | C49: =C$9 * (9.50018310546875 -C$8) -> 9.5001831 | E49: 93.067094 | F49: 16976.974 | G49: 20092.532
A50: =A$9 * (9.75044727325439 -A$8) -> 9.7504473 | B50: =B$9 * (9.75044727325439 -B$8) -> 9.7504473 | C50: =C$9 * (9.75044727325439 -C$8) -> 9.7504473 | E50: 39.043368 | F50: 14128.239 | G50: 25940.07
A51: =A$9 * (10.0002861022949 -A$8) -> 10.000286 | B51: =B$9 * (10.0002861022949 -B$8) -> 10.000286 | C51: =C$9 * (10.0002861022949 -C$8) -> 10.000286 | E51: 42.775128 | F51: 7346.2323 | G51: 12353.414
A52: =A$9 * (10.2504634857177 -A$8) -> 10.250463 | B52: =B$9 * (10.2504634857177 -B$8) -> 10.250463 | C52: =C$9 * (10.2504634857177 -C$8) -> 10.250463 | E52: 47.161801 | F52: 12706.632 | G52: 20725.62
A53: =A$9 * (10.5002002716064 -A$8) -> 10.5002 | B53: =B$9 * (10.5002002716064 -B$8) -> 10.5002 | C53: =C$9 * (10.5002002716064 -C$8) -> 10.5002 | E53: 20.95452 | F53: 8001.2372 | G53: 21945.405
A54: =A$9 * (10.7500553131103 -A$8) -> 10.750055 | B54: =B$9 * (10.7500553131103 -B$8) -> 10.750055 | C54: =C$9 * (10.7500553131103 -C$8) -> 10.750055 | E54: -6.3234071 | F54: -3985.2648 | G54: 185.45224
A55: =A$9 * (11.0001468658447 -A$8) -> 11.000147 | B55: =B$9 * (11.0001468658447 -B$8) -> 11.000147 | C55: =C$9 * (11.0001468658447 -C$8) -> 11.000147 | E55: -3.5635603 | F55: -4111.3762 | G55: 840.23459
A56: =A$9 * (11.2501192092895 -A$8) -> 11.250119 | B56: =B$9 * (11.2501192092895 -B$8) -> 11.250119 | C56: =C$9 * (11.2501192092895 -C$8) -> 11.250119 | E56: -2.6487168 | F56: -1890.5915 | G56: -220.59339
A57: =A$9 * (11.5000915527343 -A$8) -> 11.500092 | B57: =B$9 * (11.5000915527343 -B$8) -> 11.500092 | C57: =C$9 * (11.5000915527343 -C$8) -> 11.500092 | E57: -3.3553509 | F57: -4527.9396 | G57: 3231.184
A58: =A$9 * (11.7501697540283 -A$8) -> 11.75017 | B58: =B$9 * (11.7501697540283 -B$8) -> 11.75017 | C58: =C$9 * (11.7501697540283 -C$8) -> 11.75017 | E58: -2.6415119 | F58: -1929.0482 | G58: 221.40486
A59: =A$9 * (12.0004024505615 -A$8) -> 12.000402 | B59: =B$9 * (12.0004024505615 -B$8) -> 12.000402 | C59: =C$9 * (12.0004024505615 -C$8) -> 12.000402 | E59: -2.7178945 | F59: -1835.3307 | G59: -216.75449
A60: =A$9 * (12.2501773834228 -A$8) -> 12.250177 | B60: =B$9 * (12.2501773834228 -B$8) -> 12.250177 | C60: =C$9 * (12.2501773834228 -C$8) -> 12.250177 | E60: 299.33801 | F60: 12896.017 | G60: 13414.137
A61: =A$9 * (12.500633239746 -A$8) -> 12.500633 | B61: =B$9 * (12.500633239746 -B$8) -> 12.500633 | C61: =C$9 * (12.500633239746 -C$8) -> 12.500633 | E61: 100.01992 | F61: 15008.201 | G61: 17073.108
A62: =A$9 * (12.750241279602 -A$8) -> 12.750241 | B62: =B$9 * (12.750241279602 -B$8) -> 12.750241 | C62: =C$9 * (12.750241279602 -C$8) -> 12.750241 | E62: 130.14928 | F62: 13744.825 | G62: 14480.075
A63: =A$9 * (13.0001277923584 -A$8) -> 13.000128 | B63: =B$9 * (13.0001277923584 -B$8) -> 13.000128 | C63: =C$9 * (13.0001277923584 -C$8) -> 13.000128 | E63: 42.535728 | F63: 15003.505 | G63: 26241.65
A64: =A$9 * (13.2504663467407 -A$8) -> 13.250466 | B64: =B$9 * (13.2504663467407 -B$8) -> 13.250466 | C64: =C$9 * (13.2504663467407 -C$8) -> 13.250466 | E64: 41.963579 | F64: 8249.378 | G64: 14109.843
A65: =A$9 * (13.5004558563232 -A$8) -> 13.500456 | B65: =B$9 * (13.5004558563232 -B$8) -> 13.500456 | C65: =C$9 * (13.5004558563232 -C$8) -> 13.500456 | E65: 57.600325 | F65: 11091.787 | G65: 16095.398
A66: =A$9 * (13.7500858306884 -A$8) -> 13.750086 | B66: =B$9 * (13.7500858306884 -B$8) -> 13.750086 | C66: =C$9 * (13.7500858306884 -C$8) -> 13.750086 | E66: 20.862723 | F66: 8616.1497 | G66: 23848.639
A67: =A$9 * (14.0002136230468 -A$8) -> 14.000214 | B67: =B$9 * (14.0002136230468 -B$8) -> 14.000214 | C67: =C$9 * (14.0002136230468 -C$8) -> 14.000214 | E67: -1.1474305 | F67: -2391.129 | G67: 4044.1103
A68: =A$9 * (14.2505226135253 -A$8) -> 14.250523 | B68: =B$9 * (14.2505226135253 -B$8) -> 14.250523 | C68: =C$9 * (14.2505226135253 -C$8) -> 14.250523 | E68: -3.0948486 | F68: -2353.0219 | G68: 594.58319
A69: =A$9 * (14.5003080368042 -A$8) -> 14.500308 | B69: =B$9 * (14.5003080368042 -B$8) -> 14.500308 | C69: =C$9 * (14.5003080368042 -C$8) -> 14.500308 | E69: -7.1526996 | F69: -2079.4287 | G69: -3944.8656
A70: =A$9 * (14.750316619873 -A$8) -> 14.750317 | B70: =B$9 * (14.750316619873 -B$8) -> 14.750317 | C70: =C$9 * (14.750316619873 -C$8) -> 14.750317 | E70: -3.1969004 | F70: -3220.4009 | G70: 1990.283
A71: =A$9 * (15.0002031326293 -A$8) -> 15.000203 | B71: =B$9 * (15.0002031326293 -B$8) -> 15.000203 | C71: =C$9 * (15.0002031326293 -C$8) -> 15.000203 | E71: -3.4724588 | F71: -2819.0229 | G71: -694.43786
A72: =A$9 * (15.2505865097045 -A$8) -> 15.250587 | B72: =B$9 * (15.2505865097045 -B$8) -> 15.250587 | C72: =C$9 * (15.2505865097045 -C$8) -> 15.250587 | E72: -1.4643202 | F72: -1462.5428 | G72: 264.31896
A73: =A$9 * (15.5009031295776 -A$8) -> 15.500903 | B73: =B$9 * (15.5009031295776 -B$8) -> 15.500903 | C73: =C$9 * (15.5009031295776 -C$8) -> 15.500903 | E73: 54.272484 | F73: 1752.9404 | G73: 2222.9867
A74: =A$9 * (15.7504529953002 -A$8) -> 15.750453 | B74: =B$9 * (15.7504529953002 -B$8) -> 15.750453 | C74: =C$9 * (15.7504529953002 -C$8) -> 15.750453 | E74: 18.871513 | F74: 10648.519 | G74: 36175.033
A75: =A$9 * (16.0002079010009 -A$8) -> 16.000208 | B75: =B$9 * (16.0002079010009 -B$8) -> 16.000208 | C75: =C$9 * (16.0002079010009 -C$8) -> 16.000208 | E75: 113.38624 | F75: 11341.872 | G75: 11993.519
A76: =A$9 * (16.2504806518554 -A$8) -> 16.250481 | B76: =B$9 * (16.2504806518554 -B$8) -> 16.250481 | C76: =C$9 * (16.2504806518554 -C$8) -> 16.250481 | E76: 53.169983 | F76: 16752.089 | G76: 25962.225
A77: =A$9 * (16.5003108978271 -A$8) -> 16.500311 | B77: =B$9 * (16.5003108978271 -B$8) -> 16.500311 | C77: =C$9 * (16.5003108978271 -C$8) -> 16.500311 | E77: 34.777898 | F77: 11944.123 | G77: 23441.12
A78: =A$9 * (16.7501640319824 -A$8) -> 16.750164 | B78: =B$9 * (16.7501640319824 -B$8) -> 16.750164 | C78: =C$9 * (16.7501640319824 -C$8) -> 16.750164 | E78: 49.917419 | F78: 8321.7238 | G78: 12868.913
A79: =A$9 * (17.0000896453857 -A$8) -> 17.00009 | B79: =B$9 * (17.0000896453857 -B$8) -> 17.00009 | C79: =C$9 * (17.0000896453857 -C$8) -> 17.00009 | E79: 27.309251 | F79: 10906.095 | G79: 25058.836
A80: =A$9 * (17.2500286102294 -A$8) -> 17.250029 | B80: =B$9 * (17.2500286102294 -B$8) -> 17.250029 | C80: =C$9 * (17.2500286102294 -C$8) -> 17.250029 | E80: 12.260013 | F80: 3211.2666 | G80: 13068.285
A81: =A$9 * (17.5003700256347 -A$8) -> 17.50037 | B81: =B$9 * (17.5003700256347 -B$8) -> 17.50037 | C81: =C$9 * (17.5003700256347 -C$8) -> 17.50037 | E81: 1.4488682 | F81: -3460.2314 | G81: 3876.4834
A82: =A$9 * (17.7502841949462 -A$8) -> 17.750284 | B82: =B$9 * (17.7502841949462 -B$8) -> 17.750284 | C82: =C$9 * (17.7502841949462 -C$8) -> 17.750284 | E82: -3.9929614 | F82: -3014.5583 | G82: 280.62695
A83: =A$9 * (18.0002727508544 -A$8) -> 18.000273 | B83: =B$9 * (18.0002727508544 -B$8) -> 18.000273 | C83: =C$9 * (18.0002727508544 -C$8) -> 18.000273 | E83: -1.9337723 | F83: -1138.6249 | G83: 47.696472
A84: =A$9 * (18.250467300415 -A$8) -> 18.250467 | B84: =B$9 * (18.250467300415 -B$8) -> 18.250467 | C84: =C$9 * (18.250467300415 -C$8) -> 18.250467 | E84: -3.1539463 | F84: -1502.6267 | G84: -942.7705
A85: =A$9 * (18.5007076263427 -A$8) -> 18.500708 | B85: =B$9 * (18.5007076263427 -B$8) -> 18.500708 | C85: =C$9 * (18.5007076263427 -C$8) -> 18.500708 | E85: -2.1011112 | F85: -864.3528 | G85: -627.42276
A86: =A$9 * (18.7505283355712 -A$8) -> 18.750528 | B86: =B$9 * (18.7505283355712 -B$8) -> 18.750528 | C86: =C$9 * (18.7505283355712 -C$8) -> 18.750528 | E86: -1.0296137 | F86: -5331.2363 | G86: 6587.3054
A87: =A$9 * (19.0007953643798 -A$8) -> 19.000795 | B87: =B$9 * (19.0007953643798 -B$8) -> 19.000795 | C87: =C$9 * (19.0007953643798 -C$8) -> 19.000795 | E87: 221.72681 | F87: 17968.907 | G87: 18743.397
A88: =A$9 * (19.2505550384521 -A$8) -> 19.250555 | B88: =B$9 * (19.2505550384521 -B$8) -> 19.250555 | C88: =C$9 * (19.2505550384521 -C$8) -> 19.250555 | E88: 109.44533 | F88: 14244.905 | G88: 15497.306
A89: =A$9 * (19.5006828308105 -A$8) -> 19.500683 | B89: =B$9 * (19.5006828308105 -B$8) -> 19.500683 | C89: =C$9 * (19.5006828308105 -C$8) -> 19.500683 | E89: 113.68185 | F89: 16370.906 | G89: 17764.589
A90: =A$9 * (19.7502193450927 -A$8) -> 19.750219 | B90: =B$9 * (19.7502193450927 -B$8) -> 19.750219 | C90: =C$9 * (19.7502193450927 -C$8) -> 19.750219 | E90: 41.249773 | F90: 14636.009 | G90: 26065.518
A91: =A$9 * (20.0001525878906 -A$8) -> 20.000153 | B91: =B$9 * (20.0001525878906 -B$8) -> 20.000153 | C91: =C$9 * (20.0001525878906 -C$8) -> 20.000153 | E91: 43.835221 | F91: 7850.9451 | G91: 13054.054
A92: =A$9 * (20.2503356933593 -A$8) -> 20.250336 | B92: =B$9 * (20.2503356933593 -B$8) -> 20.250336 | C92: =C$9 * (20.2503356933593 -C$8) -> 20.250336 | E92: 50.516748 | F92: 12385.195 | G92: 19418.325
A93: =A$9 * (20.5001564025878 -A$8) -> 20.500156 | B93: =B$9 * (20.5001564025878 -B$8) -> 20.500156 | C93: =C$9 * (20.5001564025878 -C$8) -> 20.500156 | E93: 21.652293 | F93: 8301.6824 | G93: 22288.384
A94: =A$9 * (20.7501468658447 -A$8) -> 20.750147 | B94: =B$9 * (20.7501468658447 -B$8) -> 20.750147 | C94: =C$9 * (20.7501468658447 -C$8) -> 20.750147 | E94: -2.1569107 | F94: -1047.7134 | G94: -484.81234
A95: =A$9 * (21.0000190734863 -A$8) -> 21.000019 | B95: =B$9 * (21.0000190734863 -B$8) -> 21.000019 | C95: =C$9 * (21.0000190734863 -C$8) -> 21.000019 | E95: -7.7900687 | F95: -1327.8899 | G95: -6023.7072
A96: =A$9 * (21.2506504058837 -A$8) -> 21.25065 | B96: =B$9 * (21.2506504058837 -B$8) -> 21.25065 | C96: =C$9 * (21.2506504058837 -C$8) -> 21.25065 | E96: -2.4054977 | F96: -4005.7307 | G96: 4325.6448
A97: =A$9 * (21.5003585815429 -A$8) -> 21.500359 | B97: =B$9 * (21.5003585815429 -B$8) -> 21.500359 | C97: =C$9 * (21.5003585815429 -C$8) -> 21.500359 | E97: -4.714427 | F97: -1936.9178 | G97: -2215.1251
A98: =A$9 * (21.7503852844238 -A$8) -> 21.750385 | B98: =B$9 * (21.7503852844238 -B$8) -> 21.750385 | C98: =C$9 * (21.7503852844238 -C$8) -> 21.750385 | E98: -0.19819728 | F98: -1376.567 | G98: 1189.5228
A99: =A$9 * (22.0001201629638 -A$8) -> 22.00012 | B99: =B$9 * (22.0001201629638 -B$8) -> 22.00012 | C99: =C$9 * (22.0001201629638 -C$8) -> 22.00012 | E99: -4.5133451 | F99: -1734.9516 | G99: -1115.8319
A100: =A$9 * (22.2503337860107 -A$8) -> 22.250334 | B100: =B$9 * (22.2503337860107 -B$8) -> 22.250334 | C100: =C$9 * (22.2503337860107 -C$8) -> 22.250334 | E100: 256.60324 | F100: 10575.306 | G100: 11084.241
...
