Workbook

Sheet Legends
A1: VARIABLE | B1: LEGEND
A2: TREND___QLT___(M3_S)___RISER_OUTLET | B2: VAR1
A3: TREND___UL___(M_S)___RISER_OUTLET | B3: VAR2
A4: TREND___UG___(M_S)___RISER_OUTLET | B4: VAR3
A5: TREND___VALVDP___(BAR)___CHOKE_OUTLET_SD2 | B5: VAR4

Sheet SIM1
A1: h | B1: h | C1: h | D1: h | F1: (M3/S) | G1: (M/S) | H1: (M/S) | I1: (BAR)
A2: TIME1 | B2: TIME2 | C2: TIME3 | D2: TIME4 | F2: ='Legends'!B2 -> 0 | G2: ='Legends'!B3 -> 0 | H2: ='Legends'!B4 -> 0 | I2: ='Legends'!B5 -> 0 | K2: Report-2031_Oil_4500bopd_Liquid_4789blpd_15MMSCFD_GL_TD_Only_OP1.genkey
A3: =MIN($A$11:$A$299) -> 0 | B3: =MIN($B$11:$B$299) -> 0 | C3: =MIN($C$11:$C$299) -> 0 | D3: =MIN($D$11:$D$299) -> 0 | E3: Min | F3: =MIN($F$11:$F$299) -> 0 | G3: =MIN($G$11:$G$299) -> 0 | H3: =MIN($H$11:$H$299) -> 0 | I3: =MIN($I$11:$I$299) -> 0
A4: =MEDIAN($A$11:$A$299) -> 0 | B4: =MEDIAN($B$11:$B$299) -> 0 | C4: =MEDIAN($C$11:$C$299) -> 0 | D4: =MEDIAN($D$11:$D$299) -> 0 | E4: P50 | F4: =MEDIAN($F$11:$F$299) -> 0 | G4: =MEDIAN($G$11:$G$299) -> 0 | H4: =MEDIAN($H$11:$H$299) -> 0 | I4: =MEDIAN($I$11:$I$299) -> 0
A5: =MAX($A$11:$A$299) -> 0 | B5: =MAX($B$11:$B$299) -> 0 | C5: =MAX($C$11:$C$299) -> 0 | D5: =MAX($D$11:$D$299) -> 0 | E5: Max | F5: =MAX($F$11:$F$299) -> 0 | G5: =MAX($G$11:$G$299) -> 0 | H5: =MAX($H$11:$H$299) -> 0 | I5: =MAX($I$11:$I$299) -> 0
A6: =$A5-$A3 -> 0 | B6: =$B5-$B3 -> 0 | C6: =$C5-$C3 -> 0 | D6: =$D5-$D3 -> 0 | E6: Delta | F6: =$F5-$F3 -> 0 | G6: =$G5-$G3 -> 0 | H6: =$H5-$H3 -> 0 | I6: =$I5-$I3 -> 0
A7: h | B7: h | C7: h | D7: h | F7: (M3/S) | G7: (M/S) | H7: (M/S) | I7: (BAR)
A8: 0 | B8: 0 | C8: 0 | D8: 0 | E8: Offset | F8: 0 | G8: 0 | H8: 0 | I8: 0
A9: 1 | B9: 1 | C9: 1 | D9: 1 | E9: Scale | F9: 1 | G9: 1 | H9: 1 | I9: 1
A10: TIME1 | B10: TIME2 | C10: TIME3 | D10: TIME4 | F10: ='Legends'!B2 -> 0 | G10: ='Legends'!B3 -> 0 | H10: ='Legends'!B4 -> 0 | I10: ='Legends'!B5 -> 0
A11: =A$9 * (0 -A$8) -> 0 | B11: =B$9 * (0 -B$8) -> 0 | C11: =C$9 * (0 -C$8) -> 0 | D11: =D$9 * (0 -D$8) -> 0 | F11: =F$9 * (0.01899014040827751 -F$8) -> 0 | G11: =G$9 * (6.976023197174072 -G$8) -> 0 | H11: =H$9 * (9.87746524810791 -H$8) -> 0 | I11: =I$9 * (0.04023474827408791 -I$8) -> 0
A12: =A$9 * (0.2503671646118164 -A$8) -> 0 | B12: =B$9 * (0.2503671646118164 -B$8) -> 0 | C12: =C$9 * (0.2503671646118164 -C$8) -> 0 | D12: =D$9 * (0.2503671646118164 -D$8) -> 0 | F12: =F$9 * (0.01097180973738432 -F$8) -> 0 | G12: =G$9 * (7.357691764831543 -G$8) -> 0 | H12: =H$9 * (15.4488697052002 -H$8) -> 0 | I12: =I$9 * (0.05202734097838402 -I$8) -> 0
A13: =A$9 * (0.5001519322395325 -A$8) -> 0 | B13: =B$9 * (0.5001519322395325 -B$8) -> 0 | C13: =C$9 * (0.5001519322395325 -C$8) -> 0 | D13: =D$9 * (0.5001519322395325 -D$8) -> 0 | F13: =F$9 * (0.007581710815429688 -F$8) -> 0 | G13: =G$9 * (5.557830810546875 -G$8) -> 0 | H13: =H$9 * (13.97049045562744 -H$8) -> 0 | I13: =I$9 * (0.03673849999904633 -I$8) -> 0
A14: =A$9 * (0.7503069639205933 -A$8) -> 0 | B14: =B$9 * (0.7503069639205933 -B$8) -> 0 | C14: =C$9 * (0.7503069639205933 -C$8) -> 0 | D14: =D$9 * (0.7503069639205933 -D$8) -> 0 | F14: =F$9 * (0.01136249955743551 -F$8) -> 0 | G14: =G$9 * (6.973039150238037 -G$8) -> 0 | H14: =H$9 * (13.3164701461792 -H$8) -> 0 | I14: =I$9 * (0.04264308884739876 -I$8) -> 0
A15: =A$9 * (1.000024199485779 -A$8) -> 0 | B15: =B$9 * (1.000024199485779 -B$8) -> 0 | C15: =C$9 * (1.000024199485779 -C$8) -> 0 | D15: =D$9 * (1.000024199485779 -D$8) -> 0 | F15: =F$9 * (0.008642112836241722 -F$8) -> 0 | G15: =G$9 * (5.96185302734375 -G$8) -> 0 | H15: =H$9 * (13.49567985534668 -H$8) -> 0 | I15: =I$9 * (0.03733047097921371 -I$8) -> 0
A16: =A$9 * (1.250035881996155 -A$8) -> 0 | B16: =B$9 * (1.250035881996155 -B$8) -> 0 | C16: =C$9 * (1.250035881996155 -C$8) -> 0 | D16: =D$9 * (1.250035881996155 -D$8) -> 0 | F16: =F$9 * (0.01067489013075829 -F$8) -> 0 | G16: =G$9 * (5.957446098327637 -G$8) -> 0 | H16: =H$9 * (11.59778022766113 -H$8) -> 0 | I16: =I$9 * (0.03343437984585762 -I$8) -> 0
A17: =A$9 * (1.500266671180725 -A$8) -> 0 | B17: =B$9 * (1.500266671180725 -B$8) -> 0 | C17: =C$9 * (1.500266671180725 -C$8) -> 0 | D17: =D$9 * (1.500266671180725 -D$8) -> 0 | F17: =F$9 * (0.008710009977221489 -F$8) -> 0 | G17: =G$9 * (5.728689193725586 -G$8) -> 0 | H17: =H$9 * (12.8129301071167 -H$8) -> 0 | I17: =I$9 * (0.03468288108706474 -I$8) -> 0
A18: =A$9 * (1.750089168548584 -A$8) -> 0 | B18: =B$9 * (1.750089168548584 -B$8) -> 0 | C18: =C$9 * (1.750089168548584 -C$8) -> 0 | D18: =D$9 * (1.750089168548584 -D$8) -> 0 | F18: =F$9 * (0.008181803859770298 -F$8) -> 0 | G18: =G$9 * (5.424334049224854 -G$8) -> 0 | H18: =H$9 * (12.61380958557129 -H$8) -> 0 | I18: =I$9 * (0.03280157968401909 -I$8) -> 0
A19: =A$9 * (2.000319719314575 -A$8) -> 0 | B19: =B$9 * (2.000319719314575 -B$8) -> 0 | C19: =C$9 * (2.000319719314575 -C$8) -> 0 | D19: =D$9 * (2.000319719314575 -D$8) -> 0 | F19: =F$9 * (0.01010151021182537 -F$8) -> 0 | G19: =G$9 * (6.053127765655518 -G$8) -> 0 | H19: =H$9 * (12.27962970733643 -H$8) -> 0 | I19: =I$9 * (0.0354129783809185 -I$8) -> 0
A20: =A$9 * (2.250142335891724 -A$8) -> 0 | B20: =B$9 * (2.250142335891724 -B$8) -> 0 | C20: =C$9 * (2.250142335891724 -C$8) -> 0 | D20: =D$9 * (2.250142335891724 -D$8) -> 0 | F20: =F$9 * (0.009255268611013889 -F$8) -> 0 | G20: =G$9 * (5.792596817016602 -G$8) -> 0 | H20: =H$9 * (12.43274974822998 -H$8) -> 0 | I20: =I$9 * (0.03438536077737808 -I$8) -> 0
A21: =A$9 * (2.500373125076294 -A$8) -> 0 | B21: =B$9 * (2.500373125076294 -B$8) -> 0 | C21: =C$9 * (2.500373125076294 -C$8) -> 0 | D21: =D$9 * (2.500373125076294 -D$8) -> 0 | F21: =F$9 * (0.009349054656922817 -F$8) -> 0 | G21: =G$9 * (5.740601062774658 -G$8) -> 0 | H21: =H$9 * (12.22107982635498 -H$8) -> 0 | I21: =I$9 * (0.03372646868228912 -I$8) -> 0
A22: =A$9 * (2.750195503234863 -A$8) -> 0 | B22: =B$9 * (2.750195503234863 -B$8) -> 0 | C22: =C$9 * (2.750195503234863 -C$8) -> 0 | D22: =D$9 * (2.750195503234863 -D$8) -> 0 | F22: =F$9 * (0.009816385805606842 -F$8) -> 0 | G22: =G$9 * (5.94547176361084 -G$8) -> 0 | H22: =H$9 * (12.29277992248535 -H$8) -> 0 | I22: =I$9 * (0.03502615168690681 -I$8) -> 0
A23: =A$9 * (3.000016689300537 -A$8) -> 0 | B23: =B$9 * (3.000016689300537 -B$8) -> 0 | C23: =C$9 * (3.000016689300537 -C$8) -> 0 | D23: =D$9 * (3.000016689300537 -D$8) -> 0 | F23: =F$9 * (0.009557683952152729 -F$8) -> 0 | G23: =G$9 * (5.83661413192749 -G$8) -> 0 | H23: =H$9 * (12.27081966400146 -H$8) -> 0 | I23: =I$9 * (0.03443736955523491 -I$8) -> 0
A24: =A$9 * (3.250250101089478 -A$8) -> 0 | B24: =B$9 * (3.250250101089478 -B$8) -> 0 | C24: =C$9 * (3.250250101089478 -C$8) -> 0 | D24: =D$9 * (3.250250101089478 -D$8) -> 0 | F24: =F$9 * (0.009805687703192234 -F$8) -> 0 | G24: =G$9 * (5.868650913238525 -G$8) -> 0 | H24: =H$9 * (12.12981986999512 -H$8) -> 0 | I24: =I$9 * (0.03436591103672981 -I$8) -> 0
A25: =A$9 * (3.500072240829468 -A$8) -> 0 | B25: =B$9 * (3.500072240829468 -B$8) -> 0 | C25: =C$9 * (3.500072240829468 -C$8) -> 0 | D25: =D$9 * (3.500072240829468 -D$8) -> 0 | F25: =F$9 * (0.01009378954768181 -F$8) -> 0 | G25: =G$9 * (5.998239994049072 -G$8) -> 0 | H25: =H$9 * (12.19044971466064 -H$8) -> 0 | I25: =I$9 * (0.03524487093091011 -I$8) -> 0
A26: =A$9 * (3.750302791595459 -A$8) -> 0 | B26: =B$9 * (3.750302791595459 -B$8) -> 0 | C26: =C$9 * (3.750302791595459 -C$8) -> 0 | D26: =D$9 * (3.750302791595459 -D$8) -> 0 | F26: =F$9 * (0.009907563216984272 -F$8) -> 0 | G26: =G$9 * (5.936785221099854 -G$8) -> 0 | H26: =H$9 * (12.22393035888672 -H$8) -> 0 | I26: =I$9 * (0.03509030118584633 -I$8) -> 0
A27: =A$9 * (4.000124931335449 -A$8) -> 0 | B27: =B$9 * (4.000124931335449 -B$8) -> 0 | C27: =C$9 * (4.000124931335449 -C$8) -> 0 | D27: =D$9 * (4.000124931335449 -D$8) -> 0 | F27: =F$9 * (0.009979641996324062 -F$8) -> 0 | G27: =G$9 * (5.918453216552734 -G$8) -> 0 | H27: =H$9 * (12.14278030395508 -H$8) -> 0 | I27: =I$9 * (0.03498442843556404 -I$8) -> 0
A28: =A$9 * (4.25035572052002 -A$8) -> 0 | B28: =B$9 * (4.25035572052002 -B$8) -> 0 | C28: =C$9 * (4.25035572052002 -C$8) -> 0 | D28: =D$9 * (4.25035572052002 -D$8) -> 0 | F28: =F$9 * (0.009894935414195061 -F$8) -> 0 | G28: =G$9 * (5.897223949432373 -G$8) -> 0 | H28: =H$9 * (12.17510986328125 -H$8) -> 0 | I28: =I$9 * (0.0349937416613102 -I$8) -> 0
A29: =A$9 * (4.50017786026001 -A$8) -> 0 | B29: =B$9 * (4.50017786026001 -B$8) -> 0 | C29: =C$9 * (4.50017786026001 -C$8) -> 0 | D29: =D$9 * (4.50017786026001 -D$8) -> 0 | F29: =F$9 * (0.009788823314011097 -F$8) -> 0 | G29: =G$9 * (5.843953132629395 -G$8) -> 0 | H29: =H$9 * (12.1471004486084 -H$8) -> 0 | I29: =I$9 * (0.03468092158436775 -I$8) -> 0
A30: =A$9 * (4.75 -A$8) -> 0 | B30: =B$9 * (4.75 -B$8) -> 0 | C30: =C$9 * (4.75 -C$8) -> 0 | D30: =D$9 * (4.75 -D$8) -> 0 | F30: =F$9 * (0.009871572256088257 -F$8) -> 0 | G30: =G$9 * (5.861738204956055 -G$8) -> 0 | H30: =H$9 * (12.11773014068604 -H$8) -> 0 | I30: =I$9 * (0.03473073989152908 -I$8) -> 0
A31: =A$9 * (5.00023078918457 -A$8) -> 0 | B31: =B$9 * (5.00023078918457 -B$8) -> 0 | C31: =C$9 * (5.00023078918457 -C$8) -> 0 | D31: =D$9 * (5.00023078918457 -D$8) -> 0 | F31: =F$9 * (0.00983258243650198 -F$8) -> 0 | G31: =G$9 * (5.850683212280273 -G$8) -> 0 | H31: =H$9 * (12.12627029418945 -H$8) -> 0 | I31: =I$9 * (0.03469723090529442 -I$8) -> 0
A32: =A$9 * (5.250052928924561 -A$8) -> 0 | B32: =B$9 * (5.250052928924561 -B$8) -> 0 | C32: =C$9 * (5.250052928924561 -C$8) -> 0 | D32: =D$9 * (5.250052928924561 -D$8) -> 0 | F32: =F$9 * (0.009826762601733208 -F$8) -> 0 | G32: =G$9 * (5.837368011474609 -G$8) -> 0 | H32: =H$9 * (12.10186004638672 -H$8) -> 0 | I32: =I$9 * (0.03459233045578003 -I$8) -> 0
A33: =A$9 * (5.500283241271973 -A$8) -> 0 | B33: =B$9 * (5.500283241271973 -B$8) -> 0 | C33: =C$9 * (5.500283241271973 -C$8) -> 0 | D33: =D$9 * (5.500283241271973 -D$8) -> 0 | F33: =F$9 * (0.009864252991974354 -F$8) -> 0 | G33: =G$9 * (5.846667766571045 -G$8) -> 0 | H33: =H$9 * (12.09193992614746 -H$8) -> 0 | I33: =I$9 * (0.03463288024067879 -I$8) -> 0
A34: =A$9 * (5.750105381011963 -A$8) -> 0 | B34: =B$9 * (5.750105381011963 -B$8) -> 0 | C34: =C$9 * (5.750105381011963 -C$8) -> 0 | D34: =D$9 * (5.750105381011963 -D$8) -> 0 | F34: =F$9 * (0.009843706153333187 -F$8) -> 0 | G34: =G$9 * (5.837972164154053 -G$8) -> 0 | H34: =H$9 * (12.09039974212646 -H$8) -> 0 | I34: =I$9 * (0.03459354862570763 -I$8) -> 0
A35: =A$9 * (6.000336170196533 -A$8) -> 0 | B35: =B$9 * (6.000336170196533 -B$8) -> 0 | C35: =C$9 * (6.000336170196533 -C$8) -> 0 | D35: =D$9 * (6.000336170196533 -D$8) -> 0 | F35: =F$9 * (0.009854025207459927 -F$8) -> 0 | G35: =G$9 * (5.834768772125244 -G$8) -> 0 | H35: =H$9 * (12.07526016235352 -H$8) -> 0 | I35: =I$9 * (0.03455797955393791 -I$8) -> 0
A36: =A$9 * (6.250158309936523 -A$8) -> 0 | B36: =B$9 * (6.250158309936523 -B$8) -> 0 | C36: =C$9 * (6.250158309936523 -C$8) -> 0 | D36: =D$9 * (6.250158309936523 -D$8) -> 0 | F36: =F$9 * (0.009865045547485352 -F$8) -> 0 | G36: =G$9 * (5.836542129516602 -G$8) -> 0 | H36: =H$9 * (12.07067012786865 -H$8) -> 0 | I36: =I$9 * (0.03456699103116989 -I$8) -> 0
A37: =A$9 * (6.500391483306885 -A$8) -> 0 | B37: =B$9 * (6.500391483306885 -B$8) -> 0 | C37: =C$9 * (6.500391483306885 -C$8) -> 0 | D37: =D$9 * (6.500391483306885 -D$8) -> 0 | F37: =F$9 * (0.009856316260993481 -F$8) -> 0 | G37: =G$9 * (5.830729007720947 -G$8) -> 0 | H37: =H$9 * (12.06556034088135 -H$8) -> 0 | I37: =I$9 * (0.03453446924686432 -I$8) -> 0
A38: =A$9 * (6.750214099884033 -A$8) -> 0 | B38: =B$9 * (6.750214099884033 -B$8) -> 0 | C38: =C$9 * (6.750214099884033 -C$8) -> 0 | D38: =D$9 * (6.750214099884033 -D$8) -> 0 | F38: =F$9 * (0.009865122847259045 -F$8) -> 0 | G38: =G$9 * (5.829803943634033 -G$8) -> 0 | H38: =H$9 * (12.05665016174316 -H$8) -> 0 | I38: =I$9 * (0.03452004864811897 -I$8) -> 0
A39: =A$9 * (7.000036239624023 -A$8) -> 0 | B39: =B$9 * (7.000036239624023 -B$8) -> 0 | C39: =C$9 * (7.000036239624023 -C$8) -> 0 | D39: =D$9 * (7.000036239624023 -D$8) -> 0 | F39: =F$9 * (0.009867358021438122 -F$8) -> 0 | G39: =G$9 * (5.828939914703369 -G$8) -> 0 | H39: =H$9 * (12.05333995819092 -H$8) -> 0 | I39: =I$9 * (0.03451545909047127 -I$8) -> 0
A40: =A$9 * (7.250266551971436 -A$8) -> 0 | B40: =B$9 * (7.250266551971436 -B$8) -> 0 | C40: =C$9 * (7.250266551971436 -C$8) -> 0 | D40: =D$9 * (7.250266551971436 -D$8) -> 0 | F40: =F$9 * (0.009864470921456814 -F$8) -> 0 | G40: =G$9 * (5.825331211090088 -G$8) -> 0 | H40: =H$9 * (12.04806995391846 -H$8) -> 0 | I40: =I$9 * (0.0344921313226223 -I$8) -> 0
A41: =A$9 * (7.500088691711426 -A$8) -> 0 | B41: =B$9 * (7.500088691711426 -B$8) -> 0 | C41: =C$9 * (7.500088691711426 -C$8) -> 0 | D41: =D$9 * (7.500088691711426 -D$8) -> 0 | F41: =F$9 * (0.009869328700006008 -F$8) -> 0 | G41: =G$9 * (5.824634075164795 -G$8) -> 0 | H41: =H$9 * (12.04283046722412 -H$8) -> 0 | I41: =I$9 * (0.0344836488366127 -I$8) -> 0
A42: =A$9 * (7.750319480895996 -A$8) -> 0 | B42: =B$9 * (7.750319480895996 -B$8) -> 0 | C42: =C$9 * (7.750319480895996 -C$8) -> 0 | D42: =D$9 * (7.750319480895996 -D$8) -> 0 | F42: =F$9 * (0.009868786670267582 -F$8) -> 0 | G42: =G$9 * (5.823009014129639 -G$8) -> 0 | H42: =H$9 * (12.03997039794922 -H$8) -> 0 | I42: =I$9 * (0.03447410836815834 -I$8) -> 0
A43: =A$9 * (8.000142097473145 -A$8) -> 0 | B43: =B$9 * (8.000142097473145 -B$8) -> 0 | C43: =C$9 * (8.000142097473145 -C$8) -> 0 | D43: =D$9 * (8.000142097473145 -D$8) -> 0 | F43: =F$9 * (0.009869717061519623 -F$8) -> 0 | G43: =G$9 * (5.821361064910889 -G$8) -> 0 | H43: =H$9 * (12.03579998016357 -H$8) -> 0 | I43: =I$9 * (0.03446165099740028 -I$8) -> 0
A44: =A$9 * (8.250371932983398 -A$8) -> 0 | B44: =B$9 * (8.250371932983398 -B$8) -> 0 | C44: =C$9 * (8.250371932983398 -C$8) -> 0 | D44: =D$9 * (8.250371932983398 -D$8) -> 0 | F44: =F$9 * (0.009872008115053177 -F$8) -> 0 | G44: =G$9 * (5.820765972137451 -G$8) -> 0 | H44: =H$9 * (12.03283977508545 -H$8) -> 0 | I44: =I$9 * (0.03445655852556229 -I$8) -> 0
A45: =A$9 * (8.500194549560547 -A$8) -> 0 | B45: =B$9 * (8.500194549560547 -B$8) -> 0 | C45: =C$9 * (8.500194549560547 -C$8) -> 0 | D45: =D$9 * (8.500194549560547 -D$8) -> 0 | F45: =F$9 * (0.009872118011116982 -F$8) -> 0 | G45: =G$9 * (5.819552898406982 -G$8) -> 0 | H45: =H$9 * (12.03026962280273 -H$8) -> 0 | I45: =I$9 * (0.03444856032729149 -I$8) -> 0
A46: =A$9 * (8.750016212463379 -A$8) -> 0 | B46: =B$9 * (8.750016212463379 -B$8) -> 0 | C46: =C$9 * (8.750016212463379 -C$8) -> 0 | D46: =D$9 * (8.750016212463379 -D$8) -> 0 | F46: =F$9 * (0.009872570633888245 -F$8) -> 0 | G46: =G$9 * (5.818436145782471 -G$8) -> 0 | H46: =H$9 * (12.02760982513428 -H$8) -> 0 | I46: =I$9 * (0.03444052115082741 -I$8) -> 0
A47: =A$9 * (9.000247001647949 -A$8) -> 0 | B47: =B$9 * (9.000247001647949 -B$8) -> 0 | C47: =C$9 * (9.000247001647949 -C$8) -> 0 | D47: =D$9 * (9.000247001647949 -D$8) -> 0 | F47: =F$9 * (0.009872956201434135 -F$8) -> 0 | G47: =G$9 * (5.817558765411377 -G$8) -> 0 | H47: =H$9 * (12.02550983428955 -H$8) -> 0 | I47: =I$9 * (0.03443447127938271 -I$8) -> 0
A48: =A$9 * (9.250069618225098 -A$8) -> 0 | B48: =B$9 * (9.250069618225098 -B$8) -> 0 | C48: =C$9 * (9.250069618225098 -C$8) -> 0 | D48: =D$9 * (9.250069618225098 -D$8) -> 0 | F48: =F$9 * (0.009874016977846622 -F$8) -> 0 | G48: =G$9 * (5.816959857940674 -G$8) -> 0 | H48: =H$9 * (12.02346038818359 -H$8) -> 0 | I48: =I$9 * (0.03442975878715515 -I$8) -> 0
A49: =A$9 * (9.500300407409668 -A$8) -> 0 | B49: =B$9 * (9.500300407409668 -B$8) -> 0 | C49: =C$9 * (9.500300407409668 -C$8) -> 0 | D49: =D$9 * (9.500300407409668 -D$8) -> 0 | F49: =F$9 * (0.009874600917100906 -F$8) -> 0 | G49: =G$9 * (5.816411972045898 -G$8) -> 0 | H49: =H$9 * (12.02190971374512 -H$8) -> 0 | I49: =I$9 * (0.034425999969244 -I$8) -> 0
A50: =A$9 * (9.750124931335449 -A$8) -> 0 | B50: =B$9 * (9.750124931335449 -B$8) -> 0 | C50: =C$9 * (9.750124931335449 -C$8) -> 0 | D50: =D$9 * (9.750124931335449 -D$8) -> 0 | F50: =F$9 * (0.009875088930130005 -F$8) -> 0 | G50: =G$9 * (5.815966129302979 -G$8) -> 0 | H50: =H$9 * (12.02066040039062 -H$8) -> 0 | I50: =I$9 * (0.03442317992448807 -I$8) -> 0
A51: =A$9 * (10.00035572052002 -A$8) -> 0 | B51: =B$9 * (10.00035572052002 -B$8) -> 0 | C51: =C$9 * (10.00035572052002 -C$8) -> 0 | D51: =D$9 * (10.00035572052002 -D$8) -> 0 | F51: =F$9 * (0.009875676594674587 -F$8) -> 0 | G51: =G$9 * (5.815432071685791 -G$8) -> 0 | H51: =H$9 * (12.01908016204834 -H$8) -> 0 | I51: =I$9 * (0.03441895917057991 -I$8) -> 0
A52: =A$9 * (10.25017738342285 -A$8) -> 0 | B52: =B$9 * (10.25017738342285 -B$8) -> 0 | C52: =C$9 * (10.25017738342285 -C$8) -> 0 | D52: =D$9 * (10.25017738342285 -D$8) -> 0 | F52: =F$9 * (0.009875929914414883 -F$8) -> 0 | G52: =G$9 * (5.815009117126465 -G$8) -> 0 | H52: =H$9 * (12.01803970336914 -H$8) -> 0 | I52: =I$9 * (0.03441619873046875 -I$8) -> 0
A53: =A$9 * (10.50040817260742 -A$8) -> 0 | B53: =B$9 * (10.50040817260742 -B$8) -> 0 | C53: =C$9 * (10.50040817260742 -C$8) -> 0 | D53: =D$9 * (10.50040817260742 -D$8) -> 0 | F53: =F$9 * (0.009875878691673279 -F$8) -> 0 | G53: =G$9 * (5.814395904541016 -G$8) -> 0 | H53: =H$9 * (12.01679039001465 -H$8) -> 0 | I53: =I$9 * (0.03441182151436806 -I$8) -> 0
A54: =A$9 * (10.75023078918457 -A$8) -> 0 | B54: =B$9 * (10.75023078918457 -B$8) -> 0 | C54: =C$9 * (10.75023078918457 -C$8) -> 0 | D54: =D$9 * (10.75023078918457 -D$8) -> 0 | F54: =F$9 * (0.009875665418803692 -F$8) -> 0 | G54: =G$9 * (5.814061164855957 -G$8) -> 0 | H54: =H$9 * (12.01632022857666 -H$8) -> 0 | I54: =I$9 * (0.0344102717936039 -I$8) -> 0
A55: =A$9 * (11.0000524520874 -A$8) -> 0 | B55: =B$9 * (11.0000524520874 -B$8) -> 0 | C55: =C$9 * (11.0000524520874 -C$8) -> 0 | D55: =D$9 * (11.0000524520874 -D$8) -> 0 | F55: =F$9 * (0.009876723401248455 -F$8) -> 0 | G55: =G$9 * (5.813976764678955 -G$8) -> 0 | H55: =H$9 * (12.01531982421875 -H$8) -> 0 | I55: =I$9 * (0.03440894931554794 -I$8) -> 0
A56: =A$9 * (11.25028324127197 -A$8) -> 0 | B56: =B$9 * (11.25028324127197 -B$8) -> 0 | C56: =C$9 * (11.25028324127197 -C$8) -> 0 | D56: =D$9 * (11.25028324127197 -D$8) -> 0 | F56: =F$9 * (0.009877035394310951 -F$8) -> 0 | G56: =G$9 * (5.813889026641846 -G$8) -> 0 | H56: =H$9 * (12.01494979858398 -H$8) -> 0 | I56: =I$9 * (0.03440871089696884 -I$8) -> 0
A57: =A$9 * (11.50010585784912 -A$8) -> 0 | B57: =B$9 * (11.50010585784912 -B$8) -> 0 | C57: =C$9 * (11.50010585784912 -C$8) -> 0 | D57: =D$9 * (11.50010585784912 -D$8) -> 0 | F57: =F$9 * (0.009876862168312073 -F$8) -> 0 | G57: =G$9 * (5.813484191894531 -G$8) -> 0 | H57: =H$9 * (12.01424026489258 -H$8) -> 0 | I57: =I$9 * (0.03440599143505096 -I$8) -> 0
A58: =A$9 * (11.75033569335938 -A$8) -> 0 | B58: =B$9 * (11.75033569335938 -B$8) -> 0 | C58: =C$9 * (11.75033569335938 -C$8) -> 0 | D58: =D$9 * (11.75033569335938 -D$8) -> 0 | F58: =F$9 * (0.009877215139567852 -F$8) -> 0 | G58: =G$9 * (5.81342887878418 -G$8) -> 0 | H58: =H$9 * (12.01389026641846 -H$8) -> 0 | I58: =I$9 * (0.03440574184060097 -I$8) -> 0
A59: =A$9 * (12.00015830993652 -A$8) -> 0 | B59: =B$9 * (12.00015830993652 -B$8) -> 0 | C59: =C$9 * (12.00015830993652 -C$8) -> 0 | D59: =D$9 * (12.00015830993652 -D$8) -> 0 | F59: =F$9 * (0.009877040982246399 -F$8) -> 0 | G59: =G$9 * (5.813147068023682 -G$8) -> 0 | H59: =H$9 * (12.01344966888428 -H$8) -> 0 | I59: =I$9 * (0.03440399095416069 -I$8) -> 0
A60: =A$9 * (12.25038909912109 -A$8) -> 0 | B60: =B$9 * (12.25038909912109 -B$8) -> 0 | C60: =C$9 * (12.25038909912109 -C$8) -> 0 | D60: =D$9 * (12.25038909912109 -D$8) -> 0 | F60: =F$9 * (0.009877192787826061 -F$8) -> 0 | G60: =G$9 * (5.812982082366943 -G$8) -> 0 | H60: =H$9 * (12.01298999786377 -H$8) -> 0 | I60: =I$9 * (0.03440276905894279 -I$8) -> 0
A61: =A$9 * (12.50021076202393 -A$8) -> 0 | B61: =B$9 * (12.50021076202393 -B$8) -> 0 | C61: =C$9 * (12.50021076202393 -C$8) -> 0 | D61: =D$9 * (12.50021076202393 -D$8) -> 0 | F61: =F$9 * (0.009877916425466537 -F$8) -> 0 | G61: =G$9 * (5.81319522857666 -G$8) -> 0 | H61: =H$9 * (12.01292037963867 -H$8) -> 0 | I61: =I$9 * (0.03440428897738457 -I$8) -> 0
A62: =A$9 * (12.75003337860107 -A$8) -> 0 | B62: =B$9 * (12.75003337860107 -B$8) -> 0 | C62: =C$9 * (12.75003337860107 -C$8) -> 0 | D62: =D$9 * (12.75003337860107 -D$8) -> 0 | F62: =F$9 * (0.009877392090857029 -F$8) -> 0 | G62: =G$9 * (5.812816143035889 -G$8) -> 0 | H62: =H$9 * (12.01251983642578 -H$8) -> 0 | I62: =I$9 * (0.03440187871456146 -I$8) -> 0
A63: =A$9 * (13.00026702880859 -A$8) -> 0 | B63: =B$9 * (13.00026702880859 -B$8) -> 0 | C63: =C$9 * (13.00026702880859 -C$8) -> 0 | D63: =D$9 * (13.00026702880859 -D$8) -> 0 | F63: =F$9 * (0.009877394884824753 -F$8) -> 0 | G63: =G$9 * (5.812925815582275 -G$8) -> 0 | H63: =H$9 * (12.01282978057861 -H$8) -> 0 | I63: =I$9 * (0.03440349921584129 -I$8) -> 0
A64: =A$9 * (13.25008869171143 -A$8) -> 0 | B64: =B$9 * (13.25008869171143 -B$8) -> 0 | C64: =C$9 * (13.25008869171143 -C$8) -> 0 | D64: =D$9 * (13.25008869171143 -D$8) -> 0 | F64: =F$9 * (0.009877720847725868 -F$8) -> 0 | G64: =G$9 * (5.812780857086182 -G$8) -> 0 | H64: =H$9 * (12.01224040985107 -H$8) -> 0 | I64: =I$9 * (0.03440187871456146 -I$8) -> 0
A65: =A$9 * (13.500319480896 -A$8) -> 0 | B65: =B$9 * (13.500319480896 -B$8) -> 0 | C65: =C$9 * (13.500319480896 -C$8) -> 0 | D65: =D$9 * (13.500319480896 -D$8) -> 0 | F65: =F$9 * (0.009878383949398994 -F$8) -> 0 | G65: =G$9 * (5.813051223754883 -G$8) -> 0 | H65: =H$9 * (12.01233005523682 -H$8) -> 0 | I65: =I$9 * (0.03440380096435547 -I$8) -> 0
A66: =A$9 * (13.75014209747314 -A$8) -> 0 | B66: =B$9 * (13.75014209747314 -B$8) -> 0 | C66: =C$9 * (13.75014209747314 -C$8) -> 0 | D66: =D$9 * (13.75014209747314 -D$8) -> 0 | F66: =F$9 * (0.009876466356217861 -F$8) -> 0 | G66: =G$9 * (5.812375068664551 -G$8) -> 0 | H66: =H$9 * (12.01243019104004 -H$8) -> 0 | I66: =I$9 * (0.0344005785882473 -I$8) -> 0
A67: =A$9 * (14.0003719329834 -A$8) -> 0 | B67: =B$9 * (14.0003719329834 -B$8) -> 0 | C67: =C$9 * (14.0003719329834 -C$8) -> 0 | D67: =D$9 * (14.0003719329834 -D$8) -> 0 | F67: =F$9 * (0.009878307580947876 -F$8) -> 0 | G67: =G$9 * (5.812729835510254 -G$8) -> 0 | H67: =H$9 * (12.01169967651367 -H$8) -> 0 | I67: =I$9 * (0.0344013087451458 -I$8) -> 0
A68: =A$9 * (14.25019454956055 -A$8) -> 0 | B68: =B$9 * (14.25019454956055 -B$8) -> 0 | C68: =C$9 * (14.25019454956055 -C$8) -> 0 | D68: =D$9 * (14.25019454956055 -D$8) -> 0 | F68: =F$9 * (0.009877484291791916 -F$8) -> 0 | G68: =G$9 * (5.812728881835938 -G$8) -> 0 | H68: =H$9 * (12.01241016387939 -H$8) -> 0 | I68: =I$9 * (0.03440282866358757 -I$8) -> 0
A69: =A$9 * (14.50001621246338 -A$8) -> 0 | B69: =B$9 * (14.50001621246338 -B$8) -> 0 | C69: =C$9 * (14.50001621246338 -C$8) -> 0 | D69: =D$9 * (14.50001621246338 -D$8) -> 0 | F69: =F$9 * (0.009876578114926815 -F$8) -> 0 | G69: =G$9 * (5.812368869781494 -G$8) -> 0 | H69: =H$9 * (12.01237010955811 -H$8) -> 0 | I69: =I$9 * (0.03440102934837341 -I$8) -> 0
A70: =A$9 * (14.75024700164795 -A$8) -> 0 | B70: =B$9 * (14.75024700164795 -B$8) -> 0 | C70: =C$9 * (14.75024700164795 -C$8) -> 0 | D70: =D$9 * (14.75024700164795 -D$8) -> 0 | F70: =F$9 * (0.009878811426460743 -F$8) -> 0 | G70: =G$9 * (5.813046932220459 -G$8) -> 0 | H70: =H$9 * (12.01206016540527 -H$8) -> 0 | I70: =I$9 * (0.03440422937273979 -I$8) -> 0
A71: =A$9 * (15.0000696182251 -A$8) -> 0 | B71: =B$9 * (15.0000696182251 -B$8) -> 0 | C71: =C$9 * (15.0000696182251 -C$8) -> 0 | D71: =D$9 * (15.0000696182251 -D$8) -> 0 | F71: =F$9 * (0.009877579286694527 -F$8) -> 0 | G71: =G$9 * (5.812679767608643 -G$8) -> 0 | H71: =H$9 * (12.01226043701172 -H$8) -> 0 | I71: =I$9 * (0.03440269827842712 -I$8) -> 0
A72: =A$9 * (15.25030040740967 -A$8) -> 0 | B72: =B$9 * (15.25030040740967 -B$8) -> 0 | C72: =C$9 * (15.25030040740967 -C$8) -> 0 | D72: =D$9 * (15.25030040740967 -D$8) -> 0 | F72: =F$9 * (0.009877904318273067 -F$8) -> 0 | G72: =G$9 * (5.812612056732178 -G$8) -> 0 | H72: =H$9 * (12.01185035705566 -H$8) -> 0 | I72: =I$9 * (0.03440167009830475 -I$8) -> 0
A73: =A$9 * (15.5001220703125 -A$8) -> 0 | B73: =B$9 * (15.5001220703125 -B$8) -> 0 | C73: =C$9 * (15.5001220703125 -C$8) -> 0 | D73: =D$9 * (15.5001220703125 -D$8) -> 0 | F73: =F$9 * (0.009877718985080719 -F$8) -> 0 | G73: =G$9 * (5.812736988067627 -G$8) -> 0 | H73: =H$9 * (12.01229953765869 -H$8) -> 0 | I73: =I$9 * (0.03440330922603607 -I$8) -> 0
A74: =A$9 * (15.75035285949707 -A$8) -> 0 | B74: =B$9 * (15.75035285949707 -B$8) -> 0 | C74: =C$9 * (15.75035285949707 -C$8) -> 0 | D74: =D$9 * (15.75035285949707 -D$8) -> 0 | F74: =F$9 * (0.009877497330307961 -F$8) -> 0 | G74: =G$9 * (5.8126540184021 -G$8) -> 0 | H74: =H$9 * (12.01231002807617 -H$8) -> 0 | I74: =I$9 * (0.03440298140048981 -I$8) -> 0
A75: =A$9 * (16.00017547607422 -A$8) -> 0 | B75: =B$9 * (16.00017547607422 -B$8) -> 0 | C75: =C$9 * (16.00017547607422 -C$8) -> 0 | D75: =D$9 * (16.00017547607422 -D$8) -> 0 | F75: =F$9 * (0.009879120625555515 -F$8) -> 0 | G75: =G$9 * (5.813169002532959 -G$8) -> 0 | H75: =H$9 * (12.01212978363037 -H$8) -> 0 | I75: =I$9 * (0.03440548107028008 -I$8) -> 0
A76: =A$9 * (16.25040817260742 -A$8) -> 0 | B76: =B$9 * (16.25040817260742 -B$8) -> 0 | C76: =C$9 * (16.25040817260742 -C$8) -> 0 | D76: =D$9 * (16.25040817260742 -D$8) -> 0 | F76: =F$9 * (0.009877270087599754 -F$8) -> 0 | G76: =G$9 * (5.812602043151855 -G$8) -> 0 | H76: =H$9 * (12.01237964630127 -H$8) -> 0 | I76: =I$9 * (0.03440285846590996 -I$8) -> 0
A77: =A$9 * (16.50023078918457 -A$8) -> 0 | B77: =B$9 * (16.50023078918457 -B$8) -> 0 | C77: =C$9 * (16.50023078918457 -C$8) -> 0 | D77: =D$9 * (16.50023078918457 -D$8) -> 0 | F77: =F$9 * (0.00987749919295311 -F$8) -> 0 | G77: =G$9 * (5.812812805175781 -G$8) -> 0 | H77: =H$9 * (12.01270008087158 -H$8) -> 0 | I77: =I$9 * (0.03440478071570396 -I$8) -> 0
A78: =A$9 * (16.75005340576172 -A$8) -> 0 | B78: =B$9 * (16.75005340576172 -B$8) -> 0 | C78: =C$9 * (16.75005340576172 -C$8) -> 0 | D78: =D$9 * (16.75005340576172 -D$8) -> 0 | F78: =F$9 * (0.009878436103463173 -F$8) -> 0 | G78: =G$9 * (5.81303882598877 -G$8) -> 0 | H78: =H$9 * (12.01243019104004 -H$8) -> 0 | I78: =I$9 * (0.03440548852086067 -I$8) -> 0
A79: =A$9 * (17.00028419494629 -A$8) -> 0 | B79: =B$9 * (17.00028419494629 -B$8) -> 0 | C79: =C$9 * (17.00028419494629 -C$8) -> 0 | D79: =D$9 * (17.00028419494629 -D$8) -> 0 | F79: =F$9 * (0.009878030046820641 -F$8) -> 0 | G79: =G$9 * (5.813080787658691 -G$8) -> 0 | H79: =H$9 * (12.0128698348999 -H$8) -> 0 | I79: =I$9 * (0.03440665081143379 -I$8) -> 0
A80: =A$9 * (17.2501049041748 -A$8) -> 0 | B80: =B$9 * (17.2501049041748 -B$8) -> 0 | C80: =C$9 * (17.2501049041748 -C$8) -> 0 | D80: =D$9 * (17.2501049041748 -D$8) -> 0 | F80: =F$9 * (0.009876720607280731 -F$8) -> 0 | G80: =G$9 * (5.812678813934326 -G$8) -> 0 | H80: =H$9 * (12.01307010650635 -H$8) -> 0 | I80: =I$9 * (0.03440491110086441 -I$8) -> 0
A81: =A$9 * (17.50033569335938 -A$8) -> 0 | B81: =B$9 * (17.50033569335938 -B$8) -> 0 | C81: =C$9 * (17.50033569335938 -C$8) -> 0 | D81: =D$9 * (17.50033569335938 -D$8) -> 0 | F81: =F$9 * (0.009877867065370083 -F$8) -> 0 | G81: =G$9 * (5.812925815582275 -G$8) -> 0 | H81: =H$9 * (12.01266956329346 -H$8) -> 0 | I81: =I$9 * (0.03440545126795769 -I$8) -> 0
A82: =A$9 * (17.75015830993652 -A$8) -> 0 | B82: =B$9 * (17.75015830993652 -B$8) -> 0 | C82: =C$9 * (17.75015830993652 -C$8) -> 0 | D82: =D$9 * (17.75015830993652 -D$8) -> 0 | F82: =F$9 * (0.009877482429146767 -F$8) -> 0 | G82: =G$9 * (5.812802791595459 -G$8) -> 0 | H82: =H$9 * (12.0126895904541 -H$8) -> 0 | I82: =I$9 * (0.03440478071570396 -I$8) -> 0
A83: =A$9 * (18.00038909912109 -A$8) -> 0 | B83: =B$9 * (18.00038909912109 -B$8) -> 0 | C83: =C$9 * (18.00038909912109 -C$8) -> 0 | D83: =D$9 * (18.00038909912109 -D$8) -> 0 | F83: =F$9 * (0.009876739233732224 -F$8) -> 0 | G83: =G$9 * (5.812734127044678 -G$8) -> 0 | H83: =H$9 * (12.01319026947021 -H$8) -> 0 | I83: =I$9 * (0.03440548107028008 -I$8) -> 0
A84: =A$9 * (18.25021171569824 -A$8) -> 0 | B84: =B$9 * (18.25021171569824 -B$8) -> 0 | C84: =C$9 * (18.25021171569824 -C$8) -> 0 | D84: =D$9 * (18.25021171569824 -D$8) -> 0 | F84: =F$9 * (0.009877505712211132 -F$8) -> 0 | G84: =G$9 * (5.813014030456543 -G$8) -> 0 | H84: =H$9 * (12.01319026947021 -H$8) -> 0 | I84: =I$9 * (0.03440701961517334 -I$8) -> 0
A85: =A$9 * (18.50003242492676 -A$8) -> 0 | B85: =B$9 * (18.50003242492676 -B$8) -> 0 | C85: =C$9 * (18.50003242492676 -C$8) -> 0 | D85: =D$9 * (18.50003242492676 -D$8) -> 0 | F85: =F$9 * (0.009878101758658886 -F$8) -> 0 | G85: =G$9 * (5.813442230224609 -G$8) -> 0 | H85: =H$9 * (12.01366996765137 -H$8) -> 0 | I85: =I$9 * (0.03441029042005539 -I$8) -> 0
A86: =A$9 * (18.75026321411133 -A$8) -> 0 | B86: =B$9 * (18.75026321411133 -B$8) -> 0 | C86: =C$9 * (18.75026321411133 -C$8) -> 0 | D86: =D$9 * (18.75026321411133 -D$8) -> 0 | F86: =F$9 * (0.009876680560410023 -F$8) -> 0 | G86: =G$9 * (5.81297779083252 -G$8) -> 0 | H86: =H$9 * (12.01381015777588 -H$8) -> 0 | I86: =I$9 * (0.03440809994935989 -I$8) -> 0
A87: =A$9 * (19.00008583068848 -A$8) -> 0 | B87: =B$9 * (19.00008583068848 -B$8) -> 0 | C87: =C$9 * (19.00008583068848 -C$8) -> 0 | D87: =D$9 * (19.00008583068848 -D$8) -> 0 | F87: =F$9 * (0.009878414683043957 -F$8) -> 0 | G87: =G$9 * (5.813325881958008 -G$8) -> 0 | H87: =H$9 * (12.01315021514893 -H$8) -> 0 | I87: =I$9 * (0.03440868854522705 -I$8) -> 0
A88: =A$9 * (19.25031661987305 -A$8) -> 0 | B88: =B$9 * (19.25031661987305 -B$8) -> 0 | C88: =C$9 * (19.25031661987305 -C$8) -> 0 | D88: =D$9 * (19.25031661987305 -D$8) -> 0 | F88: =F$9 * (0.009878739714622498 -F$8) -> 0 | G88: =G$9 * (5.813713073730469 -G$8) -> 0 | H88: =H$9 * (12.01377010345459 -H$8) -> 0 | I88: =I$9 * (0.03441201150417328 -I$8) -> 0
A89: =A$9 * (19.50014114379883 -A$8) -> 0 | B89: =B$9 * (19.50014114379883 -B$8) -> 0 | C89: =C$9 * (19.50014114379883 -C$8) -> 0 | D89: =D$9 * (19.50014114379883 -D$8) -> 0 | F89: =F$9 * (0.00987707544118166 -F$8) -> 0 | G89: =G$9 * (5.813026905059814 -G$8) -> 0 | H89: =H$9 * (12.01360034942627 -H$8) -> 0 | I89: =I$9 * (0.03440799936652184 -I$8) -> 0
A90: =A$9 * (19.7503719329834 -A$8) -> 0 | B90: =B$9 * (19.7503719329834 -B$8) -> 0 | C90: =C$9 * (19.7503719329834 -C$8) -> 0 | D90: =D$9 * (19.7503719329834 -D$8) -> 0 | F90: =F$9 * (0.00987738836556673 -F$8) -> 0 | G90: =G$9 * (5.813210010528564 -G$8) -> 0 | H90: =H$9 * (12.01375961303711 -H$8) -> 0 | I90: =I$9 * (0.03440928086638451 -I$8) -> 0
A91: =A$9 * (20.00019454956055 -A$8) -> 0 | B91: =B$9 * (20.00019454956055 -B$8) -> 0 | C91: =C$9 * (20.00019454956055 -C$8) -> 0 | D91: =D$9 * (20.00019454956055 -D$8) -> 0 | F91: =F$9 * (0.009876294992864132 -F$8) -> 0 | G91: =G$9 * (5.812725067138672 -G$8) -> 0 | H91: =H$9 * (12.0135498046875 -H$8) -> 0 | I91: =I$9 * (0.03440617024898529 -I$8) -> 0
A92: =A$9 * (20.2500171661377 -A$8) -> 0 | B92: =B$9 * (20.2500171661377 -B$8) -> 0 | C92: =C$9 * (20.2500171661377 -C$8) -> 0 | D92: =D$9 * (20.2500171661377 -D$8) -> 0 | F92: =F$9 * (0.009879316203296185 -F$8) -> 0 | G92: =G$9 * (5.81387186050415 -G$8) -> 0 | H92: =H$9 * (12.01366996765137 -H$8) -> 0 | I92: =I$9 * (0.03441274911165237 -I$8) -> 0
A93: =A$9 * (20.50024795532227 -A$8) -> 0 | B93: =B$9 * (20.50024795532227 -B$8) -> 0 | C93: =C$9 * (20.50024795532227 -C$8) -> 0 | D93: =D$9 * (20.50024795532227 -D$8) -> 0 | F93: =F$9 * (0.009877229109406471 -F$8) -> 0 | G93: =G$9 * (5.813371181488037 -G$8) -> 0 | H93: =H$9 * (12.01426982879639 -H$8) -> 0 | I93: =I$9 * (0.03441115841269493 -I$8) -> 0
A94: =A$9 * (20.75006866455078 -A$8) -> 0 | B94: =B$9 * (20.75006866455078 -B$8) -> 0 | C94: =C$9 * (20.75006866455078 -C$8) -> 0 | D94: =D$9 * (20.75006866455078 -D$8) -> 0 | F94: =F$9 * (0.009877933189272881 -F$8) -> 0 | G94: =G$9 * (5.813711166381836 -G$8) -> 0 | H94: =H$9 * (12.01447010040283 -H$8) -> 0 | I94: =I$9 * (0.03441347926855087 -I$8) -> 0
A95: =A$9 * (21.00029945373535 -A$8) -> 0 | B95: =B$9 * (21.00029945373535 -B$8) -> 0 | C95: =C$9 * (21.00029945373535 -C$8) -> 0 | D95: =D$9 * (21.00029945373535 -D$8) -> 0 | F95: =F$9 * (0.009877430275082588 -F$8) -> 0 | G95: =G$9 * (5.813478946685791 -G$8) -> 0 | H95: =H$9 * (12.01436042785645 -H$8) -> 0 | I95: =I$9 * (0.03441197052598 -I$8) -> 0
A96: =A$9 * (21.2501220703125 -A$8) -> 0 | B96: =B$9 * (21.2501220703125 -B$8) -> 0 | C96: =C$9 * (21.2501220703125 -C$8) -> 0 | D96: =D$9 * (21.2501220703125 -D$8) -> 0 | F96: =F$9 * (0.009877595119178295 -F$8) -> 0 | G96: =G$9 * (5.813692092895508 -G$8) -> 0 | H96: =H$9 * (12.01471996307373 -H$8) -> 0 | I96: =I$9 * (0.03441388159990311 -I$8) -> 0
A97: =A$9 * (21.50035285949707 -A$8) -> 0 | B97: =B$9 * (21.50035285949707 -B$8) -> 0 | C97: =C$9 * (21.50035285949707 -C$8) -> 0 | D97: =D$9 * (21.50035285949707 -D$8) -> 0 | F97: =F$9 * (0.009878385812044144 -F$8) -> 0 | G97: =G$9 * (5.813467979431152 -G$8) -> 0 | H97: =H$9 * (12.01350975036621 -H$8) -> 0 | I97: =I$9 * (0.03441017866134644 -I$8) -> 0
A98: =A$9 * (21.75017547607422 -A$8) -> 0 | B98: =B$9 * (21.75017547607422 -B$8) -> 0 | C98: =C$9 * (21.75017547607422 -C$8) -> 0 | D98: =D$9 * (21.75017547607422 -D$8) -> 0 | F98: =F$9 * (0.009876755066215992 -F$8) -> 0 | G98: =G$9 * (5.813549995422363 -G$8) -> 0 | H98: =H$9 * (12.01509952545166 -H$8) -> 0 | I98: =I$9 * (0.03441378846764565 -I$8) -> 0
A99: =A$9 * (22.00040626525879 -A$8) -> 0 | B99: =B$9 * (22.00040626525879 -B$8) -> 0 | C99: =C$9 * (22.00040626525879 -C$8) -> 0 | D99: =D$9 * (22.00040626525879 -D$8) -> 0 | F99: =F$9 * (0.009878148324787617 -F$8) -> 0 | G99: =G$9 * (5.813604831695557 -G$8) -> 0 | H99: =H$9 * (12.01403999328613 -H$8) -> 0 | I99: =I$9 * (0.03441208973526955 -I$8) -> 0
A100: =A$9 * (22.2502269744873 -A$8) -> 0 | B100: =B$9 * (22.2502269744873 -B$8) -> 0 | C100: =C$9 * (22.2502269744873 -C$8) -> 0 | D100: =D$9 * (22.2502269744873 -D$8) -> 0 | F100: =F$9 * (0.009878951124846935 -F$8) -> 0 | G100: =G$9 * (5.814261913299561 -G$8) -> 0 | H100: =H$9 * (12.01488018035889 -H$8) -> 0 | I100: =I$9 * (0.03441721946001053 -I$8) -> 0
...

Sheet SIM2
A1: h | B1: h | C1: h | D1: h | F1: (M3/S) | G1: (M/S) | H1: (M/S) | I1: (BAR)
A2: TIME1 | B2: TIME2 | C2: TIME3 | D2: TIME4 | F2: ='Legends'!B2 -> 0 | G2: ='Legends'!B3 -> 0 | H2: ='Legends'!B4 -> 0 | I2: ='Legends'!B5 -> 0 | K2: Report-2031_Oil_4500bopd_Liquid_4789blpd_5MMSCFD_GL_TD_Only_OP1.genkey
A3: =MIN($A$11:$A$299) -> 0 | B3: =MIN($B$11:$B$299) -> 0 | C3: =MIN($C$11:$C$299) -> 0 | D3: =MIN($D$11:$D$299) -> 0 | E3: Min | F3: =MIN($F$11:$F$299) -> 0 | G3: =MIN($G$11:$G$299) -> 0 | H3: =MIN($H$11:$H$299) -> 0 | I3: =MIN($I$11:$I$299) -> 0
A4: =MEDIAN($A$11:$A$299) -> 0 | B4: =MEDIAN($B$11:$B$299) -> 0 | C4: =MEDIAN($C$11:$C$299) -> 0 | D4: =MEDIAN($D$11:$D$299) -> 0 | E4: P50 | F4: =MEDIAN($F$11:$F$299) -> 0 | G4: =MEDIAN($G$11:$G$299) -> 0 | H4: =MEDIAN($H$11:$H$299) -> 0 | I4: =MEDIAN($I$11:$I$299) -> 0
A5: =MAX($A$11:$A$299) -> 0 | B5: =MAX($B$11:$B$299) -> 0 | C5: =MAX($C$11:$C$299) -> 0 | D5: =MAX($D$11:$D$299) -> 0 | E5: Max | F5: =MAX($F$11:$F$299) -> 0 | G5: =MAX($G$11:$G$299) -> 0 | H5: =MAX($H$11:$H$299) -> 0 | I5: =MAX($I$11:$I$299) -> 0
A6: =$A5-$A3 -> 0 | B6: =$B5-$B3 -> 0 | C6: =$C5-$C3 -> 0 | D6: =$D5-$D3 -> 0 | E6: Delta | F6: =$F5-$F3 -> 0 | G6: =$G5-$G3 -> 0 | H6: =$H5-$H3 -> 0 | I6: =$I5-$I3 -> 0
A7: h | B7: h | C7: h | D7: h | F7: (M3/S) | G7: (M/S) | H7: (M/S) | I7: (BAR)
A8: 0 | B8: 0 | C8: 0 | D8: 0 | E8: Offset | F8: 0 | G8: 0 | H8: 0 | I8: 0
A9: 1 | B9: 1 | C9: 1 | D9: 1 | E9: Scale | F9: 1 | G9: 1 | H9: 1 | I9: 1
A10: TIME1 | B10: TIME2 | C10: TIME3 | D10: TIME4 | F10: ='Legends'!B2 -> 0 | G10: ='Legends'!B3 -> 0 | H10: ='Legends'!B4 -> 0 | I10: ='Legends'!B5 -> 0
A11: =A$9 * (0 -A$8) -> 0 | B11: =B$9 * (0 -B$8) -> 0 | C11: =C$9 * (0 -C$8) -> 0 | D11: =D$9 * (0 -D$8) -> 0 | F11: =F$9 * (0.01899014040827751 -F$8) -> 0 | G11: =G$9 * (6.976023197174072 -G$8) -> 0 | H11: =H$9 * (9.87746524810791 -H$8) -> 0 | I11: =I$9 * (0.04023474827408791 -I$8) -> 0
A12: =A$9 * (0.2503923773765564 -A$8) -> 0 | B12: =B$9 * (0.2503923773765564 -B$8) -> 0 | C12: =C$9 * (0.2503923773765564 -C$8) -> 0 | D12: =D$9 * (0.2503923773765564 -D$8) -> 0 | F12: =F$9 * (0.0130656398832798 -F$8) -> 0 | G12: =G$9 * (6.005105018615723 -G$8) -> 0 | H12: =H$9 * (10.26500034332275 -H$8) -> 0 | I12: =I$9 * (0.03208952024579048 -I$8) -> 0
A13: =A$9 * (0.5000028014183044 -A$8) -> 0 | B13: =B$9 * (0.5000028014183044 -B$8) -> 0 | C13: =C$9 * (0.5000028014183044 -C$8) -> 0 | D13: =D$9 * (0.5000028014183044 -D$8) -> 0 | F13: =F$9 * (0.009224898181855679 -F$8) -> 0 | G13: =G$9 * (4.252870082855225 -G$8) -> 0 | H13: =H$9 * (8.758434295654297 -H$8) -> 0 | I13: =I$9 * (0.02026757970452309 -I$8) -> 0
A14: =A$9 * (0.7500805258750916 -A$8) -> 0 | B14: =B$9 * (0.7500805258750916 -B$8) -> 0 | C14: =C$9 * (0.7500805258750916 -C$8) -> 0 | D14: =D$9 * (0.7500805258750916 -D$8) -> 0 | F14: =F$9 * (0.01388760004192591 -F$8) -> 0 | G14: =G$9 * (4.405671119689941 -G$8) -> 0 | H14: =H$9 * (7.069362163543701 -H$8) -> 0 | I14: =I$9 * (0.02031189016997814 -I$8) -> 0
A15: =A$9 * (1.00001060962677 -A$8) -> 0 | B15: =B$9 * (1.00001060962677 -B$8) -> 0 | C15: =C$9 * (1.00001060962677 -C$8) -> 0 | D15: =D$9 * (1.00001060962677 -D$8) -> 0 | F15: =F$9 * (0.008046560920774937 -F$8) -> 0 | G15: =G$9 * (3.715637922286987 -G$8) -> 0 | H15: =H$9 * (8.319994926452637 -H$8) -> 0 | I15: =I$9 * (0.01728381961584091 -I$8) -> 0
A16: =A$9 * (1.250362277030945 -A$8) -> 0 | B16: =B$9 * (1.250362277030945 -B$8) -> 0 | C16: =C$9 * (1.250362277030945 -C$8) -> 0 | D16: =D$9 * (1.250362277030945 -D$8) -> 0 | F16: =F$9 * (0.006253426894545555 -F$8) -> 0 | G16: =G$9 * (2.63515305519104 -G$8) -> 0 | H16: =H$9 * (6.88732385635376 -H$8) -> 0 | I16: =I$9 * (0.0112347798421979 -I$8) -> 0
A17: =A$9 * (1.500348329544067 -A$8) -> 0 | B17: =B$9 * (1.500348329544067 -B$8) -> 0 | C17: =C$9 * (1.500348329544067 -C$8) -> 0 | D17: =D$9 * (1.500348329544067 -D$8) -> 0 | F17: =F$9 * (0.01099324971437454 -F$8) -> 0 | G17: =G$9 * (4.916737079620361 -G$8) -> 0 | H17: =H$9 * (9.149863243103027 -H$8) -> 0 | I17: =I$9 * (0.02428581938147545 -I$8) -> 0
A18: =A$9 * (1.750333905220032 -A$8) -> 0 | B18: =B$9 * (1.750333905220032 -B$8) -> 0 | C18: =C$9 * (1.750333905220032 -C$8) -> 0 | D18: =D$9 * (1.750333905220032 -D$8) -> 0 | F18: =F$9 * (0.007645462173968554 -F$8) -> 0 | G18: =G$9 * (3.215632915496826 -G$8) -> 0 | H18: =H$9 * (7.37236213684082 -H$8) -> 0 | I18: =I$9 * (0.0140394801273942 -I$8) -> 0
A19: =A$9 * (2.000319480895996 -A$8) -> 0 | B19: =B$9 * (2.000319480895996 -B$8) -> 0 | C19: =C$9 * (2.000319480895996 -C$8) -> 0 | D19: =D$9 * (2.000319480895996 -D$8) -> 0 | F19: =F$9 * (0.008920475840568542 -F$8) -> 0 | G19: =G$9 * (2.615137100219727 -G$8) -> 0 | H19: =H$9 * (5.323991775512695 -H$8) -> 0 | I19: =I$9 * (0.009964051656424999 -I$8) -> 0
A20: =A$9 * (2.250304937362671 -A$8) -> 0 | B20: =B$9 * (2.250304937362671 -B$8) -> 0 | C20: =C$9 * (2.250304937362671 -C$8) -> 0 | D20: =D$9 * (2.250304937362671 -D$8) -> 0 | F20: =F$9 * (0.008142299018800259 -F$8) -> 0 | G20: =G$9 * (3.766031980514526 -G$8) -> 0 | H20: =H$9 * (8.366021156311035 -H$8) -> 0 | I20: =I$9 * (0.0175566803663969 -I$8) -> 0
A21: =A$9 * (2.500290632247925 -A$8) -> 0 | B21: =B$9 * (2.500290632247925 -B$8) -> 0 | C21: =C$9 * (2.500290632247925 -C$8) -> 0 | D21: =D$9 * (2.500290632247925 -D$8) -> 0 | F21: =F$9 * (0.007999487221240997 -F$8) -> 0 | G21: =G$9 * (3.323729991912842 -G$8) -> 0 | H21: =H$9 * (7.393245220184326 -H$8) -> 0 | I21: =I$9 * (0.01456431020051241 -I$8) -> 0
A22: =A$9 * (2.7502760887146 -A$8) -> 0 | B22: =B$9 * (2.7502760887146 -B$8) -> 0 | C22: =C$9 * (2.7502760887146 -C$8) -> 0 | D22: =D$9 * (2.7502760887146 -D$8) -> 0 | F22: =F$9 * (0.01836380921304226 -F$8) -> 0 | G22: =G$9 * (5.241350173950195 -G$8) -> 0 | H22: =H$9 * (7.365799903869629 -H$8) -> 0 | I22: =I$9 * (0.02680592983961105 -I$8) -> 0
A23: =A$9 * (3.000097274780273 -A$8) -> 0 | B23: =B$9 * (3.000097274780273 -B$8) -> 0 | C23: =C$9 * (3.000097274780273 -C$8) -> 0 | D23: =D$9 * (3.000097274780273 -D$8) -> 0 | F23: =F$9 * (0.007615745067596436 -F$8) -> 0 | G23: =G$9 * (3.456604957580566 -G$8) -> 0 | H23: =H$9 * (8.01375675201416 -H$8) -> 0 | I23: =I$9 * (0.0158767607063055 -I$8) -> 0
A24: =A$9 * (3.25011944770813 -A$8) -> 0 | B24: =B$9 * (3.25011944770813 -B$8) -> 0 | C24: =C$9 * (3.25011944770813 -C$8) -> 0 | D24: =D$9 * (3.25011944770813 -D$8) -> 0 | F24: =F$9 * (0.005757988896220922 -F$8) -> 0 | G24: =G$9 * (1.466423988342285 -G$8) -> 0 | H24: =H$9 * (3.980041980743408 -H$8) -> 0 | I24: =I$9 * (2.264000045215653E-7 -I$8) -> 0
A25: =A$9 * (3.500241756439209 -A$8) -> 0 | B25: =B$9 * (3.500241756439209 -B$8) -> 0 | C25: =C$9 * (3.500241756439209 -C$8) -> 0 | D25: =D$9 * (3.500241756439209 -D$8) -> 0 | F25: =F$9 * (0.0128260999917984 -F$8) -> 0 | G25: =G$9 * (7.714497089385986 -G$8) -> 0 | H25: =H$9 * (13.99660968780518 -H$8) -> 0 | I25: =I$9 * (0.05035063996911049 -I$8) -> 0
A26: =A$9 * (3.750241756439209 -A$8) -> 0 | B26: =B$9 * (3.750241756439209 -B$8) -> 0 | C26: =C$9 * (3.750241756439209 -C$8) -> 0 | D26: =D$9 * (3.750241756439209 -D$8) -> 0 | F26: =F$9 * (0.009497069753706455 -F$8) -> 0 | G26: =G$9 * (3.955521106719971 -G$8) -> 0 | H26: =H$9 * (8.004570960998535 -H$8) -> 0 | I26: =I$9 * (0.0184132494032383 -I$8) -> 0
A27: =A$9 * (4.000097274780273 -A$8) -> 0 | B27: =B$9 * (4.000097274780273 -B$8) -> 0 | C27: =C$9 * (4.000097274780273 -C$8) -> 0 | D27: =D$9 * (4.000097274780273 -D$8) -> 0 | F27: =F$9 * (-0.0003748451999854296 -F$8) -> 0 | G27: =G$9 * (-0.9890316128730774 -G$8) -> 0 | H27: =H$9 * (0.6646957993507385 -H$8) -> 0 | I27: =I$9 * (1.314000002139437E-7 -I$8) -> 0
A28: =A$9 * (4.250372409820557 -A$8) -> 0 | B28: =B$9 * (4.250372409820557 -B$8) -> 0 | C28: =C$9 * (4.250372409820557 -C$8) -> 0 | D28: =D$9 * (4.250372409820557 -D$8) -> 0 | F28: =F$9 * (-0.001041476032696664 -F$8) -> 0 | G28: =G$9 * (-0.6794130206108093 -G$8) -> 0 | H28: =H$9 * (-0.05409051850438118 -H$8) -> 0 | I28: =I$9 * (0.002414763905107975 -I$8) -> 0
A29: =A$9 * (4.500458240509033 -A$8) -> 0 | B29: =B$9 * (4.500458240509033 -B$8) -> 0 | C29: =C$9 * (4.500458240509033 -C$8) -> 0 | D29: =D$9 * (4.500458240509033 -D$8) -> 0 | F29: =F$9 * (-0.0007887210813350976 -F$8) -> 0 | G29: =G$9 * (-1.047322988510132 -G$8) -> 0 | H29: =H$9 * (0.9475120902061462 -H$8) -> 0 | I29: =I$9 * (0.0002378169010626152 -I$8) -> 0
A30: =A$9 * (4.750261306762695 -A$8) -> 0 | B30: =B$9 * (4.750261306762695 -B$8) -> 0 | C30: =C$9 * (4.750261306762695 -C$8) -> 0 | D30: =D$9 * (4.750261306762695 -D$8) -> 0 | F30: =F$9 * (0.1061370968818665 -F$8) -> 0 | G30: =G$9 * (25.68881988525391 -G$8) -> 0 | H30: =H$9 * (27.84515953063965 -H$8) -> 0 | I30: =I$9 * (0.7688395977020264 -I$8) -> 0
A31: =A$9 * (5.000511169433594 -A$8) -> 0 | B31: =B$9 * (5.000511169433594 -B$8) -> 0 | C31: =C$9 * (5.000511169433594 -C$8) -> 0 | D31: =D$9 * (5.000511169433594 -D$8) -> 0 | F31: =F$9 * (0.003650814993306994 -F$8) -> 0 | G31: =G$9 * (0.474639505147934 -G$8) -> 0 | H31: =H$9 * (1.767848968505859 -H$8) -> 0 | I31: =I$9 * (1.720000000204891E-7 -I$8) -> 0
A32: =A$9 * (5.250458240509033 -A$8) -> 0 | B32: =B$9 * (5.250458240509033 -B$8) -> 0 | C32: =C$9 * (5.250458240509033 -C$8) -> 0 | D32: =D$9 * (5.250458240509033 -D$8) -> 0 | F32: =F$9 * (-0.0005991857033222914 -F$8) -> 0 | G32: =G$9 * (-1.005172967910767 -G$8) -> 0 | H32: =H$9 * (0.6231549978256226 -H$8) -> 0 | I32: =I$9 * (4.929999875002977E-8 -I$8) -> 0
A33: =A$9 * (5.500708103179932 -A$8) -> 0 | B33: =B$9 * (5.500708103179932 -B$8) -> 0 | C33: =C$9 * (5.500708103179932 -C$8) -> 0 | D33: =D$9 * (5.500708103179932 -D$8) -> 0 | F33: =F$9 * (-0.001275021000765264 -F$8) -> 0 | G33: =G$9 * (-1.732679009437561 -G$8) -> 0 | H33: =H$9 * (1.102659940719604 -H$8) -> 0 | I33: =I$9 * (1.96000002006258E-7 -I$8) -> 0
A34: =A$9 * (5.750102996826172 -A$8) -> 0 | B34: =B$9 * (5.750102996826172 -B$8) -> 0 | C34: =C$9 * (5.750102996826172 -C$8) -> 0 | D34: =D$9 * (5.750102996826172 -D$8) -> 0 | F34: =F$9 * (0.137664794921875 -F$8) -> 0 | G34: =G$9 * (10.02826976776123 -G$8) -> 0 | H34: =H$9 * (10.36571979522705 -H$8) -> 0 | I34: =I$9 * (0.2527644038200378 -I$8) -> 0
A35: =A$9 * (6.000141620635986 -A$8) -> 0 | B35: =B$9 * (6.000141620635986 -B$8) -> 0 | C35: =C$9 * (6.000141620635986 -C$8) -> 0 | D35: =D$9 * (6.000141620635986 -D$8) -> 0 | F35: =F$9 * (0.03853410854935646 -F$8) -> 0 | G35: =G$9 * (6.687821865081787 -G$8) -> 0 | H35: =H$9 * (7.165358066558838 -H$8) -> 0 | I35: =I$9 * (0.05159810930490494 -I$8) -> 0
A36: =A$9 * (6.250077724456787 -A$8) -> 0 | B36: =B$9 * (6.250077724456787 -B$8) -> 0 | C36: =C$9 * (6.250077724456787 -C$8) -> 0 | D36: =D$9 * (6.250077724456787 -D$8) -> 0 | F36: =F$9 * (0.01381864957511425 -F$8) -> 0 | G36: =G$9 * (8.080621719360352 -G$8) -> 0 | H36: =H$9 * (14.33267021179199 -H$8) -> 0 | I36: =I$9 * (0.05436401814222336 -I$8) -> 0
A37: =A$9 * (6.500152587890625 -A$8) -> 0 | B37: =B$9 * (6.500152587890625 -B$8) -> 0 | C37: =C$9 * (6.500152587890625 -C$8) -> 0 | D37: =D$9 * (6.500152587890625 -D$8) -> 0 | F37: =F$9 * (0.005012299865484238 -F$8) -> 0 | G37: =G$9 * (2.963341951370239 -G$8) -> 0 | H37: =H$9 * (9.477082252502441 -H$8) -> 0 | I37: =I$9 * (0.01652489043772221 -I$8) -> 0
A38: =A$9 * (6.750280380249023 -A$8) -> 0 | B38: =B$9 * (6.750280380249023 -B$8) -> 0 | C38: =C$9 * (6.750280380249023 -C$8) -> 0 | D38: =D$9 * (6.750280380249023 -D$8) -> 0 | F38: =F$9 * (0.006646659225225449 -F$8) -> 0 | G38: =G$9 * (3.028903007507324 -G$8) -> 0 | H38: =H$9 * (7.74265718460083 -H$8) -> 0 | I38: =I$9 * (0.01404414046555758 -I$8) -> 0
A39: =A$9 * (7.000197410583496 -A$8) -> 0 | B39: =B$9 * (7.000197410583496 -B$8) -> 0 | C39: =C$9 * (7.000197410583496 -C$8) -> 0 | D39: =D$9 * (7.000197410583496 -D$8) -> 0 | F39: =F$9 * (0.004747910890728235 -F$8) -> 0 | G39: =G$9 * (2.366934061050415 -G$8) -> 0 | H39: =H$9 * (7.745597839355469 -H$8) -> 0 | I39: =I$9 * (0.01167813967913389 -I$8) -> 0
A40: =A$9 * (7.250205516815186 -A$8) -> 0 | B40: =B$9 * (7.250205516815186 -B$8) -> 0 | C40: =C$9 * (7.250205516815186 -C$8) -> 0 | D40: =D$9 * (7.250205516815186 -D$8) -> 0 | F40: =F$9 * (0.004248705226927996 -F$8) -> 0 | G40: =G$9 * (1.919296026229858 -G$8) -> 0 | H40: =H$9 * (6.772552967071533 -H$8) -> 0 | I40: =I$9 * (3.965000132666319E-7 -I$8) -> 0
A41: =A$9 * (7.500277996063232 -A$8) -> 0 | B41: =B$9 * (7.500277996063232 -B$8) -> 0 | C41: =C$9 * (7.500277996063232 -C$8) -> 0 | D41: =D$9 * (7.500277996063232 -D$8) -> 0 | F41: =F$9 * (0.01221065036952496 -F$8) -> 0 | G41: =G$9 * (3.419640064239502 -G$8) -> 0 | H41: =H$9 * (5.851851940155029 -H$8) -> 0 | I41: =I$9 * (0.01450322009623051 -I$8) -> 0
A42: =A$9 * (7.750138759613037 -A$8) -> 0 | B42: =B$9 * (7.750138759613037 -B$8) -> 0 | C42: =C$9 * (7.750138759613037 -C$8) -> 0 | D42: =D$9 * (7.750138759613037 -D$8) -> 0 | F42: =F$9 * (0.006391381844878197 -F$8) -> 0 | G42: =G$9 * (2.942280054092407 -G$8) -> 0 | H42: =H$9 * (7.705772876739502 -H$8) -> 0 | I42: =I$9 * (0.01359030045568943 -I$8) -> 0
A43: =A$9 * (8.000371932983398 -A$8) -> 0 | B43: =B$9 * (8.000371932983398 -B$8) -> 0 | C43: =C$9 * (8.000371932983398 -C$8) -> 0 | D43: =D$9 * (8.000371932983398 -D$8) -> 0 | F43: =F$9 * (0.004099986050277948 -F$8) -> 0 | G43: =G$9 * (1.102023005485535 -G$8) -> 0 | H43: =H$9 * (3.876046895980835 -H$8) -> 0 | I43: =I$9 * (6.250999717849481E-7 -I$8) -> 0
A44: =A$9 * (8.250127792358398 -A$8) -> 0 | B44: =B$9 * (8.250127792358398 -B$8) -> 0 | C44: =C$9 * (8.250127792358398 -C$8) -> 0 | D44: =D$9 * (8.250127792358398 -D$8) -> 0 | F44: =F$9 * (-0.0005198799190111458 -F$8) -> 0 | G44: =G$9 * (-1.279404997825623 -G$8) -> 0 | H44: =H$9 * (1.375887036323547 -H$8) -> 0 | I44: =I$9 * (3.568000011000549E-7 -I$8) -> 0
A45: =A$9 * (8.500100135803223 -A$8) -> 0 | B45: =B$9 * (8.500100135803223 -B$8) -> 0 | C45: =C$9 * (8.500100135803223 -C$8) -> 0 | D45: =D$9 * (8.500100135803223 -D$8) -> 0 | F45: =F$9 * (-0.0008030513999983668 -F$8) -> 0 | G45: =G$9 * (-1.564044952392578 -G$8) -> 0 | H45: =H$9 * (1.425675988197327 -H$8) -> 0 | I45: =I$9 * (6.028000143487589E-7 -I$8) -> 0
A46: =A$9 * (8.750033378601074 -A$8) -> 0 | B46: =B$9 * (8.750033378601074 -B$8) -> 0 | C46: =C$9 * (8.750033378601074 -C$8) -> 0 | D46: =D$9 * (8.750033378601074 -D$8) -> 0 | F46: =F$9 * (-3.065040073124692E-5 -F$8) -> 0 | G46: =G$9 * (-1.311691999435425 -G$8) -> 0 | H46: =H$9 * (0.8125017881393433 -H$8) -> 0 | I46: =I$9 * (1.91599994536773E-7 -I$8) -> 0
A47: =A$9 * (9.000444412231445 -A$8) -> 0 | B47: =B$9 * (9.000444412231445 -B$8) -> 0 | C47: =C$9 * (9.000444412231445 -C$8) -> 0 | D47: =D$9 * (9.000444412231445 -D$8) -> 0 | F47: =F$9 * (0.001112784957513213 -F$8) -> 0 | G47: =G$9 * (-0.0124237397685647 -G$8) -> 0 | H47: =H$9 * (8.072714805603027 -H$8) -> 0 | I47: =I$9 * (0.008159971795976162 -I$8) -> 0
A48: =A$9 * (9.250080108642578 -A$8) -> 0 | B48: =B$9 * (9.250080108642578 -B$8) -> 0 | C48: =C$9 * (9.250080108642578 -C$8) -> 0 | D48: =D$9 * (9.250080108642578 -D$8) -> 0 | F48: =F$9 * (0.0001492525043431669 -F$8) -> 0 | G48: =G$9 * (-0.6259157061576843 -G$8) -> 0 | H48: =H$9 * (0.8829571008682251 -H$8) -> 0 | I48: =I$9 * (2.049999991982077E-8 -I$8) -> 0
A49: =A$9 * (9.500617027282715 -A$8) -> 0 | B49: =B$9 * (9.500617027282715 -B$8) -> 0 | C49: =C$9 * (9.500617027282715 -C$8) -> 0 | D49: =D$9 * (9.500617027282715 -D$8) -> 0 | F49: =F$9 * (0.000394556496758014 -F$8) -> 0 | G49: =G$9 * (-0.6095122098922729 -G$8) -> 0 | H49: =H$9 * (0.9747636914253235 -H$8) -> 0 | I49: =I$9 * (2.109999996946499E-8 -I$8) -> 0
A50: =A$9 * (9.75078010559082 -A$8) -> 0 | B50: =B$9 * (9.75078010559082 -B$8) -> 0 | C50: =C$9 * (9.75078010559082 -C$8) -> 0 | D50: =D$9 * (9.75078010559082 -D$8) -> 0 | F50: =F$9 * (-0.0010599410161376 -F$8) -> 0 | G50: =G$9 * (-1.291968941688538 -G$8) -> 0 | H50: =H$9 * (1.444102048873901 -H$8) -> 0 | I50: =I$9 * (2.1760000379345E-7 -I$8) -> 0
A51: =A$9 * (10.00001907348633 -A$8) -> 0 | B51: =B$9 * (10.00001907348633 -B$8) -> 0 | C51: =C$9 * (10.00001907348633 -C$8) -> 0 | D51: =D$9 * (10.00001907348633 -D$8) -> 0 | F51: =F$9 * (0.006617133971303701 -F$8) -> 0 | G51: =G$9 * (0.2750112116336823 -G$8) -> 0 | H51: =H$9 * (23.62397956848145 -H$8) -> 0 | I51: =I$9 * (0.09030947089195251 -I$8) -> 0
A52: =A$9 * (10.25024700164795 -A$8) -> 0 | B52: =B$9 * (10.25024700164795 -B$8) -> 0 | C52: =C$9 * (10.25024700164795 -C$8) -> 0 | D52: =D$9 * (10.25024700164795 -D$8) -> 0 | F52: =F$9 * (0.0326506607234478 -F$8) -> 0 | G52: =G$9 * (14.56657981872559 -G$8) -> 0 | H52: =H$9 * (19.6618595123291 -H$8) -> 0 | I52: =I$9 * (0.1566223055124283 -I$8) -> 0
A53: =A$9 * (10.50033092498779 -A$8) -> 0 | B53: =B$9 * (10.50033092498779 -B$8) -> 0 | C53: =C$9 * (10.50033092498779 -C$8) -> 0 | D53: =D$9 * (10.50033092498779 -D$8) -> 0 | F53: =F$9 * (0.009029592387378216 -F$8) -> 0 | G53: =G$9 * (5.940992832183838 -G$8) -> 0 | H53: =H$9 * (13.10616016387939 -H$8) -> 0 | I53: =I$9 * (0.03720472007989883 -I$8) -> 0
A54: =A$9 * (10.75027179718018 -A$8) -> 0 | B54: =B$9 * (10.75027179718018 -B$8) -> 0 | C54: =C$9 * (10.75027179718018 -C$8) -> 0 | D54: =D$9 * (10.75027179718018 -D$8) -> 0 | F54: =F$9 * (0.00702108396217227 -F$8) -> 0 | G54: =G$9 * (3.06354808807373 -G$8) -> 0 | H54: =H$9 * (7.548855781555176 -H$8) -> 0 | I54: =I$9 * (0.01402010954916477 -I$8) -> 0
A55: =A$9 * (11.00011920928955 -A$8) -> 0 | B55: =B$9 * (11.00011920928955 -B$8) -> 0 | C55: =C$9 * (11.00011920928955 -C$8) -> 0 | D55: =D$9 * (11.00011920928955 -D$8) -> 0 | F55: =F$9 * (0.005500460974872112 -F$8) -> 0 | G55: =G$9 * (2.683267116546631 -G$8) -> 0 | H55: =H$9 * (7.881991863250732 -H$8) -> 0 | I55: =I$9 * (0.01298447977751493 -I$8) -> 0
A56: =A$9 * (11.25021934509277 -A$8) -> 0 | B56: =B$9 * (11.25021934509277 -B$8) -> 0 | C56: =C$9 * (11.25021934509277 -C$8) -> 0 | D56: =D$9 * (11.25021934509277 -D$8) -> 0 | F56: =F$9 * (0.004566628951579332 -F$8) -> 0 | G56: =G$9 * (2.223283052444458 -G$8) -> 0 | H56: =H$9 * (7.491014957427979 -H$8) -> 0 | I56: =I$9 * (0.01088808011263609 -I$8) -> 0
A57: =A$9 * (11.5001859664917 -A$8) -> 0 | B57: =B$9 * (11.5001859664917 -B$8) -> 0 | C57: =C$9 * (11.5001859664917 -C$8) -> 0 | D57: =D$9 * (11.5001859664917 -D$8) -> 0 | F57: =F$9 * (0.004893558099865913 -F$8) -> 0 | G57: =G$9 * (1.602781057357788 -G$8) -> 0 | H57: =H$9 * (5.001891136169434 -H$8) -> 0 | I57: =I$9 * (2.705999975205486E-7 -I$8) -> 0
A58: =A$9 * (11.75002765655518 -A$8) -> 0 | B58: =B$9 * (11.75002765655518 -B$8) -> 0 | C58: =C$9 * (11.75002765655518 -C$8) -> 0 | D58: =D$9 * (11.75002765655518 -D$8) -> 0 | F58: =F$9 * (0.00831142533570528 -F$8) -> 0 | G58: =G$9 * (4.075256824493408 -G$8) -> 0 | H58: =H$9 * (9.062353134155273 -H$8) -> 0 | I58: =I$9 * (0.0203064102679491 -I$8) -> 0
A59: =A$9 * (12.00011348724365 -A$8) -> 0 | B59: =B$9 * (12.00011348724365 -B$8) -> 0 | C59: =C$9 * (12.00011348724365 -C$8) -> 0 | D59: =D$9 * (12.00011348724365 -D$8) -> 0 | F59: =F$9 * (0.007675514090806246 -F$8) -> 0 | G59: =G$9 * (3.184714078903198 -G$8) -> 0 | H59: =H$9 * (7.334950923919678 -H$8) -> 0 | I59: =I$9 * (0.01415146980434656 -I$8) -> 0
A60: =A$9 * (12.2503719329834 -A$8) -> 0 | B60: =B$9 * (12.2503719329834 -B$8) -> 0 | C60: =C$9 * (12.2503719329834 -C$8) -> 0 | D60: =D$9 * (12.2503719329834 -D$8) -> 0 | F60: =F$9 * (0.0007922840886749327 -F$8) -> 0 | G60: =G$9 * (0.1482362002134323 -G$8) -> 0 | H60: =H$9 * (2.112140893936157 -H$8) -> 0 | I60: =I$9 * (4.349999827013562E-8 -I$8) -> 0
A61: =A$9 * (12.50043869018555 -A$8) -> 0 | B61: =B$9 * (12.50043869018555 -B$8) -> 0 | C61: =C$9 * (12.50043869018555 -C$8) -> 0 | D61: =D$9 * (12.50043869018555 -D$8) -> 0 | F61: =F$9 * (-0.00379423308186233 -F$8) -> 0 | G61: =G$9 * (-0.1887764036655426 -G$8) -> 0 | H61: =H$9 * (-2.181539058685303 -H$8) -> 0 | I61: =I$9 * (5.549999926302007E-8 -I$8) -> 0
A62: =A$9 * (12.75056648254395 -A$8) -> 0 | B62: =B$9 * (12.75056648254395 -B$8) -> 0 | C62: =C$9 * (12.75056648254395 -C$8) -> 0 | D62: =D$9 * (12.75056648254395 -D$8) -> 0 | F62: =F$9 * (-0.0007580395904369652 -F$8) -> 0 | G62: =G$9 * (-1.302849054336548 -G$8) -> 0 | H62: =H$9 * (1.310423016548157 -H$8) -> 0 | I62: =I$9 * (4.448999959549838E-7 -I$8) -> 0
A63: =A$9 * (13.00006675720215 -A$8) -> 0 | B63: =B$9 * (13.00006675720215 -B$8) -> 0 | C63: =C$9 * (13.00006675720215 -C$8) -> 0 | D63: =D$9 * (13.00006675720215 -D$8) -> 0 | F63: =F$9 * (0.01546690985560417 -F$8) -> 0 | G63: =G$9 * (13.5888204574585 -G$8) -> 0 | H63: =H$9 * (42.47193145751953 -H$8) -> 0 | I63: =I$9 * (0.3829891979694366 -I$8) -> 0
A64: =A$9 * (13.2501916885376 -A$8) -> 0 | B64: =B$9 * (13.2501916885376 -B$8) -> 0 | C64: =C$9 * (13.2501916885376 -C$8) -> 0 | D64: =D$9 * (13.2501916885376 -D$8) -> 0 | F64: =F$9 * (-0.0003110273100901395 -F$8) -> 0 | G64: =G$9 * (-0.06850536912679672 -G$8) -> 0 | H64: =H$9 * (1.919422030448914 -H$8) -> 0 | I64: =I$9 * (5.849999951124119E-8 -I$8) -> 0
A65: =A$9 * (13.5005054473877 -A$8) -> 0 | B65: =B$9 * (13.5005054473877 -B$8) -> 0 | C65: =C$9 * (13.5005054473877 -C$8) -> 0 | D65: =D$9 * (13.5005054473877 -D$8) -> 0 | F65: =F$9 * (-0.001348149031400681 -F$8) -> 0 | G65: =G$9 * (-0.2331795990467072 -G$8) -> 0 | H65: =H$9 * (-0.6869742870330811 -H$8) -> 0 | I65: =I$9 * (4.960000055120872E-8 -I$8) -> 0
A66: =A$9 * (13.75016117095947 -A$8) -> 0 | B66: =B$9 * (13.75016117095947 -B$8) -> 0 | C66: =C$9 * (13.75016117095947 -C$8) -> 0 | D66: =D$9 * (13.75016117095947 -D$8) -> 0 | F66: =F$9 * (-0.0009716441272757947 -F$8) -> 0 | G66: =G$9 * (-1.546869039535522 -G$8) -> 0 | H66: =H$9 * (0.5749549865722656 -H$8) -> 0 | I66: =I$9 * (2.095000013468962E-7 -I$8) -> 0
A67: =A$9 * (14.00051689147949 -A$8) -> 0 | B67: =B$9 * (14.00051689147949 -B$8) -> 0 | C67: =C$9 * (14.00051689147949 -C$8) -> 0 | D67: =D$9 * (14.00051689147949 -D$8) -> 0 | F67: =F$9 * (0.07384085655212402 -F$8) -> 0 | G67: =G$9 * (2.875849008560181 -G$8) -> 0 | H67: =H$9 * (3.037049055099487 -H$8) -> 0 | I67: =I$9 * (0.0316915400326252 -I$8) -> 0
A68: =A$9 * (14.25014972686768 -A$8) -> 0 | B68: =B$9 * (14.25014972686768 -B$8) -> 0 | C68: =C$9 * (14.25014972686768 -C$8) -> 0 | D68: =D$9 * (14.25014972686768 -D$8) -> 0 | F68: =F$9 * (0.01090988982468843 -F$8) -> 0 | G68: =G$9 * (5.841464042663574 -G$8) -> 0 | H68: =H$9 * (11.22406005859375 -H$8) -> 0 | I68: =I$9 * (0.0343623086810112 -I$8) -> 0
A69: =A$9 * (14.50046920776367 -A$8) -> 0 | B69: =B$9 * (14.50046920776367 -B$8) -> 0 | C69: =C$9 * (14.50046920776367 -C$8) -> 0 | D69: =D$9 * (14.50046920776367 -D$8) -> 0 | F69: =F$9 * (0.01847703941166401 -F$8) -> 0 | G69: =G$9 * (10.16104030609131 -G$8) -> 0 | H69: =H$9 * (16.5955696105957 -H$8) -> 0 | I69: =I$9 * (0.08144740015268326 -I$8) -> 0
A70: =A$9 * (14.75034713745117 -A$8) -> 0 | B70: =B$9 * (14.75034713745117 -B$8) -> 0 | C70: =C$9 * (14.75034713745117 -C$8) -> 0 | D70: =D$9 * (14.75034713745117 -D$8) -> 0 | F70: =F$9 * (0.005588488187640905 -F$8) -> 0 | G70: =G$9 * (3.717721939086914 -G$8) -> 0 | H70: =H$9 * (11.19254016876221 -H$8) -> 0 | I70: =I$9 * (0.02284315973520279 -I$8) -> 0
A71: =A$9 * (15.00014400482178 -A$8) -> 0 | B71: =B$9 * (15.00014400482178 -B$8) -> 0 | C71: =C$9 * (15.00014400482178 -C$8) -> 0 | D71: =D$9 * (15.00014400482178 -D$8) -> 0 | F71: =F$9 * (0.007812809199094772 -F$8) -> 0 | G71: =G$9 * (3.48077392578125 -G$8) -> 0 | H71: =H$9 * (8.005851745605469 -H$8) -> 0 | I71: =I$9 * (0.01631695032119751 -I$8) -> 0
A72: =A$9 * (15.25021076202393 -A$8) -> 0 | B72: =B$9 * (15.25021076202393 -B$8) -> 0 | C72: =C$9 * (15.25021076202393 -C$8) -> 0 | D72: =D$9 * (15.25021076202393 -D$8) -> 0 | F72: =F$9 * (0.004891919903457165 -F$8) -> 0 | G72: =G$9 * (2.437530994415283 -G$8) -> 0 | H72: =H$9 * (7.818875789642334 -H$8) -> 0 | I72: =I$9 * (0.01206894032657146 -I$8) -> 0
A73: =A$9 * (15.50024700164795 -A$8) -> 0 | B73: =B$9 * (15.50024700164795 -B$8) -> 0 | C73: =C$9 * (15.50024700164795 -C$8) -> 0 | D73: =D$9 * (15.50024700164795 -D$8) -> 0 | F73: =F$9 * (0.004196906927973032 -F$8) -> 0 | G73: =G$9 * (2.021578073501587 -G$8) -> 0 | H73: =H$9 * (7.253254890441895 -H$8) -> 0 | I73: =I$9 * (0.009926409460604191 -I$8) -> 0
A74: =A$9 * (15.75032234191895 -A$8) -> 0 | B74: =B$9 * (15.75032234191895 -B$8) -> 0 | C74: =C$9 * (15.75032234191895 -C$8) -> 0 | D74: =D$9 * (15.75032234191895 -D$8) -> 0 | F74: =F$9 * (0.008658421225845814 -F$8) -> 0 | G74: =G$9 * (2.470264911651611 -G$8) -> 0 | H74: =H$9 * (5.166894912719727 -H$8) -> 0 | I74: =I$9 * (0.009460576809942722 -I$8) -> 0
A75: =A$9 * (16.00037574768066 -A$8) -> 0 | B75: =B$9 * (16.00037574768066 -B$8) -> 0 | C75: =C$9 * (16.00037574768066 -C$8) -> 0 | D75: =D$9 * (16.00037574768066 -D$8) -> 0 | F75: =F$9 * (0.006406820844858885 -F$8) -> 0 | G75: =G$9 * (2.968909978866577 -G$8) -> 0 | H75: =H$9 * (7.774093151092529 -H$8) -> 0 | I75: =I$9 * (0.01381462998688221 -I$8) -> 0
A76: =A$9 * (16.2500057220459 -A$8) -> 0 | B76: =B$9 * (16.2500057220459 -B$8) -> 0 | C76: =C$9 * (16.2500057220459 -C$8) -> 0 | D76: =D$9 * (16.2500057220459 -D$8) -> 0 | F76: =F$9 * (0.005872236099094152 -F$8) -> 0 | G76: =G$9 * (2.181004047393799 -G$8) -> 0 | H76: =H$9 * (5.961288928985596 -H$8) -> 0 | I76: =I$9 * (4.338999985975533E-7 -I$8) -> 0
A77: =A$9 * (16.50015258789062 -A$8) -> 0 | B77: =B$9 * (16.50015258789062 -B$8) -> 0 | C77: =C$9 * (16.50015258789062 -C$8) -> 0 | D77: =D$9 * (16.50015258789062 -D$8) -> 0 | F77: =F$9 * (-0.0009354266803711653 -F$8) -> 0 | G77: =G$9 * (-0.1650398969650269 -G$8) -> 0 | H77: =H$9 * (1.530814051628113 -H$8) -> 0 | I77: =I$9 * (3.290000094580137E-8 -I$8) -> 0
A78: =A$9 * (16.7504997253418 -A$8) -> 0 | B78: =B$9 * (16.7504997253418 -B$8) -> 0 | C78: =C$9 * (16.7504997253418 -C$8) -> 0 | D78: =D$9 * (16.7504997253418 -D$8) -> 0 | F78: =F$9 * (-0.001696301042102277 -F$8) -> 0 | G78: =G$9 * (-0.2159353047609329 -G$8) -> 0 | H78: =H$9 * (-1.132848978042603 -H$8) -> 0 | I78: =I$9 * (3.459999931010316E-8 -I$8) -> 0
A79: =A$9 * (17.0006275177002 -A$8) -> 0 | B79: =B$9 * (17.0006275177002 -B$8) -> 0 | C79: =C$9 * (17.0006275177002 -C$8) -> 0 | D79: =D$9 * (17.0006275177002 -D$8) -> 0 | F79: =F$9 * (-0.001356828026473522 -F$8) -> 0 | G79: =G$9 * (-0.5134465098381042 -G$8) -> 0 | H79: =H$9 * (-0.3338395953178406 -H$8) -> 0 | I79: =I$9 * (2.67607993009733E-5 -I$8) -> 0
A80: =A$9 * (17.25049209594727 -A$8) -> 0 | B80: =B$9 * (17.25049209594727 -B$8) -> 0 | C80: =C$9 * (17.25049209594727 -C$8) -> 0 | D80: =D$9 * (17.25049209594727 -D$8) -> 0 | F80: =F$9 * (0.0009922221070155501 -F$8) -> 0 | G80: =G$9 * (0.06375303864479065 -G$8) -> 0 | H80: =H$9 * (11.28005981445312 -H$8) -> 0 | I80: =I$9 * (0.01542945019900799 -I$8) -> 0
A81: =A$9 * (17.50015640258789 -A$8) -> 0 | B81: =B$9 * (17.50015640258789 -B$8) -> 0 | C81: =C$9 * (17.50015640258789 -C$8) -> 0 | D81: =D$9 * (17.50015640258789 -D$8) -> 0 | F81: =F$9 * (-0.0007894532172940671 -F$8) -> 0 | G81: =G$9 * (-1.210283041000366 -G$8) -> 0 | H81: =H$9 * (0.504265308380127 -H$8) -> 0 | I81: =I$9 * (1.442000012730205E-7 -I$8) -> 0
A82: =A$9 * (17.75071716308594 -A$8) -> 0 | B82: =B$9 * (17.75071716308594 -B$8) -> 0 | C82: =C$9 * (17.75071716308594 -C$8) -> 0 | D82: =D$9 * (17.75071716308594 -D$8) -> 0 | F82: =F$9 * (0.000445316603872925 -F$8) -> 0 | G82: =G$9 * (-0.6470109820365906 -G$8) -> 0 | H82: =H$9 * (1.213809967041016 -H$8) -> 0 | I82: =I$9 * (0.001930400962010026 -I$8) -> 0
A83: =A$9 * (18.00077247619629 -A$8) -> 0 | B83: =B$9 * (18.00077247619629 -B$8) -> 0 | C83: =C$9 * (18.00077247619629 -C$8) -> 0 | D83: =D$9 * (18.00077247619629 -D$8) -> 0 | F83: =F$9 * (-0.0008901495020836592 -F$8) -> 0 | G83: =G$9 * (-0.2613754868507385 -G$8) -> 0 | H83: =H$9 * (-0.2522642910480499 -H$8) -> 0 | I83: =I$9 * (9.099999864758956E-9 -I$8) -> 0
A84: =A$9 * (18.25021743774414 -A$8) -> 0 | B84: =B$9 * (18.25021743774414 -B$8) -> 0 | C84: =C$9 * (18.25021743774414 -C$8) -> 0 | D84: =D$9 * (18.25021743774414 -D$8) -> 0 | F84: =F$9 * (0.1850046068429947 -F$8) -> 0 | G84: =G$9 * (17.56430053710938 -G$8) -> 0 | H84: =H$9 * (18.18762969970703 -H$8) -> 0 | I84: =I$9 * (0.7060095071792603 -I$8) -> 0
A85: =A$9 * (18.50031471252441 -A$8) -> 0 | B85: =B$9 * (18.50031471252441 -B$8) -> 0 | C85: =C$9 * (18.50031471252441 -C$8) -> 0 | D85: =D$9 * (18.50031471252441 -D$8) -> 0 | F85: =F$9 * (0.03728815168142319 -F$8) -> 0 | G85: =G$9 * (5.126380920410156 -G$8) -> 0 | H85: =H$9 * (5.446814060211182 -H$8) -> 0 | I85: =I$9 * (0.03707572817802429 -I$8) -> 0
A86: =A$9 * (18.75001907348633 -A$8) -> 0 | B86: =B$9 * (18.75001907348633 -B$8) -> 0 | C86: =C$9 * (18.75001907348633 -C$8) -> 0 | D86: =D$9 * (18.75001907348633 -D$8) -> 0 | F86: =F$9 * (0.01477438025176525 -F$8) -> 0 | G86: =G$9 * (8.594985008239746 -G$8) -> 0 | H86: =H$9 * (15.11645984649658 -H$8) -> 0 | I86: =I$9 * (0.06147842109203339 -I$8) -> 0
A87: =A$9 * (19.00028610229492 -A$8) -> 0 | B87: =B$9 * (19.00028610229492 -B$8) -> 0 | C87: =C$9 * (19.00028610229492 -C$8) -> 0 | D87: =D$9 * (19.00028610229492 -D$8) -> 0 | F87: =F$9 * (0.006519203074276447 -F$8) -> 0 | G87: =G$9 * (3.472517013549805 -G$8) -> 0 | H87: =H$9 * (9.162138938903809 -H$8) -> 0 | I87: =I$9 * (0.01799939945340157 -I$8) -> 0
A88: =A$9 * (19.2502326965332 -A$8) -> 0 | B88: =B$9 * (19.2502326965332 -B$8) -> 0 | C88: =C$9 * (19.2502326965332 -C$8) -> 0 | D88: =D$9 * (19.2502326965332 -D$8) -> 0 | F88: =F$9 * (0.006396471057087183 -F$8) -> 0 | G88: =G$9 * (3.101438999176025 -G$8) -> 0 | H88: =H$9 * (8.199444770812988 -H$8) -> 0 | I88: =I$9 * (0.01501260977238417 -I$8) -> 0
A89: =A$9 * (19.50001907348633 -A$8) -> 0 | B89: =B$9 * (19.50001907348633 -B$8) -> 0 | C89: =C$9 * (19.50001907348633 -C$8) -> 0 | D89: =D$9 * (19.50001907348633 -D$8) -> 0 | F89: =F$9 * (0.004567897878587246 -F$8) -> 0 | G89: =G$9 * (2.27826189994812 -G$8) -> 0 | H89: =H$9 * (7.696744918823242 -H$8) -> 0 | I89: =I$9 * (0.01137628965079784 -I$8) -> 0
A90: =A$9 * (19.7501049041748 -A$8) -> 0 | B90: =B$9 * (19.7501049041748 -B$8) -> 0 | C90: =C$9 * (19.7501049041748 -C$8) -> 0 | D90: =D$9 * (19.7501049041748 -D$8) -> 0 | F90: =F$9 * (0.003996908199042082 -F$8) -> 0 | G90: =G$9 * (1.697890043258667 -G$8) -> 0 | H90: =H$9 * (6.268192768096924 -H$8) -> 0 | I90: =I$9 * (3.293999952802551E-7 -I$8) -> 0
A91: =A$9 * (20.00030517578125 -A$8) -> 0 | B91: =B$9 * (20.00030517578125 -B$8) -> 0 | C91: =C$9 * (20.00030517578125 -C$8) -> 0 | D91: =D$9 * (20.00030517578125 -D$8) -> 0 | F91: =F$9 * (0.012229910120368 -F$8) -> 0 | G91: =G$9 * (4.420164108276367 -G$8) -> 0 | H91: =H$9 * (7.687511920928955 -H$8) -> 0 | I91: =I$9 * (0.02084694057703018 -I$8) -> 0
A92: =A$9 * (20.25009536743164 -A$8) -> 0 | B92: =B$9 * (20.25009536743164 -B$8) -> 0 | C92: =C$9 * (20.25009536743164 -C$8) -> 0 | D92: =D$9 * (20.25009536743164 -D$8) -> 0 | F92: =F$9 * (0.006907638162374496 -F$8) -> 0 | G92: =G$9 * (2.97625207901001 -G$8) -> 0 | H92: =H$9 * (7.365602016448975 -H$8) -> 0 | I92: =I$9 * (0.01333232037723064 -I$8) -> 0
A93: =A$9 * (20.50015068054199 -A$8) -> 0 | B93: =B$9 * (20.50015068054199 -B$8) -> 0 | C93: =C$9 * (20.50015068054199 -C$8) -> 0 | D93: =D$9 * (20.50015068054199 -D$8) -> 0 | F93: =F$9 * (0.004419077187776566 -F$8) -> 0 | G93: =G$9 * (1.160338997840881 -G$8) -> 0 | H93: =H$9 * (3.854964971542358 -H$8) -> 0 | I93: =I$9 * (6.710000093335111E-7 -I$8) -> 0
A94: =A$9 * (20.75005912780762 -A$8) -> 0 | B94: =B$9 * (20.75005912780762 -B$8) -> 0 | C94: =C$9 * (20.75005912780762 -C$8) -> 0 | D94: =D$9 * (20.75005912780762 -D$8) -> 0 | F94: =F$9 * (0.02588227950036526 -F$8) -> 0 | G94: =G$9 * (4.621564865112305 -G$8) -> 0 | H94: =H$9 * (5.522284984588623 -H$8) -> 0 | I94: =I$9 * (0.02567994967103004 -I$8) -> 0
A95: =A$9 * (21.00000762939453 -A$8) -> 0 | B95: =B$9 * (21.00000762939453 -B$8) -> 0 | C95: =C$9 * (21.00000762939453 -C$8) -> 0 | D95: =D$9 * (21.00000762939453 -D$8) -> 0 | F95: =F$9 * (0.005610228981822729 -F$8) -> 0 | G95: =G$9 * (2.583195924758911 -G$8) -> 0 | H95: =H$9 * (7.409293174743652 -H$8) -> 0 | I95: =I$9 * (0.01188922021538019 -I$8) -> 0
A96: =A$9 * (21.25007247924805 -A$8) -> 0 | B96: =B$9 * (21.25007247924805 -B$8) -> 0 | C96: =C$9 * (21.25007247924805 -C$8) -> 0 | D96: =D$9 * (21.25007247924805 -D$8) -> 0 | F96: =F$9 * (-0.002488119062036276 -F$8) -> 0 | G96: =G$9 * (-2.129400968551636 -G$8) -> 0 | H96: =H$9 * (2.59033203125 -H$8) -> 0 | I96: =I$9 * (0.0001659494009800255 -I$8) -> 0
A97: =A$9 * (21.50043678283691 -A$8) -> 0 | B97: =B$9 * (21.50043678283691 -B$8) -> 0 | C97: =C$9 * (21.50043678283691 -C$8) -> 0 | D97: =D$9 * (21.50043678283691 -D$8) -> 0 | F97: =F$9 * (-0.001759937964379787 -F$8) -> 0 | G97: =G$9 * (-0.2943522930145264 -G$8) -> 0 | H97: =H$9 * (-0.9896649122238159 -H$8) -> 0 | I97: =I$9 * (0.0004015534941572696 -I$8) -> 0
A98: =A$9 * (21.75017738342285 -A$8) -> 0 | B98: =B$9 * (21.75017738342285 -B$8) -> 0 | C98: =C$9 * (21.75017738342285 -C$8) -> 0 | D98: =D$9 * (21.75017738342285 -D$8) -> 0 | F98: =F$9 * (-0.0009785130387172103 -F$8) -> 0 | G98: =G$9 * (-1.093544960021973 -G$8) -> 0 | H98: =H$9 * (-0.2570140063762665 -H$8) -> 0 | I98: =I$9 * (7.450000083508712E-8 -I$8) -> 0
A99: =A$9 * (22.00059700012207 -A$8) -> 0 | B99: =B$9 * (22.00059700012207 -B$8) -> 0 | C99: =C$9 * (22.00059700012207 -C$8) -> 0 | D99: =D$9 * (22.00059700012207 -D$8) -> 0 | F99: =F$9 * (-0.000851265387609601 -F$8) -> 0 | G99: =G$9 * (-0.277340292930603 -G$8) -> 0 | H99: =H$9 * (-0.311897486448288 -H$8) -> 0 | I99: =I$9 * (1.250000014607622E-8 -I$8) -> 0
A100: =A$9 * (22.2502384185791 -A$8) -> 0 | B100: =B$9 * (22.2502384185791 -B$8) -> 0 | C100: =C$9 * (22.2502384185791 -C$8) -> 0 | D100: =D$9 * (22.2502384185791 -D$8) -> 0 | F100: =F$9 * (0.002328045899048448 -F$8) -> 0 | G100: =G$9 * (0.1340916007757187 -G$8) -> 0 | H100: =H$9 * (25.78845024108887 -H$8) -> 0 | I100: =I$9 * (0.08709908276796341 -I$8) -> 0
...

Sheet SIM3
A1: h | B1: h | C1: h | D1: h | F1: (M3/S) | G1: (M/S) | H1: (M/S) | I1: (BAR)
A2: TIME1 | B2: TIME2 | C2: TIME3 | D2: TIME4 | F2: ='Legends'!B2 -> 0 | G2: ='Legends'!B3 -> 0 | H2: ='Legends'!B4 -> 0 | I2: ='Legends'!B5 -> 0 | K2: Report-2031_Oil_4500bopd_Liquid_4789blpd_5MMSCFD_GL_TD_Only_OP1_TCV_10pc.genkey
A3: =MIN($A$11:$A$299) -> 0 | B3: =MIN($B$11:$B$299) -> 0 | C3: =MIN($C$11:$C$299) -> 0 | D3: =MIN($D$11:$D$299) -> 0 | E3: Min | F3: =MIN($F$11:$F$299) -> 0 | G3: =MIN($G$11:$G$299) -> 0 | H3: =MIN($H$11:$H$299) -> 0 | I3: =MIN($I$11:$I$299) -> 0
A4: =MEDIAN($A$11:$A$299) -> 0 | B4: =MEDIAN($B$11:$B$299) -> 0 | C4: =MEDIAN($C$11:$C$299) -> 0 | D4: =MEDIAN($D$11:$D$299) -> 0 | E4: P50 | F4: =MEDIAN($F$11:$F$299) -> 0 | G4: =MEDIAN($G$11:$G$299) -> 0 | H4: =MEDIAN($H$11:$H$299) -> 0 | I4: =MEDIAN($I$11:$I$299) -> 0
A5: =MAX($A$11:$A$299) -> 0 | B5: =MAX($B$11:$B$299) -> 0 | C5: =MAX($C$11:$C$299) -> 0 | D5: =MAX($D$11:$D$299) -> 0 | E5: Max | F5: =MAX($F$11:$F$299) -> 0 | G5: =MAX($G$11:$G$299) -> 0 | H5: =MAX($H$11:$H$299) -> 0 | I5: =MAX($I$11:$I$299) -> 0
A6: =$A5-$A3 -> 0 | B6: =$B5-$B3 -> 0 | C6: =$C5-$C3 -> 0 | D6: =$D5-$D3 -> 0 | E6: Delta | F6: =$F5-$F3 -> 0 | G6: =$G5-$G3 -> 0 | H6: =$H5-$H3 -> 0 | I6: =$I5-$I3 -> 0
A7: h | B7: h | C7: h | D7: h | F7: (M3/S) | G7: (M/S) | H7: (M/S) | I7: (BAR)
A8: 0 | B8: 0 | C8: 0 | D8: 0 | E8: Offset | F8: 0 | G8: 0 | H8: 0 | I8: 0
A9: 1 | B9: 1 | C9: 1 | D9: 1 | E9: Scale | F9: 1 | G9: 1 | H9: 1 | I9: 1
A10: TIME1 | B10: TIME2 | C10: TIME3 | D10: TIME4 | F10: ='Legends'!B2 -> 0 | G10: ='Legends'!B3 -> 0 | H10: ='Legends'!B4 -> 0 | I10: ='Legends'!B5 -> 0
A11: =A$9 * (0 -A$8) -> 0 | B11: =B$9 * (0 -B$8) -> 0 | C11: =C$9 * (0 -C$8) -> 0 | D11: =D$9 * (0 -D$8) -> 0 | F11: =F$9 * (0.01899014040827751 -F$8) -> 0 | G11: =G$9 * (6.976023197174072 -G$8) -> 0 | H11: =H$9 * (9.87746524810791 -H$8) -> 0 | I11: =I$9 * (0.04023474827408791 -I$8) -> 0
A12: =A$9 * (0.2503923773765564 -A$8) -> 0 | B12: =B$9 * (0.2503923773765564 -B$8) -> 0 | C12: =C$9 * (0.2503923773765564 -C$8) -> 0 | D12: =D$9 * (0.2503923773765564 -D$8) -> 0 | F12: =F$9 * (0.0130656398832798 -F$8) -> 0 | G12: =G$9 * (6.005105018615723 -G$8) -> 0 | H12: =H$9 * (10.26500034332275 -H$8) -> 0 | I12: =I$9 * (0.03208952024579048 -I$8) -> 0
A13: =A$9 * (0.5000028014183044 -A$8) -> 0 | B13: =B$9 * (0.5000028014183044 -B$8) -> 0 | C13: =C$9 * (0.5000028014183044 -C$8) -> 0 | D13: =D$9 * (0.5000028014183044 -D$8) -> 0 | F13: =F$9 * (0.009224898181855679 -F$8) -> 0 | G13: =G$9 * (4.252870082855225 -G$8) -> 0 | H13: =H$9 * (8.758434295654297 -H$8) -> 0 | I13: =I$9 * (0.02026757970452309 -I$8) -> 0
A14: =A$9 * (0.7500805258750916 -A$8) -> 0 | B14: =B$9 * (0.7500805258750916 -B$8) -> 0 | C14: =C$9 * (0.7500805258750916 -C$8) -> 0 | D14: =D$9 * (0.7500805258750916 -D$8) -> 0 | F14: =F$9 * (0.01388760004192591 -F$8) -> 0 | G14: =G$9 * (4.405671119689941 -G$8) -> 0 | H14: =H$9 * (7.069362163543701 -H$8) -> 0 | I14: =I$9 * (0.02031189016997814 -I$8) -> 0
A15: =A$9 * (1.00001060962677 -A$8) -> 0 | B15: =B$9 * (1.00001060962677 -B$8) -> 0 | C15: =C$9 * (1.00001060962677 -C$8) -> 0 | D15: =D$9 * (1.00001060962677 -D$8) -> 0 | F15: =F$9 * (0.0005696294829249382 -F$8) -> 0 | G15: =G$9 * (0.2561661005020142 -G$8) -> 0 | H15: =H$9 * (2.083694934844971 -H$8) -> 0 | I15: =I$9 * (2.971236944198608 -I$8) -> 0
A16: =A$9 * (1.250348329544067 -A$8) -> 0 | B16: =B$9 * (1.250348329544067 -B$8) -> 0 | C16: =C$9 * (1.250348329544067 -C$8) -> 0 | D16: =D$9 * (1.250348329544067 -D$8) -> 0 | F16: =F$9 * (0.007256591226905584 -F$8) -> 0 | G16: =G$9 * (2.369231939315796 -G$8) -> 0 | H16: =H$9 * (5.474161148071289 -H$8) -> 0 | I16: =I$9 * (3.75844407081604 -I$8) -> 0
A17: =A$9 * (1.50030505657196 -A$8) -> 0 | B17: =B$9 * (1.50030505657196 -B$8) -> 0 | C17: =C$9 * (1.50030505657196 -C$8) -> 0 | D17: =D$9 * (1.50030505657196 -D$8) -> 0 | F17: =F$9 * (0.00816324632614851 -F$8) -> 0 | G17: =G$9 * (2.651293992996216 -G$8) -> 0 | H17: =H$9 * (5.677178859710693 -H$8) -> 0 | I17: =I$9 * (4.475828170776367 -I$8) -> 0
A18: =A$9 * (1.750392556190491 -A$8) -> 0 | B18: =B$9 * (1.750392556190491 -B$8) -> 0 | C18: =C$9 * (1.750392556190491 -C$8) -> 0 | D18: =D$9 * (1.750392556190491 -D$8) -> 0 | F18: =F$9 * (0.006871405988931656 -F$8) -> 0 | G18: =G$9 * (2.744770050048828 -G$8) -> 0 | H18: =H$9 * (6.644062042236328 -H$8) -> 0 | I18: =I$9 * (5.350574016571045 -I$8) -> 0
A19: =A$9 * (2.000049829483032 -A$8) -> 0 | B19: =B$9 * (2.000049829483032 -B$8) -> 0 | C19: =C$9 * (2.000049829483032 -C$8) -> 0 | D19: =D$9 * (2.000049829483032 -D$8) -> 0 | F19: =F$9 * (0.008460048586130142 -F$8) -> 0 | G19: =G$9 * (2.363219022750854 -G$8) -> 0 | H19: =H$9 * (4.914949893951416 -H$8) -> 0 | I19: =I$9 * (3.542853116989136 -I$8) -> 0
A20: =A$9 * (2.250324249267578 -A$8) -> 0 | B20: =B$9 * (2.250324249267578 -B$8) -> 0 | C20: =C$9 * (2.250324249267578 -C$8) -> 0 | D20: =D$9 * (2.250324249267578 -D$8) -> 0 | F20: =F$9 * (0.01086783967912197 -F$8) -> 0 | G20: =G$9 * (3.11926007270813 -G$8) -> 0 | H20: =H$9 * (5.597668170928955 -H$8) -> 0 | I20: =I$9 * (5.754210948944092 -I$8) -> 0
A21: =A$9 * (2.500113248825073 -A$8) -> 0 | B21: =B$9 * (2.500113248825073 -B$8) -> 0 | C21: =C$9 * (2.500113248825073 -C$8) -> 0 | D21: =D$9 * (2.500113248825073 -D$8) -> 0 | F21: =F$9 * (0.008708593435585499 -F$8) -> 0 | G21: =G$9 * (3.018985033035278 -G$8) -> 0 | H21: =H$9 * (6.234920024871826 -H$8) -> 0 | I21: =I$9 * (5.779624938964844 -I$8) -> 0
A22: =A$9 * (2.750228643417358 -A$8) -> 0 | B22: =B$9 * (2.750228643417358 -B$8) -> 0 | C22: =C$9 * (2.750228643417358 -C$8) -> 0 | D22: =D$9 * (2.750228643417358 -D$8) -> 0 | F22: =F$9 * (0.008451846428215504 -F$8) -> 0 | G22: =G$9 * (2.745414018630981 -G$8) -> 0 | H22: =H$9 * (5.756985187530518 -H$8) -> 0 | I22: =I$9 * (4.763092994689941 -I$8) -> 0
A23: =A$9 * (3.000202894210815 -A$8) -> 0 | B23: =B$9 * (3.000202894210815 -B$8) -> 0 | C23: =C$9 * (3.000202894210815 -C$8) -> 0 | D23: =D$9 * (3.000202894210815 -D$8) -> 0 | F23: =F$9 * (0.01171903964132071 -F$8) -> 0 | G23: =G$9 * (3.035969972610474 -G$8) -> 0 | H23: =H$9 * (5.20297384262085 -H$8) -> 0 | I23: =I$9 * (5.401939868927002 -I$8) -> 0
A24: =A$9 * (3.25017786026001 -A$8) -> 0 | B24: =B$9 * (3.25017786026001 -B$8) -> 0 | C24: =C$9 * (3.25017786026001 -C$8) -> 0 | D24: =D$9 * (3.25017786026001 -D$8) -> 0 | F24: =F$9 * (0.008600321598351002 -F$8) -> 0 | G24: =G$9 * (3.099831104278564 -G$8) -> 0 | H24: =H$9 * (6.470314979553223 -H$8) -> 0 | I24: =I$9 * (6.212468147277832 -I$8) -> 0
A25: =A$9 * (3.500149965286255 -A$8) -> 0 | B25: =B$9 * (3.500149965286255 -B$8) -> 0 | C25: =C$9 * (3.500149965286255 -C$8) -> 0 | D25: =D$9 * (3.500149965286255 -D$8) -> 0 | F25: =F$9 * (0.008473405614495277 -F$8) -> 0 | G25: =G$9 * (2.83299708366394 -G$8) -> 0 | H25: =H$9 * (5.944900989532471 -H$8) -> 0 | I25: =I$9 * (5.101128101348877 -I$8) -> 0
A26: =A$9 * (3.750124931335449 -A$8) -> 0 | B26: =B$9 * (3.750124931335449 -B$8) -> 0 | C26: =C$9 * (3.750124931335449 -C$8) -> 0 | D26: =D$9 * (3.750124931335449 -D$8) -> 0 | F26: =F$9 * (0.01202922035008669 -F$8) -> 0 | G26: =G$9 * (2.94678807258606 -G$8) -> 0 | H26: =H$9 * (4.968132972717285 -H$8) -> 0 | I26: =I$9 * (5.099202156066895 -I$8) -> 0
A27: =A$9 * (4.000100135803223 -A$8) -> 0 | B27: =B$9 * (4.000100135803223 -B$8) -> 0 | C27: =C$9 * (4.000100135803223 -C$8) -> 0 | D27: =D$9 * (4.000100135803223 -D$8) -> 0 | F27: =F$9 * (0.009240892715752125 -F$8) -> 0 | G27: =G$9 * (3.230609893798828 -G$8) -> 0 | H27: =H$9 * (6.4491868019104 -H$8) -> 0 | I27: =I$9 * (6.631763935089111 -I$8) -> 0
A28: =A$9 * (4.250072002410889 -A$8) -> 0 | B28: =B$9 * (4.250072002410889 -B$8) -> 0 | C28: =C$9 * (4.250072002410889 -C$8) -> 0 | D28: =D$9 * (4.250072002410889 -D$8) -> 0 | F28: =F$9 * (0.007963317446410656 -F$8) -> 0 | G28: =G$9 * (2.854552984237671 -G$8) -> 0 | H28: =H$9 * (6.266407012939453 -H$8) -> 0 | I28: =I$9 * (5.404962062835693 -I$8) -> 0
A29: =A$9 * (4.500047206878662 -A$8) -> 0 | B29: =B$9 * (4.500047206878662 -B$8) -> 0 | C29: =C$9 * (4.500047206878662 -C$8) -> 0 | D29: =D$9 * (4.500047206878662 -D$8) -> 0 | F29: =F$9 * (0.01188206020742655 -F$8) -> 0 | G29: =G$9 * (2.75789999961853 -G$8) -> 0 | H29: =H$9 * (4.684443950653076 -H$8) -> 0 | I29: =I$9 * (4.563906192779541 -I$8) -> 0
A30: =A$9 * (4.750022411346436 -A$8) -> 0 | B30: =B$9 * (4.750022411346436 -B$8) -> 0 | C30: =C$9 * (4.750022411346436 -C$8) -> 0 | D30: =D$9 * (4.750022411346436 -D$8) -> 0 | F30: =F$9 * (0.009431002661585808 -F$8) -> 0 | G30: =G$9 * (3.270625114440918 -G$8) -> 0 | H30: =H$9 * (6.47621488571167 -H$8) -> 0 | I30: =I$9 * (6.899328231811523 -I$8) -> 0
A31: =A$9 * (5.000447273254395 -A$8) -> 0 | B31: =B$9 * (5.000447273254395 -B$8) -> 0 | C31: =C$9 * (5.000447273254395 -C$8) -> 0 | D31: =D$9 * (5.000447273254395 -D$8) -> 0 | F31: =F$9 * (0.007931373082101345 -F$8) -> 0 | G31: =G$9 * (2.901314973831177 -G$8) -> 0 | H31: =H$9 * (6.417575836181641 -H$8) -> 0 | I31: =I$9 * (5.70858097076416 -I$8) -> 0
A32: =A$9 * (5.25042200088501 -A$8) -> 0 | B32: =B$9 * (5.25042200088501 -B$8) -> 0 | C32: =C$9 * (5.25042200088501 -C$8) -> 0 | D32: =D$9 * (5.25042200088501 -D$8) -> 0 | F32: =F$9 * (0.01156772021204233 -F$8) -> 0 | G32: =G$9 * (2.57667088508606 -G$8) -> 0 | H32: =H$9 * (4.439963817596436 -H$8) -> 0 | I32: =I$9 * (4.061801910400391 -I$8) -> 0
A33: =A$9 * (5.500394344329834 -A$8) -> 0 | B33: =B$9 * (5.500394344329834 -B$8) -> 0 | C33: =C$9 * (5.500394344329834 -C$8) -> 0 | D33: =D$9 * (5.500394344329834 -D$8) -> 0 | F33: =F$9 * (0.009954288601875305 -F$8) -> 0 | G33: =G$9 * (3.355199098587036 -G$8) -> 0 | H33: =H$9 * (6.429596900939941 -H$8) -> 0 | I33: =I$9 * (7.186076164245605 -I$8) -> 0
A34: =A$9 * (5.750369548797607 -A$8) -> 0 | B34: =B$9 * (5.750369548797607 -B$8) -> 0 | C34: =C$9 * (5.750369548797607 -C$8) -> 0 | D34: =D$9 * (5.750369548797607 -D$8) -> 0 | F34: =F$9 * (0.008077426813542843 -F$8) -> 0 | G34: =G$9 * (2.932913064956665 -G$8) -> 0 | H34: =H$9 * (6.414557933807373 -H$8) -> 0 | I34: =I$9 * (5.805255889892578 -I$8) -> 0
A35: =A$9 * (6.000344276428223 -A$8) -> 0 | B35: =B$9 * (6.000344276428223 -B$8) -> 0 | C35: =C$9 * (6.000344276428223 -C$8) -> 0 | D35: =D$9 * (6.000344276428223 -D$8) -> 0 | F35: =F$9 * (0.01107819005846977 -F$8) -> 0 | G35: =G$9 * (2.435096979141235 -G$8) -> 0 | H35: =H$9 * (4.298439025878906 -H$8) -> 0 | I35: =I$9 * (3.687556028366089 -I$8) -> 0
A36: =A$9 * (6.250316619873047 -A$8) -> 0 | B36: =B$9 * (6.250316619873047 -B$8) -> 0 | C36: =C$9 * (6.250316619873047 -C$8) -> 0 | D36: =D$9 * (6.250316619873047 -D$8) -> 0 | F36: =F$9 * (0.0106697203591466 -F$8) -> 0 | G36: =G$9 * (3.413289070129395 -G$8) -> 0 | H36: =H$9 * (6.267036914825439 -H$8) -> 0 | I36: =I$9 * (7.291137218475342 -I$8) -> 0
A37: =A$9 * (6.50029182434082 -A$8) -> 0 | B37: =B$9 * (6.50029182434082 -B$8) -> 0 | C37: =C$9 * (6.50029182434082 -C$8) -> 0 | D37: =D$9 * (6.50029182434082 -D$8) -> 0 | F37: =F$9 * (0.008055947721004486 -F$8) -> 0 | G37: =G$9 * (2.941173076629639 -G$8) -> 0 | H37: =H$9 * (6.448339939117432 -H$8) -> 0 | I37: =I$9 * (5.863420963287354 -I$8) -> 0
A38: =A$9 * (6.750258445739746 -A$8) -> 0 | B38: =B$9 * (6.750258445739746 -B$8) -> 0 | C38: =C$9 * (6.750258445739746 -C$8) -> 0 | D38: =D$9 * (6.750258445739746 -D$8) -> 0 | F38: =F$9 * (0.01034715957939625 -F$8) -> 0 | G38: =G$9 * (2.275924921035767 -G$8) -> 0 | H38: =H$9 * (4.181074142456055 -H$8) -> 0 | I38: =I$9 * (3.299815893173218 -I$8) -> 0
A39: =A$9 * (7.000214099884033 -A$8) -> 0 | B39: =B$9 * (7.000214099884033 -B$8) -> 0 | C39: =C$9 * (7.000214099884033 -C$8) -> 0 | D39: =D$9 * (7.000214099884033 -D$8) -> 0 | F39: =F$9 * (0.01157317962497473 -F$8) -> 0 | G39: =G$9 * (3.447168111801147 -G$8) -> 0 | H39: =H$9 * (6.025957107543945 -H$8) -> 0 | I39: =I$9 * (7.290769100189209 -I$8) -> 0
A40: =A$9 * (7.250169277191162 -A$8) -> 0 | B40: =B$9 * (7.250169277191162 -B$8) -> 0 | C40: =C$9 * (7.250169277191162 -C$8) -> 0 | D40: =D$9 * (7.250169277191162 -D$8) -> 0 | F40: =F$9 * (0.008010442368686199 -F$8) -> 0 | G40: =G$9 * (2.945575952529907 -G$8) -> 0 | H40: =H$9 * (6.488649845123291 -H$8) -> 0 | I40: =I$9 * (5.922506809234619 -I$8) -> 0
A41: =A$9 * (7.5001220703125 -A$8) -> 0 | B41: =B$9 * (7.5001220703125 -B$8) -> 0 | C41: =C$9 * (7.5001220703125 -C$8) -> 0 | D41: =D$9 * (7.5001220703125 -D$8) -> 0 | F41: =F$9 * (0.009789355099201202 -F$8) -> 0 | G41: =G$9 * (2.207755088806152 -G$8) -> 0 | H41: =H$9 * (4.19556188583374 -H$8) -> 0 | I41: =I$9 * (3.147546052932739 -I$8) -> 0
A42: =A$9 * (7.750119209289551 -A$8) -> 0 | B42: =B$9 * (7.750119209289551 -B$8) -> 0 | C42: =C$9 * (7.750119209289551 -C$8) -> 0 | D42: =D$9 * (7.750119209289551 -D$8) -> 0 | F42: =F$9 * (0.01252605020999908 -F$8) -> 0 | G42: =G$9 * (3.446727991104126 -G$8) -> 0 | H42: =H$9 * (5.748920917510986 -H$8) -> 0 | I42: =I$9 * (7.182339191436768 -I$8) -> 0
A43: =A$9 * (8.000389099121094 -A$8) -> 0 | B43: =B$9 * (8.000389099121094 -B$8) -> 0 | C43: =C$9 * (8.000389099121094 -C$8) -> 0 | D43: =D$9 * (8.000389099121094 -D$8) -> 0 | F43: =F$9 * (0.007820555008947849 -F$8) -> 0 | G43: =G$9 * (2.940246105194092 -G$8) -> 0 | H43: =H$9 * (6.593609809875488 -H$8) -> 0 | I43: =I$9 * (6.021735191345215 -I$8) -> 0
A44: =A$9 * (8.250052452087402 -A$8) -> 0 | B44: =B$9 * (8.250052452087402 -B$8) -> 0 | C44: =C$9 * (8.250052452087402 -C$8) -> 0 | D44: =D$9 * (8.250052452087402 -D$8) -> 0 | F44: =F$9 * (0.009283204562962055 -F$8) -> 0 | G44: =G$9 * (2.194788932800293 -G$8) -> 0 | H44: =H$9 * (4.318774223327637 -H$8) -> 0 | I44: =I$9 * (3.143795967102051 -I$8) -> 0
A45: =A$9 * (8.500241279602051 -A$8) -> 0 | B45: =B$9 * (8.500241279602051 -B$8) -> 0 | C45: =C$9 * (8.500241279602051 -C$8) -> 0 | D45: =D$9 * (8.500241279602051 -D$8) -> 0 | F45: =F$9 * (0.01323315035551786 -F$8) -> 0 | G45: =G$9 * (3.39488697052002 -G$8) -> 0 | H45: =H$9 * (5.482732772827148 -H$8) -> 0 | I45: =I$9 * (6.919402122497559 -I$8) -> 0
A46: =A$9 * (8.750203132629395 -A$8) -> 0 | B46: =B$9 * (8.750203132629395 -B$8) -> 0 | C46: =C$9 * (8.750203132629395 -C$8) -> 0 | D46: =D$9 * (8.750203132629395 -D$8) -> 0 | F46: =F$9 * (0.007609177846461535 -F$8) -> 0 | G46: =G$9 * (2.939513921737671 -G$8) -> 0 | H46: =H$9 * (6.722438812255859 -H$8) -> 0 | I46: =I$9 * (6.148241996765137 -I$8) -> 0
A47: =A$9 * (9.000310897827148 -A$8) -> 0 | B47: =B$9 * (9.000310897827148 -B$8) -> 0 | C47: =C$9 * (9.000310897827148 -C$8) -> 0 | D47: =D$9 * (9.000310897827148 -D$8) -> 0 | F47: =F$9 * (0.008816718123853207 -F$8) -> 0 | G47: =G$9 * (2.211965084075928 -G$8) -> 0 | H47: =H$9 * (4.504092216491699 -H$8) -> 0 | I47: =I$9 * (3.21518611907959 -I$8) -> 0
A48: =A$9 * (9.250052452087402 -A$8) -> 0 | B48: =B$9 * (9.250052452087402 -B$8) -> 0 | C48: =C$9 * (9.250052452087402 -C$8) -> 0 | D48: =D$9 * (9.250052452087402 -D$8) -> 0 | F48: =F$9 * (0.0137633103877306 -F$8) -> 0 | G48: =G$9 * (3.312849044799805 -G$8) -> 0 | H48: =H$9 * (5.225290775299072 -H$8) -> 0 | I48: =I$9 * (6.562488079071045 -I$8) -> 0
A49: =A$9 * (9.50018310546875 -A$8) -> 0 | B49: =B$9 * (9.50018310546875 -B$8) -> 0 | C49: =C$9 * (9.50018310546875 -C$8) -> 0 | D49: =D$9 * (9.50018310546875 -D$8) -> 0 | F49: =F$9 * (0.007468149997293949 -F$8) -> 0 | G49: =G$9 * (2.950263977050781 -G$8) -> 0 | H49: =H$9 * (6.838529109954834 -H$8) -> 0 | I49: =I$9 * (6.298275947570801 -I$8) -> 0
A50: =A$9 * (9.750008583068848 -A$8) -> 0 | B50: =B$9 * (9.750008583068848 -B$8) -> 0 | C50: =C$9 * (9.750008583068848 -C$8) -> 0 | D50: =D$9 * (9.750008583068848 -D$8) -> 0 | F50: =F$9 * (0.008409461937844753 -F$8) -> 0 | G50: =G$9 * (2.276329040527344 -G$8) -> 0 | H50: =H$9 * (4.78928804397583 -H$8) -> 0 | I50: =I$9 * (3.421118974685669 -I$8) -> 0
A51: =A$9 * (10.00001907348633 -A$8) -> 0 | B51: =B$9 * (10.00001907348633 -B$8) -> 0 | C51: =C$9 * (10.00001907348633 -C$8) -> 0 | D51: =D$9 * (10.00001907348633 -D$8) -> 0 | F51: =F$9 * (0.01412882003933191 -F$8) -> 0 | G51: =G$9 * (3.206218004226685 -G$8) -> 0 | H51: =H$9 * (4.974734783172607 -H$8) -> 0 | I51: =I$9 * (6.145290851593018 -I$8) -> 0
A52: =A$9 * (10.25015258789062 -A$8) -> 0 | B52: =B$9 * (10.25015258789062 -B$8) -> 0 | C52: =C$9 * (10.25015258789062 -C$8) -> 0 | D52: =D$9 * (10.25015258789062 -D$8) -> 0 | F52: =F$9 * (0.007387109100818634 -F$8) -> 0 | G52: =G$9 * (2.974106073379517 -G$8) -> 0 | H52: =H$9 * (6.9510498046875 -H$8) -> 0 | I52: =I$9 * (6.493014812469482 -I$8) -> 0
A53: =A$9 * (10.5002498626709 -A$8) -> 0 | B53: =B$9 * (10.5002498626709 -B$8) -> 0 | C53: =C$9 * (10.5002498626709 -C$8) -> 0 | D53: =D$9 * (10.5002498626709 -D$8) -> 0 | F53: =F$9 * (0.008050698786973953 -F$8) -> 0 | G53: =G$9 * (2.357959985733032 -G$8) -> 0 | H53: =H$9 * (5.117391109466553 -H$8) -> 0 | I53: =I$9 * (3.700889110565186 -I$8) -> 0
A54: =A$9 * (10.75041675567627 -A$8) -> 0 | B54: =B$9 * (10.75041675567627 -B$8) -> 0 | C54: =C$9 * (10.75041675567627 -C$8) -> 0 | D54: =D$9 * (10.75041675567627 -D$8) -> 0 | F54: =F$9 * (0.01437282003462315 -F$8) -> 0 | G54: =G$9 * (3.086116075515747 -G$8) -> 0 | H54: =H$9 * (4.73344087600708 -H$8) -> 0 | I54: =I$9 * (5.713109016418457 -I$8) -> 0
A55: =A$9 * (11.0001392364502 -A$8) -> 0 | B55: =B$9 * (11.0001392364502 -B$8) -> 0 | C55: =C$9 * (11.0001392364502 -C$8) -> 0 | D55: =D$9 * (11.0001392364502 -D$8) -> 0 | F55: =F$9 * (0.007387836929410696 -F$8) -> 0 | G55: =G$9 * (3.011647939682007 -G$8) -> 0 | H55: =H$9 * (7.0414137840271 -H$8) -> 0 | I55: =I$9 * (6.707573890686035 -I$8) -> 0
A56: =A$9 * (11.25006103515625 -A$8) -> 0 | B56: =B$9 * (11.25006103515625 -B$8) -> 0 | C56: =C$9 * (11.25006103515625 -C$8) -> 0 | D56: =D$9 * (11.25006103515625 -D$8) -> 0 | F56: =F$9 * (0.007731528952717781 -F$8) -> 0 | G56: =G$9 * (2.459372997283936 -G$8) -> 0 | H56: =H$9 * (5.498478889465332 -H$8) -> 0 | I56: =I$9 * (4.080160140991211 -I$8) -> 0
A57: =A$9 * (11.5003137588501 -A$8) -> 0 | B57: =B$9 * (11.5003137588501 -B$8) -> 0 | C57: =C$9 * (11.5003137588501 -C$8) -> 0 | D57: =D$9 * (11.5003137588501 -D$8) -> 0 | F57: =F$9 * (0.01442429982125759 -F$8) -> 0 | G57: =G$9 * (2.9565110206604 -G$8) -> 0 | H57: =H$9 * (4.515810966491699 -H$8) -> 0 | I57: =I$9 * (5.274147033691406 -I$8) -> 0
A58: =A$9 * (11.75023365020752 -A$8) -> 0 | B58: =B$9 * (11.75023365020752 -B$8) -> 0 | C58: =C$9 * (11.75023365020752 -C$8) -> 0 | D58: =D$9 * (11.75023365020752 -D$8) -> 0 | F58: =F$9 * (0.007444200105965137 -F$8) -> 0 | G58: =G$9 * (3.057102918624878 -G$8) -> 0 | H58: =H$9 * (7.11347484588623 -H$8) -> 0 | I58: =I$9 * (6.931561946868896 -I$8) -> 0
A59: =A$9 * (12.00009727478027 -A$8) -> 0 | B59: =B$9 * (12.00009727478027 -B$8) -> 0 | C59: =C$9 * (12.00009727478027 -C$8) -> 0 | D59: =D$9 * (12.00009727478027 -D$8) -> 0 | F59: =F$9 * (0.007490138988941908 -F$8) -> 0 | G59: =G$9 * (2.569618940353394 -G$8) -> 0 | H59: =H$9 * (5.886250019073486 -H$8) -> 0 | I59: =I$9 * (4.535556793212891 -I$8) -> 0
A60: =A$9 * (12.25032520294189 -A$8) -> 0 | B60: =B$9 * (12.25032520294189 -B$8) -> 0 | C60: =C$9 * (12.25032520294189 -C$8) -> 0 | D60: =D$9 * (12.25032520294189 -D$8) -> 0 | F60: =F$9 * (0.01418618019670248 -F$8) -> 0 | G60: =G$9 * (2.739309072494507 -G$8) -> 0 | H60: =H$9 * (4.207640171051025 -H$8) -> 0 | I60: =I$9 * (4.596210956573486 -I$8) -> 0
A61: =A$9 * (12.50018882751465 -A$8) -> 0 | B61: =B$9 * (12.50018882751465 -B$8) -> 0 | C61: =C$9 * (12.50018882751465 -C$8) -> 0 | D61: =D$9 * (12.50018882751465 -D$8) -> 0 | F61: =F$9 * (0.007635660003870726 -F$8) -> 0 | G61: =G$9 * (3.14145302772522 -G$8) -> 0 | H61: =H$9 * (7.200940132141113 -H$8) -> 0 | I61: =I$9 * (7.350001811981201 -I$8) -> 0
A62: =A$9 * (12.75035285949707 -A$8) -> 0 | B62: =B$9 * (12.75035285949707 -B$8) -> 0 | C62: =C$9 * (12.75035285949707 -C$8) -> 0 | D62: =D$9 * (12.75035285949707 -D$8) -> 0 | F62: =F$9 * (0.007311223074793816 -F$8) -> 0 | G62: =G$9 * (2.636190891265869 -G$8) -> 0 | H62: =H$9 * (6.158953189849854 -H$8) -> 0 | I62: =I$9 * (4.88337516784668 -I$8) -> 0
A63: =A$9 * (13.00004768371582 -A$8) -> 0 | B63: =B$9 * (13.00004768371582 -B$8) -> 0 | C63: =C$9 * (13.00004768371582 -C$8) -> 0 | D63: =D$9 * (13.00004768371582 -D$8) -> 0 | F63: =F$9 * (0.01391443982720375 -F$8) -> 0 | G63: =G$9 * (2.625977039337158 -G$8) -> 0 | H63: =H$9 * (4.070283889770508 -H$8) -> 0 | I63: =I$9 * (4.267212867736816 -I$8) -> 0
A64: =A$9 * (13.25002765655518 -A$8) -> 0 | B64: =B$9 * (13.25002765655518 -B$8) -> 0 | C64: =C$9 * (13.25002765655518 -C$8) -> 0 | D64: =D$9 * (13.25002765655518 -D$8) -> 0 | F64: =F$9 * (0.007820760831236839 -F$8) -> 0 | G64: =G$9 * (3.205945014953613 -G$8) -> 0 | H64: =H$9 * (7.217864990234375 -H$8) -> 0 | I64: =I$9 * (7.541889190673828 -I$8) -> 0
A65: =A$9 * (13.50016403198242 -A$8) -> 0 | B65: =B$9 * (13.50016403198242 -B$8) -> 0 | C65: =C$9 * (13.50016403198242 -C$8) -> 0 | D65: =D$9 * (13.50016403198242 -D$8) -> 0 | F65: =F$9 * (0.007451309822499752 -F$8) -> 0 | G65: =G$9 * (2.752614974975586 -G$8) -> 0 | H65: =H$9 * (6.345982074737549 -H$8) -> 0 | I65: =I$9 * (5.274814128875732 -I$8) -> 0
A66: =A$9 * (13.75041675567627 -A$8) -> 0 | B66: =B$9 * (13.75041675567627 -B$8) -> 0 | C66: =C$9 * (13.75041675567627 -C$8) -> 0 | D66: =D$9 * (13.75041675567627 -D$8) -> 0 | F66: =F$9 * (0.01334981992840767 -F$8) -> 0 | G66: =G$9 * (2.515481948852539 -G$8) -> 0 | H66: =H$9 * (3.98115611076355 -H$8) -> 0 | I66: =I$9 * (3.936111927032471 -I$8) -> 0
A67: =A$9 * (14.0001802444458 -A$8) -> 0 | B67: =B$9 * (14.0001802444458 -B$8) -> 0 | C67: =C$9 * (14.0001802444458 -C$8) -> 0 | D67: =D$9 * (14.0001802444458 -D$8) -> 0 | F67: =F$9 * (0.008256510831415653 -F$8) -> 0 | G67: =G$9 * (3.288495063781738 -G$8) -> 0 | H67: =H$9 * (7.143729209899902 -H$8) -> 0 | I67: =I$9 * (7.749311923980713 -I$8) -> 0
A68: =A$9 * (14.25008010864258 -A$8) -> 0 | B68: =B$9 * (14.25008010864258 -B$8) -> 0 | C68: =C$9 * (14.25008010864258 -C$8) -> 0 | D68: =D$9 * (14.25008010864258 -D$8) -> 0 | F68: =F$9 * (0.007355149835348129 -F$8) -> 0 | G68: =G$9 * (2.777745008468628 -G$8) -> 0 | H68: =H$9 * (6.476802825927734 -H$8) -> 0 | I68: =I$9 * (5.464120864868164 -I$8) -> 0
A69: =A$9 * (14.50016403198242 -A$8) -> 0 | B69: =B$9 * (14.50016403198242 -B$8) -> 0 | C69: =C$9 * (14.50016403198242 -C$8) -> 0 | D69: =D$9 * (14.50016403198242 -D$8) -> 0 | F69: =F$9 * (0.01285392977297306 -F$8) -> 0 | G69: =G$9 * (2.422949075698853 -G$8) -> 0 | H69: =H$9 * (3.914062976837158 -H$8) -> 0 | I69: =I$9 * (3.686511993408203 -I$8) -> 0
A70: =A$9 * (14.75033092498779 -A$8) -> 0 | B70: =B$9 * (14.75033092498779 -B$8) -> 0 | C70: =C$9 * (14.75033092498779 -C$8) -> 0 | D70: =D$9 * (14.75033092498779 -D$8) -> 0 | F70: =F$9 * (0.008547145873308182 -F$8) -> 0 | G70: =G$9 * (3.335938930511475 -G$8) -> 0 | H70: =H$9 * (7.075405120849609 -H$8) -> 0 | I70: =I$9 * (7.806610107421875 -I$8) -> 0
A71: =A$9 * (15.00017547607422 -A$8) -> 0 | B71: =B$9 * (15.00017547607422 -B$8) -> 0 | C71: =C$9 * (15.00017547607422 -C$8) -> 0 | D71: =D$9 * (15.00017547607422 -D$8) -> 0 | F71: =F$9 * (0.007604727987200022 -F$8) -> 0 | G71: =G$9 * (2.84456205368042 -G$8) -> 0 | H71: =H$9 * (6.476556777954102 -H$8) -> 0 | I71: =I$9 * (5.613172054290771 -I$8) -> 0
A72: =A$9 * (15.25016689300537 -A$8) -> 0 | B72: =B$9 * (15.25016689300537 -B$8) -> 0 | C72: =C$9 * (15.25016689300537 -C$8) -> 0 | D72: =D$9 * (15.25016689300537 -D$8) -> 0 | F72: =F$9 * (0.01219145022332668 -F$8) -> 0 | G72: =G$9 * (2.31190299987793 -G$8) -> 0 | H72: =H$9 * (3.842350006103516 -H$8) -> 0 | I72: =I$9 * (3.388851881027222 -I$8) -> 0
A73: =A$9 * (15.50016403198242 -A$8) -> 0 | B73: =B$9 * (15.50016403198242 -B$8) -> 0 | C73: =C$9 * (15.50016403198242 -C$8) -> 0 | D73: =D$9 * (15.50016403198242 -D$8) -> 0 | F73: =F$9 * (0.00920375157147646 -F$8) -> 0 | G73: =G$9 * (3.423635959625244 -G$8) -> 0 | H73: =H$9 * (6.922591209411621 -H$8) -> 0 | I73: =I$9 * (7.967835903167725 -I$8) -> 0
A74: =A$9 * (15.75026416778564 -A$8) -> 0 | B74: =B$9 * (15.75026416778564 -B$8) -> 0 | C74: =C$9 * (15.75026416778564 -C$8) -> 0 | D74: =D$9 * (15.75026416778564 -D$8) -> 0 | F74: =F$9 * (0.007524569053202868 -F$8) -> 0 | G74: =G$9 * (2.842331886291504 -G$8) -> 0 | H74: =H$9 * (6.53457498550415 -H$8) -> 0 | I74: =I$9 * (5.690620899200439 -I$8) -> 0
A75: =A$9 * (16.00035858154297 -A$8) -> 0 | B75: =B$9 * (16.00035858154297 -B$8) -> 0 | C75: =C$9 * (16.00035858154297 -C$8) -> 0 | D75: =D$9 * (16.00035858154297 -D$8) -> 0 | F75: =F$9 * (0.01165289990603924 -F$8) -> 0 | G75: =G$9 * (2.216398954391479 -G$8) -> 0 | H75: =H$9 * (3.780426025390625 -H$8) -> 0 | I75: =I$9 * (3.161972045898438 -I$8) -> 0
A76: =A$9 * (16.2503833770752 -A$8) -> 0 | B76: =B$9 * (16.2503833770752 -B$8) -> 0 | C76: =C$9 * (16.2503833770752 -C$8) -> 0 | D76: =D$9 * (16.2503833770752 -D$8) -> 0 | F76: =F$9 * (0.009671712294220924 -F$8) -> 0 | G76: =G$9 * (3.477824926376343 -G$8) -> 0 | H76: =H$9 * (6.808485984802246 -H$8) -> 0 | I76: =I$9 * (8.034663200378418 -I$8) -> 0
A77: =A$9 * (16.50010299682617 -A$8) -> 0 | B77: =B$9 * (16.50010299682617 -B$8) -> 0 | C77: =C$9 * (16.50010299682617 -C$8) -> 0 | D77: =D$9 * (16.50010299682617 -D$8) -> 0 | F77: =F$9 * (0.007727854885160923 -F$8) -> 0 | G77: =G$9 * (2.881942987442017 -G$8) -> 0 | H77: =H$9 * (6.497490882873535 -H$8) -> 0 | I77: =I$9 * (5.740585803985596 -I$8) -> 0
A78: =A$9 * (16.75003814697266 -A$8) -> 0 | B78: =B$9 * (16.75003814697266 -B$8) -> 0 | C78: =C$9 * (16.75003814697266 -C$8) -> 0 | D78: =D$9 * (16.75003814697266 -D$8) -> 0 | F78: =F$9 * (0.01105064991861582 -F$8) -> 0 | G78: =G$9 * (2.146282911300659 -G$8) -> 0 | H78: =H$9 * (3.773732900619507 -H$8) -> 0 | I78: =I$9 * (2.988368034362793 -I$8) -> 0
A79: =A$9 * (17.00011444091797 -A$8) -> 0 | B79: =B$9 * (17.00011444091797 -B$8) -> 0 | C79: =C$9 * (17.00011444091797 -C$8) -> 0 | D79: =D$9 * (17.00011444091797 -D$8) -> 0 | F79: =F$9 * (0.01056367997080088 -F$8) -> 0 | G79: =G$9 * (3.540184020996094 -G$8) -> 0 | H79: =H$9 * (6.55848217010498 -H$8) -> 0 | I79: =I$9 * (8.052043914794922 -I$8) -> 0
A80: =A$9 * (17.25019073486328 -A$8) -> 0 | B80: =B$9 * (17.25019073486328 -B$8) -> 0 | C80: =C$9 * (17.25019073486328 -C$8) -> 0 | D80: =D$9 * (17.25019073486328 -D$8) -> 0 | F80: =F$9 * (0.007627969142049551 -F$8) -> 0 | G80: =G$9 * (2.875236034393311 -G$8) -> 0 | H80: =H$9 * (6.552975177764893 -H$8) -> 0 | I80: =I$9 * (5.800180912017822 -I$8) -> 0
A81: =A$9 * (17.5001163482666 -A$8) -> 0 | B81: =B$9 * (17.5001163482666 -B$8) -> 0 | C81: =C$9 * (17.5001163482666 -C$8) -> 0 | D81: =D$9 * (17.5001163482666 -D$8) -> 0 | F81: =F$9 * (0.01050812005996704 -F$8) -> 0 | G81: =G$9 * (2.0780029296875 -G$8) -> 0 | H81: =H$9 * (3.768449068069458 -H$8) -> 0 | I81: =I$9 * (2.84420108795166 -I$8) -> 0
A82: =A$9 * (17.75002288818359 -A$8) -> 0 | B82: =B$9 * (17.75002288818359 -B$8) -> 0 | C82: =C$9 * (17.75002288818359 -C$8) -> 0 | D82: =D$9 * (17.75002288818359 -D$8) -> 0 | F82: =F$9 * (0.01118126977235079 -F$8) -> 0 | G82: =G$9 * (3.570611000061035 -G$8) -> 0 | H82: =H$9 * (6.388855934143066 -H$8) -> 0 | I82: =I$9 * (8.045304298400879 -I$8) -> 0
A83: =A$9 * (18.00034523010254 -A$8) -> 0 | B83: =B$9 * (18.00034523010254 -B$8) -> 0 | C83: =C$9 * (18.00034523010254 -C$8) -> 0 | D83: =D$9 * (18.00034523010254 -D$8) -> 0 | F83: =F$9 * (0.007745848037302494 -F$8) -> 0 | G83: =G$9 * (2.90068507194519 -G$8) -> 0 | H83: =H$9 * (6.536732196807861 -H$8) -> 0 | I83: =I$9 * (5.839632034301758 -I$8) -> 0
A84: =A$9 * (18.25021743774414 -A$8) -> 0 | B84: =B$9 * (18.25021743774414 -B$8) -> 0 | C84: =C$9 * (18.25021743774414 -C$8) -> 0 | D84: =D$9 * (18.25021743774414 -D$8) -> 0 | F84: =F$9 * (0.01013136003166437 -F$8) -> 0 | G84: =G$9 * (2.079071044921875 -G$8) -> 0 | H84: =H$9 * (3.855464935302734 -H$8) -> 0 | I84: =I$9 * (2.841937065124512 -I$8) -> 0
A85: =A$9 * (18.50043678283691 -A$8) -> 0 | B85: =B$9 * (18.50043678283691 -B$8) -> 0 | C85: =C$9 * (18.50043678283691 -C$8) -> 0 | D85: =D$9 * (18.50043678283691 -D$8) -> 0 | F85: =F$9 * (0.01197964046150446 -F$8) -> 0 | G85: =G$9 * (3.558531045913696 -G$8) -> 0 | H85: =H$9 * (6.106301784515381 -H$8) -> 0 | I85: =I$9 * (7.815546989440918 -I$8) -> 0
A86: =A$9 * (18.75015068054199 -A$8) -> 0 | B86: =B$9 * (18.75015068054199 -B$8) -> 0 | C86: =C$9 * (18.75015068054199 -C$8) -> 0 | D86: =D$9 * (18.75015068054199 -D$8) -> 0 | F86: =F$9 * (0.00754930917173624 -F$8) -> 0 | G86: =G$9 * (2.88665509223938 -G$8) -> 0 | H86: =H$9 * (6.631184101104736 -H$8) -> 0 | I86: =I$9 * (5.908393859863281 -I$8) -> 0
A87: =A$9 * (19.00040817260742 -A$8) -> 0 | B87: =B$9 * (19.00040817260742 -B$8) -> 0 | C87: =C$9 * (19.00040817260742 -C$8) -> 0 | D87: =D$9 * (19.00040817260742 -D$8) -> 0 | F87: =F$9 * (0.009688052348792553 -F$8) -> 0 | G87: =G$9 * (2.050693035125732 -G$8) -> 0 | H87: =H$9 * (3.914861917495728 -H$8) -> 0 | I87: =I$9 * (2.794586896896362 -I$8) -> 0
A88: =A$9 * (19.25025749206543 -A$8) -> 0 | B88: =B$9 * (19.25025749206543 -B$8) -> 0 | C88: =C$9 * (19.25025749206543 -C$8) -> 0 | D88: =D$9 * (19.25025749206543 -D$8) -> 0 | F88: =F$9 * (0.01261559035629034 -F$8) -> 0 | G88: =G$9 * (3.542728900909424 -G$8) -> 0 | H88: =H$9 * (5.896060943603516 -H$8) -> 0 | I88: =I$9 * (7.6595778465271 -I$8) -> 0
A89: =A$9 * (19.50044441223145 -A$8) -> 0 | B89: =B$9 * (19.50044441223145 -B$8) -> 0 | C89: =C$9 * (19.50044441223145 -C$8) -> 0 | D89: =D$9 * (19.50044441223145 -D$8) -> 0 | F89: =F$9 * (0.007565073203295469 -F$8) -> 0 | G89: =G$9 * (2.898077964782715 -G$8) -> 0 | H89: =H$9 * (6.643556118011475 -H$8) -> 0 | I89: =I$9 * (5.937921047210693 -I$8) -> 0
A90: =A$9 * (19.7502498626709 -A$8) -> 0 | B90: =B$9 * (19.7502498626709 -B$8) -> 0 | C90: =C$9 * (19.7502498626709 -C$8) -> 0 | D90: =D$9 * (19.7502498626709 -D$8) -> 0 | F90: =F$9 * (0.009385325945913792 -F$8) -> 0 | G90: =G$9 * (2.093437910079956 -G$8) -> 0 | H90: =H$9 * (4.078904151916504 -H$8) -> 0 | I90: =I$9 * (2.890973091125488 -I$8) -> 0
A91: =A$9 * (20.00047302246094 -A$8) -> 0 | B91: =B$9 * (20.00047302246094 -B$8) -> 0 | C91: =C$9 * (20.00047302246094 -C$8) -> 0 | D91: =D$9 * (20.00047302246094 -D$8) -> 0 | F91: =F$9 * (0.01330943964421749 -F$8) -> 0 | G91: =G$9 * (3.473433971405029 -G$8) -> 0 | H91: =H$9 * (5.598518848419189 -H$8) -> 0 | I91: =I$9 * (7.273989200592041 -I$8) -> 0
A92: =A$9 * (20.25036430358887 -A$8) -> 0 | B92: =B$9 * (20.25036430358887 -B$8) -> 0 | C92: =C$9 * (20.25036430358887 -C$8) -> 0 | D92: =D$9 * (20.25036430358887 -D$8) -> 0 | F92: =F$9 * (0.007361745927482843 -F$8) -> 0 | G92: =G$9 * (2.892571926116943 -G$8) -> 0 | H92: =H$9 * (6.76789379119873 -H$8) -> 0 | I92: =I$9 * (6.063358783721924 -I$8) -> 0
A93: =A$9 * (20.50029754638672 -A$8) -> 0 | B93: =B$9 * (20.50029754638672 -B$8) -> 0 | C93: =C$9 * (20.50029754638672 -C$8) -> 0 | D93: =D$9 * (20.50029754638672 -D$8) -> 0 | F93: =F$9 * (0.008987396024167538 -F$8) -> 0 | G93: =G$9 * (2.099410057067871 -G$8) -> 0 | H93: =H$9 * (4.213465213775635 -H$8) -> 0 | I93: =I$9 * (2.93174409866333 -I$8) -> 0
A94: =A$9 * (20.75026893615723 -A$8) -> 0 | B94: =B$9 * (20.75026893615723 -B$8) -> 0 | C94: =C$9 * (20.75026893615723 -C$8) -> 0 | D94: =D$9 * (20.75026893615723 -D$8) -> 0 | F94: =F$9 * (0.01376652996987104 -F$8) -> 0 | G94: =G$9 * (3.406069993972778 -G$8) -> 0 | H94: =H$9 * (5.381614208221436 -H$8) -> 0 | I94: =I$9 * (6.968842029571533 -I$8) -> 0
A95: =A$9 * (21.00044250488281 -A$8) -> 0 | B95: =B$9 * (21.00044250488281 -B$8) -> 0 | C95: =C$9 * (21.00044250488281 -C$8) -> 0 | D95: =D$9 * (21.00044250488281 -D$8) -> 0 | F95: =F$9 * (0.007302374113351107 -F$8) -> 0 | G95: =G$9 * (2.90147590637207 -G$8) -> 0 | H95: =H$9 * (6.823639869689941 -H$8) -> 0 | I95: =I$9 * (6.131969928741455 -I$8) -> 0
A96: =A$9 * (21.25006103515625 -A$8) -> 0 | B96: =B$9 * (21.25006103515625 -B$8) -> 0 | C96: =C$9 * (21.25006103515625 -C$8) -> 0 | D96: =D$9 * (21.25006103515625 -D$8) -> 0 | F96: =F$9 * (0.008671779185533524 -F$8) -> 0 | G96: =G$9 * (2.183717012405396 -G$8) -> 0 | H96: =H$9 * (4.489808082580566 -H$8) -> 0 | I96: =I$9 * (3.146858930587769 -I$8) -> 0
A97: =A$9 * (21.50034141540527 -A$8) -> 0 | B97: =B$9 * (21.50034141540527 -B$8) -> 0 | C97: =C$9 * (21.50034141540527 -C$8) -> 0 | D97: =D$9 * (21.50034141540527 -D$8) -> 0 | F97: =F$9 * (0.01427462045103312 -F$8) -> 0 | G97: =G$9 * (3.291085958480835 -G$8) -> 0 | H97: =H$9 * (5.085155010223389 -H$8) -> 0 | I97: =I$9 * (6.484899044036865 -I$8) -> 0
A98: =A$9 * (21.75033569335938 -A$8) -> 0 | B98: =B$9 * (21.75033569335938 -B$8) -> 0 | C98: =C$9 * (21.75033569335938 -C$8) -> 0 | D98: =D$9 * (21.75033569335938 -D$8) -> 0 | F98: =F$9 * (0.007196031976491213 -F$8) -> 0 | G98: =G$9 * (2.92608904838562 -G$8) -> 0 | H98: =H$9 * (6.965236186981201 -H$8) -> 0 | I98: =I$9 * (6.374879837036133 -I$8) -> 0
A99: =A$9 * (22.00017547607422 -A$8) -> 0 | B99: =B$9 * (22.00017547607422 -B$8) -> 0 | C99: =C$9 * (22.00017547607422 -C$8) -> 0 | D99: =D$9 * (22.00017547607422 -D$8) -> 0 | F99: =F$9 * (0.008310757577419281 -F$8) -> 0 | G99: =G$9 * (2.233911991119385 -G$8) -> 0 | H99: =H$9 * (4.735610961914062 -H$8) -> 0 | I99: =I$9 * (3.322293996810913 -I$8) -> 0
A100: =A$9 * (22.25029754638672 -A$8) -> 0 | B100: =B$9 * (22.25029754638672 -B$8) -> 0 | C100: =C$9 * (22.25029754638672 -C$8) -> 0 | D100: =D$9 * (22.25029754638672 -D$8) -> 0 | F100: =F$9 * (0.01450155023485422 -F$8) -> 0 | G100: =G$9 * (3.21251392364502 -G$8) -> 0 | H100: =H$9 * (4.915832996368408 -H$8) -> 0 | I100: =I$9 * (6.194033145904541 -I$8) -> 0
...

Sheet SIM4
A1: h | B1: h | C1: h | D1: h | F1: (M3/S) | G1: (M/S) | H1: (M/S) | I1: (BAR)
A2: TIME1 | B2: TIME2 | C2: TIME3 | D2: TIME4 | F2: ='Legends'!B2 -> 0 | G2: ='Legends'!B3 -> 0 | H2: ='Legends'!B4 -> 0 | I2: ='Legends'!B5 -> 0 | K2: Report-2031_Oil_4500bopd_Liquid_4789blpd_5MMSCFD_GL_TD_Only_OP1_TCV_5pc.genkey
A3: =MIN($A$11:$A$299) -> 0 | B3: =MIN($B$11:$B$299) -> 0 | C3: =MIN($C$11:$C$299) -> 0 | D3: =MIN($D$11:$D$299) -> 0 | E3: Min | F3: =MIN($F$11:$F$299) -> 0 | G3: =MIN($G$11:$G$299) -> 0 | H3: =MIN($H$11:$H$299) -> 0 | I3: =MIN($I$11:$I$299) -> 0
A4: =MEDIAN($A$11:$A$299) -> 0 | B4: =MEDIAN($B$11:$B$299) -> 0 | C4: =MEDIAN($C$11:$C$299) -> 0 | D4: =MEDIAN($D$11:$D$299) -> 0 | E4: P50 | F4: =MEDIAN($F$11:$F$299) -> 0 | G4: =MEDIAN($G$11:$G$299) -> 0 | H4: =MEDIAN($H$11:$H$299) -> 0 | I4: =MEDIAN($I$11:$I$299) -> 0
A5: =MAX($A$11:$A$299) -> 0 | B5: =MAX($B$11:$B$299) -> 0 | C5: =MAX($C$11:$C$299) -> 0 | D5: =MAX($D$11:$D$299) -> 0 | E5: Max | F5: =MAX($F$11:$F$299) -> 0 | G5: =MAX($G$11:$G$299) -> 0 | H5: =MAX($H$11:$H$299) -> 0 | I5: =MAX($I$11:$I$299) -> 0
A6: =$A5-$A3 -> 0 | B6: =$B5-$B3 -> 0 | C6: =$C5-$C3 -> 0 | D6: =$D5-$D3 -> 0 | E6: Delta | F6: =$F5-$F3 -> 0 | G6: =$G5-$G3 -> 0 | H6: =$H5-$H3 -> 0 | I6: =$I5-$I3 -> 0
A7: h | B7: h | C7: h | D7: h | F7: (M3/S) | G7: (M/S) | H7: (M/S) | I7: (BAR)
A8: 0 | B8: 0 | C8: 0 | D8: 0 | E8: Offset | F8: 0 | G8: 0 | H8: 0 | I8: 0
A9: 1 | B9: 1 | C9: 1 | D9: 1 | E9: Scale | F9: 1 | G9: 1 | H9: 1 | I9: 1
A10: TIME1 | B10: TIME2 | C10: TIME3 | D10: TIME4 | F10: ='Legends'!B2 -> 0 | G10: ='Legends'!B3 -> 0 | H10: ='Legends'!B4 -> 0 | I10: ='Legends'!B5 -> 0
A11: =A$9 * (0 -A$8) -> 0 | B11: =B$9 * (0 -B$8) -> 0 | C11: =C$9 * (0 -C$8) -> 0 | D11: =D$9 * (0 -D$8) -> 0 | F11: =F$9 * (0.01899014040827751 -F$8) -> 0 | G11: =G$9 * (6.976023197174072 -G$8) -> 0 | H11: =H$9 * (9.87746524810791 -H$8) -> 0 | I11: =I$9 * (0.04023474827408791 -I$8) -> 0
A12: =A$9 * (0.2503923773765564 -A$8) -> 0 | B12: =B$9 * (0.2503923773765564 -B$8) -> 0 | C12: =C$9 * (0.2503923773765564 -C$8) -> 0 | D12: =D$9 * (0.2503923773765564 -D$8) -> 0 | F12: =F$9 * (0.0130656398832798 -F$8) -> 0 | G12: =G$9 * (6.005105018615723 -G$8) -> 0 | H12: =H$9 * (10.26500034332275 -H$8) -> 0 | I12: =I$9 * (0.03208952024579048 -I$8) -> 0
A13: =A$9 * (0.5000028014183044 -A$8) -> 0 | B13: =B$9 * (0.5000028014183044 -B$8) -> 0 | C13: =C$9 * (0.5000028014183044 -C$8) -> 0 | D13: =D$9 * (0.5000028014183044 -D$8) -> 0 | F13: =F$9 * (0.009224898181855679 -F$8) -> 0 | G13: =G$9 * (4.252870082855225 -G$8) -> 0 | H13: =H$9 * (8.758434295654297 -H$8) -> 0 | I13: =I$9 * (0.02026757970452309 -I$8) -> 0
A14: =A$9 * (0.7500805258750916 -A$8) -> 0 | B14: =B$9 * (0.7500805258750916 -B$8) -> 0 | C14: =C$9 * (0.7500805258750916 -C$8) -> 0 | D14: =D$9 * (0.7500805258750916 -D$8) -> 0 | F14: =F$9 * (0.01388760004192591 -F$8) -> 0 | G14: =G$9 * (4.405671119689941 -G$8) -> 0 | H14: =H$9 * (7.069362163543701 -H$8) -> 0 | I14: =I$9 * (0.02031189016997814 -I$8) -> 0
A15: =A$9 * (1.00001060962677 -A$8) -> 0 | B15: =B$9 * (1.00001060962677 -B$8) -> 0 | C15: =C$9 * (1.00001060962677 -C$8) -> 0 | D15: =D$9 * (1.00001060962677 -D$8) -> 0 | F15: =F$9 * (-0.003372678067535162 -F$8) -> 0 | G15: =G$9 * (-1.612897992134094 -G$8) -> 0 | H15: =H$9 * (-2.599679946899414 -H$8) -> 0 | I15: =I$9 * (9.708891868591309 -I$8) -> 0
A16: =A$9 * (1.250212550163269 -A$8) -> 0 | B16: =B$9 * (1.250212550163269 -B$8) -> 0 | C16: =C$9 * (1.250212550163269 -C$8) -> 0 | D16: =D$9 * (1.250212550163269 -D$8) -> 0 | F16: =F$9 * (-0.0003163136134389788 -F$8) -> 0 | G16: =G$9 * (-2.18445611000061 -G$8) -> 0 | H16: =H$9 * (1.790732979774475 -H$8) -> 0 | I16: =I$9 * (4.851388931274414 -I$8) -> 0
A17: =A$9 * (1.50015115737915 -A$8) -> 0 | B17: =B$9 * (1.50015115737915 -B$8) -> 0 | C17: =C$9 * (1.50015115737915 -C$8) -> 0 | D17: =D$9 * (1.50015115737915 -D$8) -> 0 | F17: =F$9 * (0.001392820966430008 -F$8) -> 0 | G17: =G$9 * (-1.745538949966431 -G$8) -> 0 | H17: =H$9 * (1.393306970596313 -H$8) -> 0 | I17: =I$9 * (5.958818912506104 -I$8) -> 0
A18: =A$9 * (1.750082492828369 -A$8) -> 0 | B18: =B$9 * (1.750082492828369 -B$8) -> 0 | C18: =C$9 * (1.750082492828369 -C$8) -> 0 | D18: =D$9 * (1.750082492828369 -D$8) -> 0 | F18: =F$9 * (0.002279487904161215 -F$8) -> 0 | G18: =G$9 * (-2.245676040649414 -G$8) -> 0 | H18: =H$9 * (1.384389042854309 -H$8) -> 0 | I18: =I$9 * (14.52054977416992 -I$8) -> 0
A19: =A$9 * (2.000370740890503 -A$8) -> 0 | B19: =B$9 * (2.000370740890503 -B$8) -> 0 | C19: =C$9 * (2.000370740890503 -C$8) -> 0 | D19: =D$9 * (2.000370740890503 -D$8) -> 0 | F19: =F$9 * (0.008723045699298382 -F$8) -> 0 | G19: =G$9 * (2.091460943222046 -G$8) -> 0 | H19: =H$9 * (4.062270164489746 -H$8) -> 0 | I19: =I$9 * (25.39755058288574 -I$8) -> 0
A20: =A$9 * (2.250343084335327 -A$8) -> 0 | B20: =B$9 * (2.250343084335327 -B$8) -> 0 | C20: =C$9 * (2.250343084335327 -C$8) -> 0 | D20: =D$9 * (2.250343084335327 -D$8) -> 0 | F20: =F$9 * (0.006273952778428793 -F$8) -> 0 | G20: =G$9 * (2.104238986968994 -G$8) -> 0 | H20: =H$9 * (5.047359943389893 -H$8) -> 0 | I20: =I$9 * (7.09949779510498 -I$8) -> 0
A21: =A$9 * (2.500083684921265 -A$8) -> 0 | B21: =B$9 * (2.500083684921265 -B$8) -> 0 | C21: =C$9 * (2.500083684921265 -C$8) -> 0 | D21: =D$9 * (2.500083684921265 -D$8) -> 0 | F21: =F$9 * (0.01268788985908031 -F$8) -> 0 | G21: =G$9 * (1.368736028671265 -G$8) -> 0 | H21: =H$9 * (2.092298984527588 -H$8) -> 0 | I21: =I$9 * (8.266169548034668 -I$8) -> 0
A22: =A$9 * (2.750252246856689 -A$8) -> 0 | B22: =B$9 * (2.750252246856689 -B$8) -> 0 | C22: =C$9 * (2.750252246856689 -C$8) -> 0 | D22: =D$9 * (2.750252246856689 -D$8) -> 0 | F22: =F$9 * (0.01907997019588947 -F$8) -> 0 | G22: =G$9 * (2.017231941223145 -G$8) -> 0 | H22: =H$9 * (2.524672985076904 -H$8) -> 0 | I22: =I$9 * (22.5219898223877 -I$8) -> 0
A23: =A$9 * (3.000216722488403 -A$8) -> 0 | B23: =B$9 * (3.000216722488403 -B$8) -> 0 | C23: =C$9 * (3.000216722488403 -C$8) -> 0 | D23: =D$9 * (3.000216722488403 -D$8) -> 0 | F23: =F$9 * (0.006877514068037271 -F$8) -> 0 | G23: =G$9 * (1.981701016426086 -G$8) -> 0 | H23: =H$9 * (4.34011697769165 -H$8) -> 0 | I23: =I$9 * (24.76015090942383 -I$8) -> 0
A24: =A$9 * (3.250436067581177 -A$8) -> 0 | B24: =B$9 * (3.250436067581177 -B$8) -> 0 | C24: =C$9 * (3.250436067581177 -C$8) -> 0 | D24: =D$9 * (3.250436067581177 -D$8) -> 0 | F24: =F$9 * (0.007994884625077248 -F$8) -> 0 | G24: =G$9 * (1.930199027061462 -G$8) -> 0 | H24: =H$9 * (4.004549026489258 -H$8) -> 0 | I24: =I$9 * (22.60177993774414 -I$8) -> 0
A25: =A$9 * (3.50005841255188 -A$8) -> 0 | B25: =B$9 * (3.50005841255188 -B$8) -> 0 | C25: =C$9 * (3.50005841255188 -C$8) -> 0 | D25: =D$9 * (3.50005841255188 -D$8) -> 0 | F25: =F$9 * (0.01312362961471081 -F$8) -> 0 | G25: =G$9 * (1.885370016098022 -G$8) -> 0 | H25: =H$9 * (2.879342079162598 -H$8) -> 0 | I25: =I$9 * (17.9199104309082 -I$8) -> 0
A26: =A$9 * (3.750363826751709 -A$8) -> 0 | B26: =B$9 * (3.750363826751709 -B$8) -> 0 | C26: =C$9 * (3.750363826751709 -C$8) -> 0 | D26: =D$9 * (3.750363826751709 -D$8) -> 0 | F26: =F$9 * (0.01291069015860558 -F$8) -> 0 | G26: =G$9 * (2.039254903793335 -G$8) -> 0 | H26: =H$9 * (3.220103025436401 -H$8) -> 0 | I26: =I$9 * (22.36252021789551 -I$8) -> 0
A27: =A$9 * (4.000669479370117 -A$8) -> 0 | B27: =B$9 * (4.000669479370117 -B$8) -> 0 | C27: =C$9 * (4.000669479370117 -C$8) -> 0 | D27: =D$9 * (4.000669479370117 -D$8) -> 0 | F27: =F$9 * (0.007821237668395042 -F$8) -> 0 | G27: =G$9 * (1.940299034118652 -G$8) -> 0 | H27: =H$9 * (4.056522846221924 -H$8) -> 0 | I27: =I$9 * (22.96622085571289 -I$8) -> 0
A28: =A$9 * (4.250608444213867 -A$8) -> 0 | B28: =B$9 * (4.250608444213867 -B$8) -> 0 | C28: =C$9 * (4.250608444213867 -C$8) -> 0 | D28: =D$9 * (4.250608444213867 -D$8) -> 0 | F28: =F$9 * (0.007098529953509569 -F$8) -> 0 | G28: =G$9 * (1.81311297416687 -G$8) -> 0 | H28: =H$9 * (4.054679870605469 -H$8) -> 0 | I28: =I$9 * (21.10944938659668 -I$8) -> 0
A29: =A$9 * (4.500080585479736 -A$8) -> 0 | B29: =B$9 * (4.500080585479736 -B$8) -> 0 | C29: =C$9 * (4.500080585479736 -C$8) -> 0 | D29: =D$9 * (4.500080585479736 -D$8) -> 0 | F29: =F$9 * (0.01275001000612974 -F$8) -> 0 | G29: =G$9 * (1.881240963935852 -G$8) -> 0 | H29: =H$9 * (2.928603887557983 -H$8) -> 0 | I29: =I$9 * (18.06533050537109 -I$8) -> 0
A30: =A$9 * (4.750102996826172 -A$8) -> 0 | B30: =B$9 * (4.750102996826172 -B$8) -> 0 | C30: =C$9 * (4.750102996826172 -C$8) -> 0 | D30: =D$9 * (4.750102996826172 -D$8) -> 0 | F30: =F$9 * (0.01124729961156845 -F$8) -> 0 | G30: =G$9 * (1.988312005996704 -G$8) -> 0 | H30: =H$9 * (3.413183927536011 -H$8) -> 0 | I30: =I$9 * (21.98818969726562 -I$8) -> 0
A31: =A$9 * (5.000124931335449 -A$8) -> 0 | B31: =B$9 * (5.000124931335449 -B$8) -> 0 | C31: =C$9 * (5.000124931335449 -C$8) -> 0 | D31: =D$9 * (5.000124931335449 -D$8) -> 0 | F31: =F$9 * (0.00835808739066124 -F$8) -> 0 | G31: =G$9 * (1.903880953788757 -G$8) -> 0 | H31: =H$9 * (3.89182710647583 -H$8) -> 0 | I31: =I$9 * (22.12310981750488 -I$8) -> 0
A32: =A$9 * (5.250147342681885 -A$8) -> 0 | B32: =B$9 * (5.250147342681885 -B$8) -> 0 | C32: =C$9 * (5.250147342681885 -C$8) -> 0 | D32: =D$9 * (5.250147342681885 -D$8) -> 0 | F32: =F$9 * (0.007808811031281948 -F$8) -> 0 | G32: =G$9 * (1.794935941696167 -G$8) -> 0 | H32: =H$9 * (3.858082056045532 -H$8) -> 0 | I32: =I$9 * (20.45653915405273 -I$8) -> 0
A33: =A$9 * (5.500169277191162 -A$8) -> 0 | B33: =B$9 * (5.500169277191162 -B$8) -> 0 | C33: =C$9 * (5.500169277191162 -C$8) -> 0 | D33: =D$9 * (5.500169277191162 -D$8) -> 0 | F33: =F$9 * (0.01244520023465157 -F$8) -> 0 | G33: =G$9 * (1.897909045219421 -G$8) -> 0 | H33: =H$9 * (3.009910106658936 -H$8) -> 0 | I33: =I$9 * (18.94076919555664 -I$8) -> 0
A34: =A$9 * (5.750191688537598 -A$8) -> 0 | B34: =B$9 * (5.750191688537598 -B$8) -> 0 | C34: =C$9 * (5.750191688537598 -C$8) -> 0 | D34: =D$9 * (5.750191688537598 -D$8) -> 0 | F34: =F$9 * (0.01060689985752106 -F$8) -> 0 | G34: =G$9 * (1.957725048065186 -G$8) -> 0 | H34: =H$9 * (3.489475011825562 -H$8) -> 0 | I34: =I$9 * (21.85592079162598 -I$8) -> 0
A35: =A$9 * (6.000214099884033 -A$8) -> 0 | B35: =B$9 * (6.000214099884033 -B$8) -> 0 | C35: =C$9 * (6.000214099884033 -C$8) -> 0 | D35: =D$9 * (6.000214099884033 -D$8) -> 0 | F35: =F$9 * (0.008626800030469894 -F$8) -> 0 | G35: =G$9 * (1.893583059310913 -G$8) -> 0 | H35: =H$9 * (3.823539972305298 -H$8) -> 0 | I35: =I$9 * (21.90521049499512 -I$8) -> 0
A36: =A$9 * (6.250236034393311 -A$8) -> 0 | B36: =B$9 * (6.250236034393311 -B$8) -> 0 | C36: =C$9 * (6.250236034393311 -C$8) -> 0 | D36: =D$9 * (6.250236034393311 -D$8) -> 0 | F36: =F$9 * (0.008631167933344841 -F$8) -> 0 | G36: =G$9 * (1.808351039886475 -G$8) -> 0 | H36: =H$9 * (3.68880295753479 -H$8) -> 0 | I36: =I$9 * (20.22295951843262 -I$8) -> 0
A37: =A$9 * (6.500255584716797 -A$8) -> 0 | B37: =B$9 * (6.500255584716797 -B$8) -> 0 | C37: =C$9 * (6.500255584716797 -C$8) -> 0 | D37: =D$9 * (6.500255584716797 -D$8) -> 0 | F37: =F$9 * (0.01227410044521093 -F$8) -> 0 | G37: =G$9 * (1.890519022941589 -G$8) -> 0 | H37: =H$9 * (3.081933975219727 -H$8) -> 0 | I37: =I$9 * (20.03248977661133 -I$8) -> 0
A38: =A$9 * (6.750277996063232 -A$8) -> 0 | B38: =B$9 * (6.750277996063232 -B$8) -> 0 | C38: =C$9 * (6.750277996063232 -C$8) -> 0 | D38: =D$9 * (6.750277996063232 -D$8) -> 0 | F38: =F$9 * (0.01033032033592463 -F$8) -> 0 | G38: =G$9 * (1.950119972229004 -G$8) -> 0 | H38: =H$9 * (3.53302788734436 -H$8) -> 0 | I38: =I$9 * (21.8056697845459 -I$8) -> 0
A39: =A$9 * (7.00029993057251 -A$8) -> 0 | B39: =B$9 * (7.00029993057251 -B$8) -> 0 | C39: =C$9 * (7.00029993057251 -C$8) -> 0 | D39: =D$9 * (7.00029993057251 -D$8) -> 0 | F39: =F$9 * (0.009070499800145626 -F$8) -> 0 | G39: =G$9 * (1.897393941879272 -G$8) -> 0 | H39: =H$9 * (3.733963012695312 -H$8) -> 0 | I39: =I$9 * (21.66011047363281 -I$8) -> 0
A40: =A$9 * (7.250322341918945 -A$8) -> 0 | B40: =B$9 * (7.250322341918945 -B$8) -> 0 | C40: =C$9 * (7.250322341918945 -C$8) -> 0 | D40: =D$9 * (7.250322341918945 -D$8) -> 0 | F40: =F$9 * (0.00943301897495985 -F$8) -> 0 | G40: =G$9 * (1.865110993385315 -G$8) -> 0 | H40: =H$9 * (3.583715915679932 -H$8) -> 0 | I40: =I$9 * (20.62030029296875 -I$8) -> 0
A41: =A$9 * (7.500344276428223 -A$8) -> 0 | B41: =B$9 * (7.500344276428223 -B$8) -> 0 | C41: =C$9 * (7.500344276428223 -C$8) -> 0 | D41: =D$9 * (7.500344276428223 -D$8) -> 0 | F41: =F$9 * (0.01158741023391485 -F$8) -> 0 | G41: =G$9 * (1.907662987709045 -G$8) -> 0 | H41: =H$9 * (3.221951007843018 -H$8) -> 0 | I41: =I$9 * (20.46223068237305 -I$8) -> 0
A42: =A$9 * (7.750366687774658 -A$8) -> 0 | B42: =B$9 * (7.750366687774658 -B$8) -> 0 | C42: =C$9 * (7.750366687774658 -C$8) -> 0 | D42: =D$9 * (7.750366687774658 -D$8) -> 0 | F42: =F$9 * (0.01023446023464203 -F$8) -> 0 | G42: =G$9 * (1.934888005256653 -G$8) -> 0 | H42: =H$9 * (3.528800964355469 -H$8) -> 0 | I42: =I$9 * (21.61075973510742 -I$8) -> 0
A43: =A$9 * (8.000389099121094 -A$8) -> 0 | B43: =B$9 * (8.000389099121094 -B$8) -> 0 | C43: =C$9 * (8.000389099121094 -C$8) -> 0 | D43: =D$9 * (8.000389099121094 -D$8) -> 0 | F43: =F$9 * (0.009218111634254456 -F$8) -> 0 | G43: =G$9 * (1.890633940696716 -G$8) -> 0 | H43: =H$9 * (3.687172889709473 -H$8) -> 0 | I43: =I$9 * (21.48228073120117 -I$8) -> 0
A44: =A$9 * (8.250411033630371 -A$8) -> 0 | B44: =B$9 * (8.250411033630371 -B$8) -> 0 | C44: =C$9 * (8.250411033630371 -C$8) -> 0 | D44: =D$9 * (8.250411033630371 -D$8) -> 0 | F44: =F$9 * (0.009782266803085804 -F$8) -> 0 | G44: =G$9 * (1.876167058944702 -G$8) -> 0 | H44: =H$9 * (3.524909973144531 -H$8) -> 0 | I44: =I$9 * (20.70138931274414 -I$8) -> 0
A45: =A$9 * (8.500432968139648 -A$8) -> 0 | B45: =B$9 * (8.500432968139648 -B$8) -> 0 | C45: =C$9 * (8.500432968139648 -C$8) -> 0 | D45: =D$9 * (8.500432968139648 -D$8) -> 0 | F45: =F$9 * (0.01113994978368282 -F$8) -> 0 | G45: =G$9 * (1.912744045257568 -G$8) -> 0 | H45: =H$9 * (3.310581922531128 -H$8) -> 0 | I45: =I$9 * (20.71396064758301 -I$8) -> 0
A46: =A$9 * (8.750455856323242 -A$8) -> 0 | B46: =B$9 * (8.750455856323242 -B$8) -> 0 | C46: =C$9 * (8.750455856323242 -C$8) -> 0 | D46: =D$9 * (8.750455856323242 -D$8) -> 0 | F46: =F$9 * (0.01018907036632299 -F$8) -> 0 | G46: =G$9 * (1.930225014686584 -G$8) -> 0 | H46: =H$9 * (3.529598951339722 -H$8) -> 0 | I46: =I$9 * (21.49667930603027 -I$8) -> 0
A47: =A$9 * (9.00047779083252 -A$8) -> 0 | B47: =B$9 * (9.00047779083252 -B$8) -> 0 | C47: =C$9 * (9.00047779083252 -C$8) -> 0 | D47: =D$9 * (9.00047779083252 -D$8) -> 0 | F47: =F$9 * (0.009436138905584812 -F$8) -> 0 | G47: =G$9 * (1.897547960281372 -G$8) -> 0 | H47: =H$9 * (3.644093990325928 -H$8) -> 0 | I47: =I$9 * (21.37198066711426 -I$8) -> 0
A48: =A$9 * (9.250499725341797 -A$8) -> 0 | B48: =B$9 * (9.250499725341797 -B$8) -> 0 | C48: =C$9 * (9.250499725341797 -C$8) -> 0 | D48: =D$9 * (9.250499725341797 -D$8) -> 0 | F48: =F$9 * (0.01000901963561773 -F$8) -> 0 | G48: =G$9 * (1.888286948204041 -G$8) -> 0 | H48: =H$9 * (3.495136976242065 -H$8) -> 0 | I48: =I$9 * (20.76733016967773 -I$8) -> 0
A49: =A$9 * (9.500522613525391 -A$8) -> 0 | B49: =B$9 * (9.500522613525391 -B$8) -> 0 | C49: =C$9 * (9.500522613525391 -C$8) -> 0 | D49: =D$9 * (9.500522613525391 -D$8) -> 0 | F49: =F$9 * (0.01085361000150442 -F$8) -> 0 | G49: =G$9 * (1.914968967437744 -G$8) -> 0 | H49: =H$9 * (3.368093013763428 -H$8) -> 0 | I49: =I$9 * (20.85585021972656 -I$8) -> 0
A50: =A$9 * (9.750544548034668 -A$8) -> 0 | B50: =B$9 * (9.750544548034668 -B$8) -> 0 | C50: =C$9 * (9.750544548034668 -C$8) -> 0 | D50: =D$9 * (9.750544548034668 -D$8) -> 0 | F50: =F$9 * (0.0101319495588541 -F$8) -> 0 | G50: =G$9 * (1.923313975334167 -G$8) -> 0 | H50: =H$9 * (3.530019044876099 -H$8) -> 0 | I50: =I$9 * (21.393310546875 -I$8) -> 0
A51: =A$9 * (10.00056648254395 -A$8) -> 0 | B51: =B$9 * (10.00056648254395 -B$8) -> 0 | C51: =C$9 * (10.00056648254395 -C$8) -> 0 | D51: =D$9 * (10.00056648254395 -D$8) -> 0 | F51: =F$9 * (0.009593858383595943 -F$8) -> 0 | G51: =G$9 * (1.898874044418335 -G$8) -> 0 | H51: =H$9 * (3.608772039413452 -H$8) -> 0 | I51: =I$9 * (21.27393913269043 -I$8) -> 0
A52: =A$9 * (10.25058841705322 -A$8) -> 0 | B52: =B$9 * (10.25058841705322 -B$8) -> 0 | C52: =C$9 * (10.25058841705322 -C$8) -> 0 | D52: =D$9 * (10.25058841705322 -D$8) -> 0 | F52: =F$9 * (0.01011359971016645 -F$8) -> 0 | G52: =G$9 * (1.894212961196899 -G$8) -> 0 | H52: =H$9 * (3.482986927032471 -H$8) -> 0 | I52: =I$9 * (20.82502937316895 -I$8) -> 0
A53: =A$9 * (10.50060844421387 -A$8) -> 0 | B53: =B$9 * (10.50060844421387 -B$8) -> 0 | C53: =C$9 * (10.50060844421387 -C$8) -> 0 | D53: =D$9 * (10.50060844421387 -D$8) -> 0 | F53: =F$9 * (0.01065960992127657 -F$8) -> 0 | G53: =G$9 * (1.915102005004883 -G$8) -> 0 | H53: =H$9 * (3.406325101852417 -H$8) -> 0 | I53: =I$9 * (20.94516944885254 -I$8) -> 0
A54: =A$9 * (10.75063037872314 -A$8) -> 0 | B54: =B$9 * (10.75063037872314 -B$8) -> 0 | C54: =C$9 * (10.75063037872314 -C$8) -> 0 | D54: =D$9 * (10.75063037872314 -D$8) -> 0 | F54: =F$9 * (0.01009717024862766 -F$8) -> 0 | G54: =G$9 * (1.918601989746094 -G$8) -> 0 | H54: =H$9 * (3.529437065124512 -H$8) -> 0 | I54: =I$9 * (21.32176971435547 -I$8) -> 0
A55: =A$9 * (11.00065231323242 -A$8) -> 0 | B55: =B$9 * (11.00065231323242 -B$8) -> 0 | C55: =C$9 * (11.00065231323242 -C$8) -> 0 | D55: =D$9 * (11.00065231323242 -D$8) -> 0 | F55: =F$9 * (0.009728076867759228 -F$8) -> 0 | G55: =G$9 * (1.900537014007568 -G$8) -> 0 | H55: =H$9 * (3.580410957336426 -H$8) -> 0 | I55: =I$9 * (21.20739936828613 -I$8) -> 0
A56: =A$9 * (11.25001621246338 -A$8) -> 0 | B56: =B$9 * (11.25001621246338 -B$8) -> 0 | C56: =C$9 * (11.25001621246338 -C$8) -> 0 | D56: =D$9 * (11.25001621246338 -D$8) -> 0 | F56: =F$9 * (0.01016843039542437 -F$8) -> 0 | G56: =G$9 * (1.89874804019928 -G$8) -> 0 | H56: =H$9 * (3.479233026504517 -H$8) -> 0 | I56: =I$9 * (20.88340950012207 -I$8) -> 0
A57: =A$9 * (11.50003910064697 -A$8) -> 0 | B57: =B$9 * (11.50003910064697 -B$8) -> 0 | C57: =C$9 * (11.50003910064697 -C$8) -> 0 | D57: =D$9 * (11.50003910064697 -D$8) -> 0 | F57: =F$9 * (0.01051563024520874 -F$8) -> 0 | G57: =G$9 * (1.914558053016663 -G$8) -> 0 | H57: =H$9 * (3.434350967407227 -H$8) -> 0 | I57: =I$9 * (21.00489044189453 -I$8) -> 0
A58: =A$9 * (11.75006103515625 -A$8) -> 0 | B58: =B$9 * (11.75006103515625 -B$8) -> 0 | C58: =C$9 * (11.75006103515625 -C$8) -> 0 | D58: =D$9 * (11.75006103515625 -D$8) -> 0 | F58: =F$9 * (0.01008670963346958 -F$8) -> 0 | G58: =G$9 * (1.915771961212158 -G$8) -> 0 | H58: =H$9 * (3.52680492401123 -H$8) -> 0 | I58: =I$9 * (21.27212905883789 -I$8) -> 0
A59: =A$9 * (12.00008296966553 -A$8) -> 0 | B59: =B$9 * (12.00008296966553 -B$8) -> 0 | C59: =C$9 * (12.00008296966553 -C$8) -> 0 | D59: =D$9 * (12.00008296966553 -D$8) -> 0 | F59: =F$9 * (0.009836414828896523 -F$8) -> 0 | G59: =G$9 * (1.902207016944885 -G$8) -> 0 | H59: =H$9 * (3.558588981628418 -H$8) -> 0 | I59: =I$9 * (21.16435050964355 -I$8) -> 0
A60: =A$9 * (12.25010585784912 -A$8) -> 0 | B60: =B$9 * (12.25010585784912 -B$8) -> 0 | C60: =C$9 * (12.25010585784912 -C$8) -> 0 | D60: =D$9 * (12.25010585784912 -D$8) -> 0 | F60: =F$9 * (0.01019216980785131 -F$8) -> 0 | G60: =G$9 * (1.901847004890442 -G$8) -> 0 | H60: =H$9 * (3.479602098464966 -H$8) -> 0 | I60: =I$9 * (20.93088912963867 -I$8) -> 0
A61: =A$9 * (12.50012493133545 -A$8) -> 0 | B61: =B$9 * (12.50012493133545 -B$8) -> 0 | C61: =C$9 * (12.50012493133545 -C$8) -> 0 | D61: =D$9 * (12.50012493133545 -D$8) -> 0 | F61: =F$9 * (0.01040219981223345 -F$8) -> 0 | G61: =G$9 * (1.913596987724304 -G$8) -> 0 | H61: =H$9 * (3.455934047698975 -H$8) -> 0 | I61: =I$9 * (21.0449104309082 -I$8) -> 0
A62: =A$9 * (12.75014686584473 -A$8) -> 0 | B62: =B$9 * (12.75014686584473 -B$8) -> 0 | C62: =C$9 * (12.75014686584473 -C$8) -> 0 | D62: =D$9 * (12.75014686584473 -D$8) -> 0 | F62: =F$9 * (0.01007732003927231 -F$8) -> 0 | G62: =G$9 * (1.913099050521851 -G$8) -> 0 | H62: =H$9 * (3.524142026901245 -H$8) -> 0 | I62: =I$9 * (21.22398948669434 -I$8) -> 0
A63: =A$9 * (13.00016975402832 -A$8) -> 0 | B63: =B$9 * (13.00016975402832 -B$8) -> 0 | C63: =C$9 * (13.00016975402832 -C$8) -> 0 | D63: =D$9 * (13.00016975402832 -D$8) -> 0 | F63: =F$9 * (0.009919594042003155 -F$8) -> 0 | G63: =G$9 * (1.903421998023987 -G$8) -> 0 | H63: =H$9 * (3.541968107223511 -H$8) -> 0 | I63: =I$9 * (21.13179969787598 -I$8) -> 0
A64: =A$9 * (13.2501916885376 -A$8) -> 0 | B64: =B$9 * (13.2501916885376 -B$8) -> 0 | C64: =C$9 * (13.2501916885376 -C$8) -> 0 | D64: =D$9 * (13.2501916885376 -D$8) -> 0 | F64: =F$9 * (0.01020080037415028 -F$8) -> 0 | G64: =G$9 * (1.904348015785217 -G$8) -> 0 | H64: =H$9 * (3.482120037078857 -H$8) -> 0 | I64: =I$9 * (20.97496032714844 -I$8) -> 0
A65: =A$9 * (13.50021362304688 -A$8) -> 0 | B65: =B$9 * (13.50021362304688 -B$8) -> 0 | C65: =C$9 * (13.50021362304688 -C$8) -> 0 | D65: =D$9 * (13.50021362304688 -D$8) -> 0 | F65: =F$9 * (0.01033145003020763 -F$8) -> 0 | G65: =G$9 * (1.912796974182129 -G$8) -> 0 | H65: =H$9 * (3.469264030456543 -H$8) -> 0 | I65: =I$9 * (21.06722068786621 -I$8) -> 0
A66: =A$9 * (13.75023651123047 -A$8) -> 0 | B66: =B$9 * (13.75023651123047 -B$8) -> 0 | C66: =C$9 * (13.75023651123047 -C$8) -> 0 | D66: =D$9 * (13.75023651123047 -D$8) -> 0 | F66: =F$9 * (0.01007863972336054 -F$8) -> 0 | G66: =G$9 * (1.911769986152649 -G$8) -> 0 | H66: =H$9 * (3.521507024765015 -H$8) -> 0 | I66: =I$9 * (21.19618034362793 -I$8) -> 0
A67: =A$9 * (14.00025844573975 -A$8) -> 0 | B67: =B$9 * (14.00025844573975 -B$8) -> 0 | C67: =C$9 * (14.00025844573975 -C$8) -> 0 | D67: =D$9 * (14.00025844573975 -D$8) -> 0 | F67: =F$9 * (0.009978777728974819 -F$8) -> 0 | G67: =G$9 * (1.904700040817261 -G$8) -> 0 | H67: =H$9 * (3.531021118164062 -H$8) -> 0 | I67: =I$9 * (21.11816024780273 -I$8) -> 0
A68: =A$9 * (14.25028038024902 -A$8) -> 0 | B68: =B$9 * (14.25028038024902 -B$8) -> 0 | C68: =C$9 * (14.25028038024902 -C$8) -> 0 | D68: =D$9 * (14.25028038024902 -D$8) -> 0 | F68: =F$9 * (0.01020106021314859 -F$8) -> 0 | G68: =G$9 * (1.905830979347229 -G$8) -> 0 | H68: =H$9 * (3.48464298248291 -H$8) -> 0 | I68: =I$9 * (21.00362968444824 -I$8) -> 0
A69: =A$9 * (14.5003023147583 -A$8) -> 0 | B69: =B$9 * (14.5003023147583 -B$8) -> 0 | C69: =C$9 * (14.5003023147583 -C$8) -> 0 | D69: =D$9 * (14.5003023147583 -D$8) -> 0 | F69: =F$9 * (0.01027514971792698 -F$8) -> 0 | G69: =G$9 * (1.912224054336548 -G$8) -> 0 | H69: =H$9 * (3.480081081390381 -H$8) -> 0 | I69: =I$9 * (21.08719062805176 -I$8) -> 0
A70: =A$9 * (14.75032520294189 -A$8) -> 0 | B70: =B$9 * (14.75032520294189 -B$8) -> 0 | C70: =C$9 * (14.75032520294189 -C$8) -> 0 | D70: =D$9 * (14.75032520294189 -D$8) -> 0 | F70: =F$9 * (0.01008678041398525 -F$8) -> 0 | G70: =G$9 * (1.91109299659729 -G$8) -> 0 | H70: =H$9 * (3.518532991409302 -H$8) -> 0 | I70: =I$9 * (21.1772403717041 -I$8) -> 0
A71: =A$9 * (15.00034713745117 -A$8) -> 0 | B71: =B$9 * (15.00034713745117 -B$8) -> 0 | C71: =C$9 * (15.00034713745117 -C$8) -> 0 | D71: =D$9 * (15.00034713745117 -D$8) -> 0 | F71: =F$9 * (0.01002611964941025 -F$8) -> 0 | G71: =G$9 * (1.905769944190979 -G$8) -> 0 | H71: =H$9 * (3.522440910339355 -H$8) -> 0 | I71: =I$9 * (21.10877990722656 -I$8) -> 0
A72: =A$9 * (15.25036907196045 -A$8) -> 0 | B72: =B$9 * (15.25036907196045 -B$8) -> 0 | C72: =C$9 * (15.25036907196045 -C$8) -> 0 | D72: =D$9 * (15.25036907196045 -D$8) -> 0 | F72: =F$9 * (0.01019737962633371 -F$8) -> 0 | G72: =G$9 * (1.907124042510986 -G$8) -> 0 | H72: =H$9 * (3.487669944763184 -H$8) -> 0 | I72: =I$9 * (21.03092956542969 -I$8) -> 0
A73: =A$9 * (15.50039196014404 -A$8) -> 0 | B73: =B$9 * (15.50039196014404 -B$8) -> 0 | C73: =C$9 * (15.50039196014404 -C$8) -> 0 | D73: =D$9 * (15.50039196014404 -D$8) -> 0 | F73: =F$9 * (0.01023073028773069 -F$8) -> 0 | G73: =G$9 * (1.91159999370575 -G$8) -> 0 | H73: =H$9 * (3.488383054733276 -H$8) -> 0 | I73: =I$9 * (21.10000991821289 -I$8) -> 0
A74: =A$9 * (15.75041389465332 -A$8) -> 0 | B74: =B$9 * (15.75041389465332 -B$8) -> 0 | C74: =C$9 * (15.75041389465332 -C$8) -> 0 | D74: =D$9 * (15.75041389465332 -D$8) -> 0 | F74: =F$9 * (0.01008732989430428 -F$8) -> 0 | G74: =G$9 * (1.91025698184967 -G$8) -> 0 | H74: =H$9 * (3.51691198348999 -H$8) -> 0 | I74: =I$9 * (21.15966033935547 -I$8) -> 0
A75: =A$9 * (16.00043678283691 -A$8) -> 0 | B75: =B$9 * (16.00043678283691 -B$8) -> 0 | C75: =C$9 * (16.00043678283691 -C$8) -> 0 | D75: =D$9 * (16.00043678283691 -D$8) -> 0 | F75: =F$9 * (0.01006386987864971 -F$8) -> 0 | G75: =G$9 * (1.906592965126038 -G$8) -> 0 | H75: =H$9 * (3.515588998794556 -H$8) -> 0 | I75: =I$9 * (21.10087013244629 -I$8) -> 0
A76: =A$9 * (16.25045585632324 -A$8) -> 0 | B76: =B$9 * (16.25045585632324 -B$8) -> 0 | C76: =C$9 * (16.25045585632324 -C$8) -> 0 | D76: =D$9 * (16.25045585632324 -D$8) -> 0 | F76: =F$9 * (0.0101927500218153 -F$8) -> 0 | G76: =G$9 * (1.908254027366638 -G$8) -> 0 | H76: =H$9 * (3.490623950958252 -H$8) -> 0 | I76: =I$9 * (21.05570030212402 -I$8) -> 0
A77: =A$9 * (16.5004768371582 -A$8) -> 0 | B77: =B$9 * (16.5004768371582 -B$8) -> 0 | C77: =C$9 * (16.5004768371582 -C$8) -> 0 | D77: =D$9 * (16.5004768371582 -D$8) -> 0 | F77: =F$9 * (0.01020369026809931 -F$8) -> 0 | G77: =G$9 * (1.911241054534912 -G$8) -> 0 | H77: =H$9 * (3.493499040603638 -H$8) -> 0 | I77: =I$9 * (21.10823059082031 -I$8) -> 0
A78: =A$9 * (16.7504997253418 -A$8) -> 0 | B78: =B$9 * (16.7504997253418 -B$8) -> 0 | C78: =C$9 * (16.7504997253418 -C$8) -> 0 | D78: =D$9 * (16.7504997253418 -D$8) -> 0 | F78: =F$9 * (0.0100915003567934 -F$8) -> 0 | G78: =G$9 * (1.909767031669617 -G$8) -> 0 | H78: =H$9 * (3.515115976333618 -H$8) -> 0 | I78: =I$9 * (21.14681053161621 -I$8) -> 0
A79: =A$9 * (17.00052261352539 -A$8) -> 0 | B79: =B$9 * (17.00052261352539 -B$8) -> 0 | C79: =C$9 * (17.00052261352539 -C$8) -> 0 | D79: =D$9 * (17.00052261352539 -D$8) -> 0 | F79: =F$9 * (0.0100825596600771 -F$8) -> 0 | G79: =G$9 * (1.907080054283142 -G$8) -> 0 | H79: =H$9 * (3.512322902679443 -H$8) -> 0 | I79: =I$9 * (21.09840965270996 -I$8) -> 0
A80: =A$9 * (17.25054359436035 -A$8) -> 0 | B80: =B$9 * (17.25054359436035 -B$8) -> 0 | C80: =C$9 * (17.25054359436035 -C$8) -> 0 | D80: =D$9 * (17.25054359436035 -D$8) -> 0 | F80: =F$9 * (0.01018510013818741 -F$8) -> 0 | G80: =G$9 * (1.908539056777954 -G$8) -> 0 | H80: =H$9 * (3.49272894859314 -H$8) -> 0 | I80: =I$9 * (21.06521987915039 -I$8) -> 0
A81: =A$9 * (17.50056648254395 -A$8) -> 0 | B81: =B$9 * (17.50056648254395 -B$8) -> 0 | C81: =C$9 * (17.50056648254395 -C$8) -> 0 | D81: =D$9 * (17.50056648254395 -D$8) -> 0 | F81: =F$9 * (0.01018187962472439 -F$8) -> 0 | G81: =G$9 * (1.910905003547668 -G$8) -> 0 | H81: =H$9 * (3.497558116912842 -H$8) -> 0 | I81: =I$9 * (21.11404991149902 -I$8) -> 0
A82: =A$9 * (17.75058937072754 -A$8) -> 0 | B82: =B$9 * (17.75058937072754 -B$8) -> 0 | C82: =C$9 * (17.75058937072754 -C$8) -> 0 | D82: =D$9 * (17.75058937072754 -D$8) -> 0 | F82: =F$9 * (0.01009724009782076 -F$8) -> 0 | G82: =G$9 * (1.909347057342529 -G$8) -> 0 | H82: =H$9 * (3.513094902038574 -H$8) -> 0 | I82: =I$9 * (21.13417053222656 -I$8) -> 0
A83: =A$9 * (18.0006103515625 -A$8) -> 0 | B83: =B$9 * (18.0006103515625 -B$8) -> 0 | C83: =C$9 * (18.0006103515625 -C$8) -> 0 | D83: =D$9 * (18.0006103515625 -D$8) -> 0 | F83: =F$9 * (0.01010646019130945 -F$8) -> 0 | G83: =G$9 * (1.907825946807861 -G$8) -> 0 | H83: =H$9 * (3.508425951004028 -H$8) -> 0 | I83: =I$9 * (21.09818077087402 -I$8) -> 0
A84: =A$9 * (18.25063323974609 -A$8) -> 0 | B84: =B$9 * (18.25063323974609 -B$8) -> 0 | C84: =C$9 * (18.25063323974609 -C$8) -> 0 | D84: =D$9 * (18.25063323974609 -D$8) -> 0 | F84: =F$9 * (0.01017368026077747 -F$8) -> 0 | G84: =G$9 * (1.909137964248657 -G$8) -> 0 | H84: =H$9 * (3.496213912963867 -H$8) -> 0 | I84: =I$9 * (21.08366966247559 -I$8) -> 0
A85: =A$9 * (18.50065612792969 -A$8) -> 0 | B85: =B$9 * (18.50065612792969 -B$8) -> 0 | C85: =C$9 * (18.50065612792969 -C$8) -> 0 | D85: =D$9 * (18.50065612792969 -D$8) -> 0 | F85: =F$9 * (0.01016937009990215 -F$8) -> 0 | G85: =G$9 * (1.910603046417236 -G$8) -> 0 | H85: =H$9 * (3.499706983566284 -H$8) -> 0 | I85: =I$9 * (21.11523056030273 -I$8) -> 0
A86: =A$9 * (18.7500171661377 -A$8) -> 0 | B86: =B$9 * (18.7500171661377 -B$8) -> 0 | C86: =C$9 * (18.7500171661377 -C$8) -> 0 | D86: =D$9 * (18.7500171661377 -D$8) -> 0 | F86: =F$9 * (0.01011107955127954 -F$8) -> 0 | G86: =G$9 * (1.909517049789429 -G$8) -> 0 | H86: =H$9 * (3.510374069213867 -H$8) -> 0 | I86: =I$9 * (21.12878036499023 -I$8) -> 0
A87: =A$9 * (19.00003814697266 -A$8) -> 0 | B87: =B$9 * (19.00003814697266 -B$8) -> 0 | C87: =C$9 * (19.00003814697266 -C$8) -> 0 | D87: =D$9 * (19.00003814697266 -D$8) -> 0 | F87: =F$9 * (0.01011195033788681 -F$8) -> 0 | G87: =G$9 * (1.908306956291199 -G$8) -> 0 | H87: =H$9 * (3.508069038391113 -H$8) -> 0 | I87: =I$9 * (21.10424995422363 -I$8) -> 0
A88: =A$9 * (19.25006103515625 -A$8) -> 0 | B88: =B$9 * (19.25006103515625 -B$8) -> 0 | C88: =C$9 * (19.25006103515625 -C$8) -> 0 | D88: =D$9 * (19.25006103515625 -D$8) -> 0 | F88: =F$9 * (0.01016393024474382 -F$8) -> 0 | G88: =G$9 * (1.909289002418518 -G$8) -> 0 | H88: =H$9 * (3.498562097549438 -H$8) -> 0 | I88: =I$9 * (21.09225082397461 -I$8) -> 0
A89: =A$9 * (19.50008392333984 -A$8) -> 0 | B89: =B$9 * (19.50008392333984 -B$8) -> 0 | C89: =C$9 * (19.50008392333984 -C$8) -> 0 | D89: =D$9 * (19.50008392333984 -D$8) -> 0 | F89: =F$9 * (0.01016249042004347 -F$8) -> 0 | G89: =G$9 * (1.910328984260559 -G$8) -> 0 | H89: =H$9 * (3.500684022903442 -H$8) -> 0 | I89: =I$9 * (21.11360931396484 -I$8) -> 0
A90: =A$9 * (19.7501049041748 -A$8) -> 0 | B90: =B$9 * (19.7501049041748 -B$8) -> 0 | C90: =C$9 * (19.7501049041748 -C$8) -> 0 | D90: =D$9 * (19.7501049041748 -D$8) -> 0 | F90: =F$9 * (0.01011953968554735 -F$8) -> 0 | G90: =G$9 * (1.9096519947052 -G$8) -> 0 | H90: =H$9 * (3.508764982223511 -H$8) -> 0 | I90: =I$9 * (21.12608909606934 -I$8) -> 0
A91: =A$9 * (20.0001277923584 -A$8) -> 0 | B91: =B$9 * (20.0001277923584 -B$8) -> 0 | C91: =C$9 * (20.0001277923584 -C$8) -> 0 | D91: =D$9 * (20.0001277923584 -D$8) -> 0 | F91: =F$9 * (0.01011591963469982 -F$8) -> 0 | G91: =G$9 * (1.908674955368042 -G$8) -> 0 | H91: =H$9 * (3.507846117019653 -H$8) -> 0 | I91: =I$9 * (21.10898017883301 -I$8) -> 0
A92: =A$9 * (20.25015068054199 -A$8) -> 0 | B92: =B$9 * (20.25015068054199 -B$8) -> 0 | C92: =C$9 * (20.25015068054199 -C$8) -> 0 | D92: =D$9 * (20.25015068054199 -D$8) -> 0 | F92: =F$9 * (0.01015590969473124 -F$8) -> 0 | G92: =G$9 * (1.909302949905396 -G$8) -> 0 | H92: =H$9 * (3.500303030014038 -H$8) -> 0 | I92: =I$9 * (21.09709930419922 -I$8) -> 0
A93: =A$9 * (20.50017166137695 -A$8) -> 0 | B93: =B$9 * (20.50017166137695 -B$8) -> 0 | C93: =C$9 * (20.50017166137695 -C$8) -> 0 | D93: =D$9 * (20.50017166137695 -D$8) -> 0 | F93: =F$9 * (0.01016134954988956 -F$8) -> 0 | G93: =G$9 * (1.910303950309753 -G$8) -> 0 | H93: =H$9 * (3.500881910324097 -H$8) -> 0 | I93: =I$9 * (21.11360931396484 -I$8) -> 0
A94: =A$9 * (20.75019454956055 -A$8) -> 0 | B94: =B$9 * (20.75019454956055 -B$8) -> 0 | C94: =C$9 * (20.75019454956055 -C$8) -> 0 | D94: =D$9 * (20.75019454956055 -D$8) -> 0 | F94: =F$9 * (0.01012489013373852 -F$8) -> 0 | G94: =G$9 * (1.909894943237305 -G$8) -> 0 | H94: =H$9 * (3.508033037185669 -H$8) -> 0 | I94: =I$9 * (21.12760925292969 -I$8) -> 0
A95: =A$9 * (21.00021743774414 -A$8) -> 0 | B95: =B$9 * (21.00021743774414 -B$8) -> 0 | C95: =C$9 * (21.00021743774414 -C$8) -> 0 | D95: =D$9 * (21.00021743774414 -D$8) -> 0 | F95: =F$9 * (0.01011941954493523 -F$8) -> 0 | G95: =G$9 * (1.908951044082642 -G$8) -> 0 | H95: =H$9 * (3.507560014724731 -H$8) -> 0 | I95: =I$9 * (21.11214065551758 -I$8) -> 0
A96: =A$9 * (21.2502384185791 -A$8) -> 0 | B96: =B$9 * (21.2502384185791 -B$8) -> 0 | C96: =C$9 * (21.2502384185791 -C$8) -> 0 | D96: =D$9 * (21.2502384185791 -D$8) -> 0 | F96: =F$9 * (0.01015171967446804 -F$8) -> 0 | G96: =G$9 * (1.909373044967651 -G$8) -> 0 | H96: =H$9 * (3.501317024230957 -H$8) -> 0 | I96: =I$9 * (21.10083961486816 -I$8) -> 0
A97: =A$9 * (21.5002613067627 -A$8) -> 0 | B97: =B$9 * (21.5002613067627 -B$8) -> 0 | C97: =C$9 * (21.5002613067627 -C$8) -> 0 | D97: =D$9 * (21.5002613067627 -D$8) -> 0 | F97: =F$9 * (0.01015369035303593 -F$8) -> 0 | G97: =G$9 * (1.910130977630615 -G$8) -> 0 | H97: =H$9 * (3.502217054367065 -H$8) -> 0 | I97: =I$9 * (21.11465072631836 -I$8) -> 0
A98: =A$9 * (21.75028419494629 -A$8) -> 0 | B98: =B$9 * (21.75028419494629 -B$8) -> 0 | C98: =C$9 * (21.75028419494629 -C$8) -> 0 | D98: =D$9 * (21.75028419494629 -D$8) -> 0 | F98: =F$9 * (0.01012624986469746 -F$8) -> 0 | G98: =G$9 * (1.909762024879456 -G$8) -> 0 | H98: =H$9 * (3.507493019104004 -H$8) -> 0 | I98: =I$9 * (21.12391090393066 -I$8) -> 0
A99: =A$9 * (22.00030326843262 -A$8) -> 0 | B99: =B$9 * (22.00030326843262 -B$8) -> 0 | C99: =C$9 * (22.00030326843262 -C$8) -> 0 | D99: =D$9 * (22.00030326843262 -D$8) -> 0 | F99: =F$9 * (0.01012523006647825 -F$8) -> 0 | G99: =G$9 * (1.90913200378418 -G$8) -> 0 | H99: =H$9 * (3.506606101989746 -H$8) -> 0 | I99: =I$9 * (21.11193084716797 -I$8) -> 0
A100: =A$9 * (22.25032424926758 -A$8) -> 0 | B100: =B$9 * (22.25032424926758 -B$8) -> 0 | C100: =C$9 * (22.25032424926758 -C$8) -> 0 | D100: =D$9 * (22.25032424926758 -D$8) -> 0 | F100: =F$9 * (0.01014927960932255 -F$8) -> 0 | G100: =G$9 * (1.909518003463745 -G$8) -> 0 | H100: =H$9 * (3.502089023590088 -H$8) -> 0 | I100: =I$9 * (21.10500907897949 -I$8) -> 0
...

Sheet SIM5
A1: h | B1: h | C1: h | D1: h | F1: (M3/S) | G1: (M/S) | H1: (M/S) | I1: (BAR)
A2: TIME1 | B2: TIME2 | C2: TIME3 | D2: TIME4 | F2: ='Legends'!B2 -> 0 | G2: ='Legends'!B3 -> 0 | H2: ='Legends'!B4 -> 0 | I2: ='Legends'!B5 -> 0 | K2: Report-2031_Oil_4500bopd_Liquid_4789blpd_No_GL_TD_Only_OP1.genkey
A3: =MIN($A$11:$A$299) -> 0 | B3: =MIN($B$11:$B$299) -> 0 | C3: =MIN($C$11:$C$299) -> 0 | D3: =MIN($D$11:$D$299) -> 0 | E3: Min | F3: =MIN($F$11:$F$299) -> 0 | G3: =MIN($G$11:$G$299) -> 0 | H3: =MIN($H$11:$H$299) -> 0 | I3: =MIN($I$11:$I$299) -> 0
A4: =MEDIAN($A$11:$A$299) -> 0 | B4: =MEDIAN($B$11:$B$299) -> 0 | C4: =MEDIAN($C$11:$C$299) -> 0 | D4: =MEDIAN($D$11:$D$299) -> 0 | E4: P50 | F4: =MEDIAN($F$11:$F$299) -> 0 | G4: =MEDIAN($G$11:$G$299) -> 0 | H4: =MEDIAN($H$11:$H$299) -> 0 | I4: =MEDIAN($I$11:$I$299) -> 0
A5: =MAX($A$11:$A$299) -> 0 | B5: =MAX($B$11:$B$299) -> 0 | C5: =MAX($C$11:$C$299) -> 0 | D5: =MAX($D$11:$D$299) -> 0 | E5: Max | F5: =MAX($F$11:$F$299) -> 0 | G5: =MAX($G$11:$G$299) -> 0 | H5: =MAX($H$11:$H$299) -> 0 | I5: =MAX($I$11:$I$299) -> 0
A6: =$A5-$A3 -> 0 | B6: =$B5-$B3 -> 0 | C6: =$C5-$C3 -> 0 | D6: =$D5-$D3 -> 0 | E6: Delta | F6: =$F5-$F3 -> 0 | G6: =$G5-$G3 -> 0 | H6: =$H5-$H3 -> 0 | I6: =$I5-$I3 -> 0
A7: h | B7: h | C7: h | D7: h | F7: (M3/S) | G7: (M/S) | H7: (M/S) | I7: (BAR)
A8: 0 | B8: 0 | C8: 0 | D8: 0 | E8: Offset | F8: 0 | G8: 0 | H8: 0 | I8: 0
A9: 1 | B9: 1 | C9: 1 | D9: 1 | E9: Scale | F9: 1 | G9: 1 | H9: 1 | I9: 1
A10: TIME1 | B10: TIME2 | C10: TIME3 | D10: TIME4 | F10: ='Legends'!B2 -> 0 | G10: ='Legends'!B3 -> 0 | H10: ='Legends'!B4 -> 0 | I10: ='Legends'!B5 -> 0
A11: =A$9 * (0 -A$8) -> 0 | B11: =B$9 * (0 -B$8) -> 0 | C11: =C$9 * (0 -C$8) -> 0 | D11: =D$9 * (0 -D$8) -> 0 | F11: =F$9 * (0.01899014040827751 -F$8) -> 0 | G11: =G$9 * (6.976023197174072 -G$8) -> 0 | H11: =H$9 * (9.87746524810791 -H$8) -> 0 | I11: =I$9 * (0.04023474827408791 -I$8) -> 0
A12: =A$9 * (0.2503698766231537 -A$8) -> 0 | B12: =B$9 * (0.2503698766231537 -B$8) -> 0 | C12: =C$9 * (0.2503698766231537 -C$8) -> 0 | D12: =D$9 * (0.2503698766231537 -D$8) -> 0 | F12: =F$9 * (0.0127095403149724 -F$8) -> 0 | G12: =G$9 * (4.013641834259033 -G$8) -> 0 | H12: =H$9 * (6.724209785461426 -H$8) -> 0 | I12: =I$9 * (0.01786009036004543 -I$8) -> 0
A13: =A$9 * (0.5003474950790405 -A$8) -> 0 | B13: =B$9 * (0.5003474950790405 -B$8) -> 0 | C13: =C$9 * (0.5003474950790405 -C$8) -> 0 | D13: =D$9 * (0.5003474950790405 -D$8) -> 0 | F13: =F$9 * (0.009269413538277149 -F$8) -> 0 | G13: =G$9 * (2.928809881210327 -G$8) -> 0 | H13: =H$9 * (5.848559856414795 -H$8) -> 0 | I13: =I$9 * (0.01166731957346201 -I$8) -> 0
A14: =A$9 * (0.7503663897514343 -A$8) -> 0 | B14: =B$9 * (0.7503663897514343 -B$8) -> 0 | C14: =C$9 * (0.7503663897514343 -C$8) -> 0 | D14: =D$9 * (0.7503663897514343 -D$8) -> 0 | F14: =F$9 * (0.002632620977237821 -F$8) -> 0 | G14: =G$9 * (0.5996202230453491 -G$8) -> 0 | H14: =H$9 * (2.995414018630981 -H$8) -> 0 | I14: =I$9 * (2.48699990379464E-7 -I$8) -> 0
A15: =A$9 * (1.000272274017334 -A$8) -> 0 | B15: =B$9 * (1.000272274017334 -B$8) -> 0 | C15: =C$9 * (1.000272274017334 -C$8) -> 0 | D15: =D$9 * (1.000272274017334 -D$8) -> 0 | F15: =F$9 * (-0.00185360899195075 -F$8) -> 0 | G15: =G$9 * (-1.749161005020142 -G$8) -> 0 | H15: =H$9 * (0.3458889126777649 -H$8) -> 0 | I15: =I$9 * (3.508999952828162E-7 -I$8) -> 0
A16: =A$9 * (1.250338554382324 -A$8) -> 0 | B16: =B$9 * (1.250338554382324 -B$8) -> 0 | C16: =C$9 * (1.250338554382324 -C$8) -> 0 | D16: =D$9 * (1.250338554382324 -D$8) -> 0 | F16: =F$9 * (-0.001179191982373595 -F$8) -> 0 | G16: =G$9 * (-1.43955397605896 -G$8) -> 0 | H16: =H$9 * (0.3663032054901123 -H$8) -> 0 | I16: =I$9 * (2.1760000379345E-7 -I$8) -> 0
A17: =A$9 * (1.500310778617859 -A$8) -> 0 | B17: =B$9 * (1.500310778617859 -B$8) -> 0 | C17: =C$9 * (1.500310778617859 -C$8) -> 0 | D17: =D$9 * (1.500310778617859 -D$8) -> 0 | F17: =F$9 * (-0.002168271923437715 -F$8) -> 0 | G17: =G$9 * (-1.193088054656982 -G$8) -> 0 | H17: =H$9 * (-0.8842821717262268 -H$8) -> 0 | I17: =I$9 * (1.592179978615604E-5 -I$8) -> 0
A18: =A$9 * (1.750393390655518 -A$8) -> 0 | B18: =B$9 * (1.750393390655518 -B$8) -> 0 | C18: =C$9 * (1.750393390655518 -C$8) -> 0 | D18: =D$9 * (1.750393390655518 -D$8) -> 0 | F18: =F$9 * (-0.002610733965411782 -F$8) -> 0 | G18: =G$9 * (-1.002915024757385 -G$8) -> 0 | H18: =H$9 * (-1.964154958724976 -H$8) -> 0 | I18: =I$9 * (0.0007428731769323349 -I$8) -> 0
A19: =A$9 * (2.000298500061035 -A$8) -> 0 | B19: =B$9 * (2.000298500061035 -B$8) -> 0 | C19: =C$9 * (2.000298500061035 -C$8) -> 0 | D19: =D$9 * (2.000298500061035 -D$8) -> 0 | F19: =F$9 * (-0.000678984506521374 -F$8) -> 0 | G19: =G$9 * (-0.5985733866691589 -G$8) -> 0 | H19: =H$9 * (0.2452626973390579 -H$8) -> 0 | I19: =I$9 * (3.551259942469187E-5 -I$8) -> 0
A20: =A$9 * (2.250226020812988 -A$8) -> 0 | B20: =B$9 * (2.250226020812988 -B$8) -> 0 | C20: =C$9 * (2.250226020812988 -C$8) -> 0 | D20: =D$9 * (2.250226020812988 -D$8) -> 0 | F20: =F$9 * (4.167799852439202E-5 -F$8) -> 0 | G20: =G$9 * (-3.886600017547607 -G$8) -> 0 | H20: =H$9 * (0.7135136127471924 -H$8) -> 0 | I20: =I$9 * (4.799999828719592E-7 -I$8) -> 0
A21: =A$9 * (2.500319957733154 -A$8) -> 0 | B21: =B$9 * (2.500319957733154 -B$8) -> 0 | C21: =C$9 * (2.500319957733154 -C$8) -> 0 | D21: =D$9 * (2.500319957733154 -D$8) -> 0 | F21: =F$9 * (0.01630106009542942 -F$8) -> 0 | G21: =G$9 * (7.639770030975342 -G$8) -> 0 | H21: =H$9 * (12.07009029388428 -H$8) -> 0 | I21: =I$9 * (0.04675766825675964 -I$8) -> 0
A22: =A$9 * (2.750267744064331 -A$8) -> 0 | B22: =B$9 * (2.750267744064331 -B$8) -> 0 | C22: =C$9 * (2.750267744064331 -C$8) -> 0 | D22: =D$9 * (2.750267744064331 -D$8) -> 0 | F22: =F$9 * (0.06876353174448013 -F$8) -> 0 | G22: =G$9 * (9.15025806427002 -G$8) -> 0 | H22: =H$9 * (9.636834144592285 -H$8) -> 0 | I22: =I$9 * (0.1209719032049179 -I$8) -> 0
A23: =A$9 * (3.000191688537598 -A$8) -> 0 | B23: =B$9 * (3.000191688537598 -B$8) -> 0 | C23: =C$9 * (3.000191688537598 -C$8) -> 0 | D23: =D$9 * (3.000191688537598 -D$8) -> 0 | F23: =F$9 * (0.01289913989603519 -F$8) -> 0 | G23: =G$9 * (7.092512130737305 -G$8) -> 0 | H23: =H$9 * (12.53713989257812 -H$8) -> 0 | I23: =I$9 * (0.0426502488553524 -I$8) -> 0
A24: =A$9 * (3.250283241271973 -A$8) -> 0 | B24: =B$9 * (3.250283241271973 -B$8) -> 0 | C24: =C$9 * (3.250283241271973 -C$8) -> 0 | D24: =D$9 * (3.250283241271973 -D$8) -> 0 | F24: =F$9 * (0.003646072000265121 -F$8) -> 0 | G24: =G$9 * (1.124827980995178 -G$8) -> 0 | H24: =H$9 * (4.389116764068604 -H$8) -> 0 | I24: =I$9 * (6.766999831597786E-7 -I$8) -> 0
A25: =A$9 * (3.500147104263306 -A$8) -> 0 | B25: =B$9 * (3.500147104263306 -B$8) -> 0 | C25: =C$9 * (3.500147104263306 -C$8) -> 0 | D25: =D$9 * (3.500147104263306 -D$8) -> 0 | F25: =F$9 * (-0.0003267576976213604 -F$8) -> 0 | G25: =G$9 * (-1.365815043449402 -G$8) -> 0 | H25: =H$9 * (2.290347099304199 -H$8) -> 0 | I25: =I$9 * (6.47899980776856E-7 -I$8) -> 0
A26: =A$9 * (3.750288963317871 -A$8) -> 0 | B26: =B$9 * (3.750288963317871 -B$8) -> 0 | C26: =C$9 * (3.750288963317871 -C$8) -> 0 | D26: =D$9 * (3.750288963317871 -D$8) -> 0 | F26: =F$9 * (0.0008398304926231503 -F$8) -> 0 | G26: =G$9 * (-1.263849020004272 -G$8) -> 0 | H26: =H$9 * (3.711467981338501 -H$8) -> 0 | I26: =I$9 * (4.297000089081848E-7 -I$8) -> 0
A27: =A$9 * (4.000313758850098 -A$8) -> 0 | B27: =B$9 * (4.000313758850098 -B$8) -> 0 | C27: =C$9 * (4.000313758850098 -C$8) -> 0 | D27: =D$9 * (4.000313758850098 -D$8) -> 0 | F27: =F$9 * (-0.001906004035845399 -F$8) -> 0 | G27: =G$9 * (-2.087815046310425 -G$8) -> 0 | H27: =H$9 * (2.845895051956177 -H$8) -> 0 | I27: =I$9 * (6.520419992739335E-5 -I$8) -> 0
A28: =A$9 * (4.250041484832764 -A$8) -> 0 | B28: =B$9 * (4.250041484832764 -B$8) -> 0 | C28: =C$9 * (4.250041484832764 -C$8) -> 0 | D28: =D$9 * (4.250041484832764 -D$8) -> 0 | F28: =F$9 * (-0.001272641005925834 -F$8) -> 0 | G28: =G$9 * (-1.399719953536987 -G$8) -> 0 | H28: =H$9 * (0.1025459989905357 -H$8) -> 0 | I28: =I$9 * (1.76699998633012E-7 -I$8) -> 0
A29: =A$9 * (4.50066089630127 -A$8) -> 0 | B29: =B$9 * (4.50066089630127 -B$8) -> 0 | C29: =C$9 * (4.50066089630127 -C$8) -> 0 | D29: =D$9 * (4.50066089630127 -D$8) -> 0 | F29: =F$9 * (0.007637470960617065 -F$8) -> 0 | G29: =G$9 * (0.241156205534935 -G$8) -> 0 | H29: =H$9 * (4.869906902313232 -H$8) -> 0 | I29: =I$9 * (1.844099983827618E-6 -I$8) -> 0
A30: =A$9 * (4.750247001647949 -A$8) -> 0 | B30: =B$9 * (4.750247001647949 -B$8) -> 0 | C30: =C$9 * (4.750247001647949 -C$8) -> 0 | D30: =D$9 * (4.750247001647949 -D$8) -> 0 | F30: =F$9 * (0.01535611040890217 -F$8) -> 0 | G30: =G$9 * (2.772372961044312 -G$8) -> 0 | H30: =H$9 * (4.107535839080811 -H$8) -> 0 | I30: =I$9 * (8.513999887327373E-7 -I$8) -> 0
A31: =A$9 * (5.000277996063232 -A$8) -> 0 | B31: =B$9 * (5.000277996063232 -B$8) -> 0 | C31: =C$9 * (5.000277996063232 -C$8) -> 0 | D31: =D$9 * (5.000277996063232 -D$8) -> 0 | F31: =F$9 * (-0.0003207437985111028 -F$8) -> 0 | G31: =G$9 * (-0.9150152206420898 -G$8) -> 0 | H31: =H$9 * (0.7113612294197083 -H$8) -> 0 | I31: =I$9 * (1.149999988570016E-7 -I$8) -> 0
A32: =A$9 * (5.250236034393311 -A$8) -> 0 | B32: =B$9 * (5.250236034393311 -B$8) -> 0 | C32: =C$9 * (5.250236034393311 -C$8) -> 0 | D32: =D$9 * (5.250236034393311 -D$8) -> 0 | F32: =F$9 * (-0.0003606494865380228 -F$8) -> 0 | G32: =G$9 * (-0.5302770733833313 -G$8) -> 0 | H32: =H$9 * (0.2800131142139435 -H$8) -> 0 | I32: =I$9 * (8.469999812632523E-8 -I$8) -> 0
A33: =A$9 * (5.500516891479492 -A$8) -> 0 | B33: =B$9 * (5.500516891479492 -B$8) -> 0 | C33: =C$9 * (5.500516891479492 -C$8) -> 0 | D33: =D$9 * (5.500516891479492 -D$8) -> 0 | F33: =F$9 * (-0.0003102883056271821 -F$8) -> 0 | G33: =G$9 * (-0.4376001060009003 -G$8) -> 0 | H33: =H$9 * (0.09468682110309601 -H$8) -> 0 | I33: =I$9 * (2.280000011012362E-8 -I$8) -> 0
A34: =A$9 * (5.750086307525635 -A$8) -> 0 | B34: =B$9 * (5.750086307525635 -B$8) -> 0 | C34: =C$9 * (5.750086307525635 -C$8) -> 0 | D34: =D$9 * (5.750086307525635 -D$8) -> 0 | F34: =F$9 * (-0.0004048458940815181 -F$8) -> 0 | G34: =G$9 * (-2.798572063446045 -G$8) -> 0 | H34: =H$9 * (0.3517780900001526 -H$8) -> 0 | I34: =I$9 * (2.105000049823502E-7 -I$8) -> 0
A35: =A$9 * (6.000389099121094 -A$8) -> 0 | B35: =B$9 * (6.000389099121094 -B$8) -> 0 | C35: =C$9 * (6.000389099121094 -C$8) -> 0 | D35: =D$9 * (6.000389099121094 -D$8) -> 0 | F35: =F$9 * (0.1491090059280396 -F$8) -> 0 | G35: =G$9 * (11.21032047271729 -G$8) -> 0 | H35: =H$9 * (11.59012031555176 -H$8) -> 0 | I35: =I$9 * (0.3122856914997101 -I$8) -> 0
A36: =A$9 * (6.250469207763672 -A$8) -> 0 | B36: =B$9 * (6.250469207763672 -B$8) -> 0 | C36: =C$9 * (6.250469207763672 -C$8) -> 0 | D36: =D$9 * (6.250469207763672 -D$8) -> 0 | F36: =F$9 * (0.02490348927676678 -F$8) -> 0 | G36: =G$9 * (2.896580934524536 -G$8) -> 0 | H36: =H$9 * (3.321458101272583 -H$8) -> 0 | I36: =I$9 * (1.331099952039949E-6 -I$8) -> 0
A37: =A$9 * (6.500052928924561 -A$8) -> 0 | B37: =B$9 * (6.500052928924561 -B$8) -> 0 | C37: =C$9 * (6.500052928924561 -C$8) -> 0 | D37: =D$9 * (6.500052928924561 -D$8) -> 0 | F37: =F$9 * (-0.0002364677930017933 -F$8) -> 0 | G37: =G$9 * (-0.9255256056785583 -G$8) -> 0 | H37: =H$9 * (0.3266083896160126 -H$8) -> 0 | I37: =I$9 * (6.660000195779503E-8 -I$8) -> 0
A38: =A$9 * (6.750552654266357 -A$8) -> 0 | B38: =B$9 * (6.750552654266357 -B$8) -> 0 | C38: =C$9 * (6.750552654266357 -C$8) -> 0 | D38: =D$9 * (6.750552654266357 -D$8) -> 0 | F38: =F$9 * (0.0001123593974625692 -F$8) -> 0 | G38: =G$9 * (-0.8096398115158081 -G$8) -> 0 | H38: =H$9 * (0.5070502758026123 -H$8) -> 0 | I38: =I$9 * (3.590000119402248E-8 -I$8) -> 0
A39: =A$9 * (7.000699996948242 -A$8) -> 0 | B39: =B$9 * (7.000699996948242 -B$8) -> 0 | C39: =C$9 * (7.000699996948242 -C$8) -> 0 | D39: =D$9 * (7.000699996948242 -D$8) -> 0 | F39: =F$9 * (-2.147869963664562E-5 -F$8) -> 0 | G39: =G$9 * (-0.3024716079235077 -G$8) -> 0 | H39: =H$9 * (2.776556015014648 -H$8) -> 0 | I39: =I$9 * (3.060000040022715E-7 -I$8) -> 0
A40: =A$9 * (7.250261306762695 -A$8) -> 0 | B40: =B$9 * (7.250261306762695 -B$8) -> 0 | C40: =C$9 * (7.250261306762695 -C$8) -> 0 | D40: =D$9 * (7.250261306762695 -D$8) -> 0 | F40: =F$9 * (0.1883950978517532 -F$8) -> 0 | G40: =G$9 * (14.80130004882812 -G$8) -> 0 | H40: =H$9 * (15.28264999389648 -H$8) -> 0 | I40: =I$9 * (0.5705385208129883 -I$8) -> 0
A41: =A$9 * (7.500458240509033 -A$8) -> 0 | B41: =B$9 * (7.500458240509033 -B$8) -> 0 | C41: =C$9 * (7.500458240509033 -C$8) -> 0 | D41: =D$9 * (7.500458240509033 -D$8) -> 0 | F41: =F$9 * (0.02645057067275047 -F$8) -> 0 | G41: =G$9 * (3.233052968978882 -G$8) -> 0 | H41: =H$9 * (3.662816047668457 -H$8) -> 0 | I41: =I$9 * (1.574599991727155E-6 -I$8) -> 0
A42: =A$9 * (7.750130653381348 -A$8) -> 0 | B42: =B$9 * (7.750130653381348 -B$8) -> 0 | C42: =C$9 * (7.750130653381348 -C$8) -> 0 | D42: =D$9 * (7.750130653381348 -D$8) -> 0 | F42: =F$9 * (0.01426113024353981 -F$8) -> 0 | G42: =G$9 * (8.726502418518066 -G$8) -> 0 | H42: =H$9 * (16.13462066650391 -H$8) -> 0 | I42: =I$9 * (0.06596881896257401 -I$8) -> 0
A43: =A$9 * (8.000386238098145 -A$8) -> 0 | B43: =B$9 * (8.000386238098145 -B$8) -> 0 | C43: =C$9 * (8.000386238098145 -C$8) -> 0 | D43: =D$9 * (8.000386238098145 -D$8) -> 0 | F43: =F$9 * (0.005105398129671812 -F$8) -> 0 | G43: =G$9 * (2.475817918777466 -G$8) -> 0 | H43: =H$9 * (7.635656833648682 -H$8) -> 0 | I43: =I$9 * (0.01186867989599705 -I$8) -> 0
A44: =A$9 * (8.250313758850098 -A$8) -> 0 | B44: =B$9 * (8.250313758850098 -B$8) -> 0 | C44: =C$9 * (8.250313758850098 -C$8) -> 0 | D44: =D$9 * (8.250313758850098 -D$8) -> 0 | F44: =F$9 * (-0.0009675942710600793 -F$8) -> 0 | G44: =G$9 * (-1.587882995605469 -G$8) -> 0 | H44: =H$9 * (1.298817038536072 -H$8) -> 0 | I44: =I$9 * (2.214000005551497E-7 -I$8) -> 0
A45: =A$9 * (8.500364303588867 -A$8) -> 0 | B45: =B$9 * (8.500364303588867 -B$8) -> 0 | C45: =C$9 * (8.500364303588867 -C$8) -> 0 | D45: =D$9 * (8.500364303588867 -D$8) -> 0 | F45: =F$9 * (-0.002522731898352504 -F$8) -> 0 | G45: =G$9 * (-0.8390296101570129 -G$8) -> 0 | H45: =H$9 * (-1.69038999080658 -H$8) -> 0 | I45: =I$9 * (0.00431104376912117 -I$8) -> 0
A46: =A$9 * (8.750405311584473 -A$8) -> 0 | B46: =B$9 * (8.750405311584473 -B$8) -> 0 | C46: =C$9 * (8.750405311584473 -C$8) -> 0 | D46: =D$9 * (8.750405311584473 -D$8) -> 0 | F46: =F$9 * (-0.0006933864788152277 -F$8) -> 0 | G46: =G$9 * (-1.519067049026489 -G$8) -> 0 | H46: =H$9 * (1.637127995491028 -H$8) -> 0 | I46: =I$9 * (5.218000183049298E-7 -I$8) -> 0
A47: =A$9 * (9.000142097473145 -A$8) -> 0 | B47: =B$9 * (9.000142097473145 -B$8) -> 0 | C47: =C$9 * (9.000142097473145 -C$8) -> 0 | D47: =D$9 * (9.000142097473145 -D$8) -> 0 | F47: =F$9 * (-0.001940386020578444 -F$8) -> 0 | G47: =G$9 * (-0.3188341856002808 -G$8) -> 0 | H47: =H$9 * (-0.9337441921234131 -H$8) -> 0 | I47: =I$9 * (1.769999968814773E-8 -I$8) -> 0
A48: =A$9 * (9.250161170959473 -A$8) -> 0 | B48: =B$9 * (9.250161170959473 -B$8) -> 0 | C48: =C$9 * (9.250161170959473 -C$8) -> 0 | D48: =D$9 * (9.250161170959473 -D$8) -> 0 | F48: =F$9 * (0.0005342522053979337 -F$8) -> 0 | G48: =G$9 * (-0.8291246294975281 -G$8) -> 0 | H48: =H$9 * (1.154185056686401 -H$8) -> 0 | I48: =I$9 * (2.990000069758025E-8 -I$8) -> 0
A49: =A$9 * (9.500016212463379 -A$8) -> 0 | B49: =B$9 * (9.500016212463379 -B$8) -> 0 | C49: =C$9 * (9.500016212463379 -C$8) -> 0 | D49: =D$9 * (9.500016212463379 -D$8) -> 0 | F49: =F$9 * (0.005955706816166639 -F$8) -> 0 | G49: =G$9 * (5.763228893280029 -G$8) -> 0 | H49: =H$9 * (36.26895904541016 -H$8) -> 0 | I49: =I$9 * (0.2064311951398849 -I$8) -> 0
A50: =A$9 * (9.750371932983398 -A$8) -> 0 | B50: =B$9 * (9.750371932983398 -B$8) -> 0 | C50: =C$9 * (9.750371932983398 -C$8) -> 0 | D50: =D$9 * (9.750371932983398 -D$8) -> 0 | F50: =F$9 * (0.007699929177761078 -F$8) -> 0 | G50: =G$9 * (0.9689006209373474 -G$8) -> 0 | H50: =H$9 * (2.052864074707031 -H$8) -> 0 | I50: =I$9 * (5.819999842060497E-7 -I$8) -> 0
A51: =A$9 * (10.0001392364502 -A$8) -> 0 | B51: =B$9 * (10.0001392364502 -B$8) -> 0 | C51: =C$9 * (10.0001392364502 -C$8) -> 0 | D51: =D$9 * (10.0001392364502 -D$8) -> 0 | F51: =F$9 * (-0.0004996507777832448 -F$8) -> 0 | G51: =G$9 * (-1.16259503364563 -G$8) -> 0 | H51: =H$9 * (0.9063538908958435 -H$8) -> 0 | I51: =I$9 * (7.650000100056786E-8 -I$8) -> 0
A52: =A$9 * (10.25042247772217 -A$8) -> 0 | B52: =B$9 * (10.25042247772217 -B$8) -> 0 | C52: =C$9 * (10.25042247772217 -C$8) -> 0 | D52: =D$9 * (10.25042247772217 -D$8) -> 0 | F52: =F$9 * (-0.0009161917841993272 -F$8) -> 0 | G52: =G$9 * (-0.4107750952243805 -G$8) -> 0 | H52: =H$9 * (-0.1906646937131882 -H$8) -> 0 | I52: =I$9 * (2.068180037895218E-5 -I$8) -> 0
A53: =A$9 * (10.50008583068848 -A$8) -> 0 | B53: =B$9 * (10.50008583068848 -B$8) -> 0 | C53: =C$9 * (10.50008583068848 -C$8) -> 0 | D53: =D$9 * (10.50008583068848 -D$8) -> 0 | F53: =F$9 * (-0.0004111540038138628 -F$8) -> 0 | G53: =G$9 * (-0.9112340211868286 -G$8) -> 0 | H53: =H$9 * (0.4480277895927429 -H$8) -> 0 | I53: =I$9 * (3.550000116092633E-8 -I$8) -> 0
A54: =A$9 * (10.75004959106445 -A$8) -> 0 | B54: =B$9 * (10.75004959106445 -B$8) -> 0 | C54: =C$9 * (10.75004959106445 -C$8) -> 0 | D54: =D$9 * (10.75004959106445 -D$8) -> 0 | F54: =F$9 * (-4.624000212061219E-6 -F$8) -> 0 | G54: =G$9 * (-0.08440952003002167 -G$8) -> 0 | H54: =H$9 * (3.835819005966187 -H$8) -> 0 | I54: =I$9 * (5.854000164617901E-7 -I$8) -> 0
A55: =A$9 * (11.00026988983154 -A$8) -> 0 | B55: =B$9 * (11.00026988983154 -B$8) -> 0 | C55: =C$9 * (11.00026988983154 -C$8) -> 0 | D55: =D$9 * (11.00026988983154 -D$8) -> 0 | F55: =F$9 * (0.007004139944911003 -F$8) -> 0 | G55: =G$9 * (0.5510904788970947 -G$8) -> 0 | H55: =H$9 * (29.07954025268555 -H$8) -> 0 | I55: =I$9 * (0.1362762004137039 -I$8) -> 0
A56: =A$9 * (11.25038909912109 -A$8) -> 0 | B56: =B$9 * (11.25038909912109 -B$8) -> 0 | C56: =C$9 * (11.25038909912109 -C$8) -> 0 | D56: =D$9 * (11.25038909912109 -D$8) -> 0 | F56: =F$9 * (-0.003060854040086269 -F$8) -> 0 | G56: =G$9 * (-1.454970955848694 -G$8) -> 0 | H56: =H$9 * (0.4151616990566254 -H$8) -> 0 | I56: =I$9 * (4.558999933124142E-7 -I$8) -> 0
A57: =A$9 * (11.50056648254395 -A$8) -> 0 | B57: =B$9 * (11.50056648254395 -B$8) -> 0 | C57: =C$9 * (11.50056648254395 -C$8) -> 0 | D57: =D$9 * (11.50056648254395 -D$8) -> 0 | F57: =F$9 * (-0.001263663056306541 -F$8) -> 0 | G57: =G$9 * (-0.5653247237205505 -G$8) -> 0 | H57: =H$9 * (-0.2653366029262543 -H$8) -> 0 | I57: =I$9 * (1.261709985556081E-5 -I$8) -> 0
A58: =A$9 * (11.7500057220459 -A$8) -> 0 | B58: =B$9 * (11.7500057220459 -B$8) -> 0 | C58: =C$9 * (11.7500057220459 -C$8) -> 0 | D58: =D$9 * (11.7500057220459 -D$8) -> 0 | F58: =F$9 * (-0.0006319130188785493 -F$8) -> 0 | G58: =G$9 * (-0.7334163784980774 -G$8) -> 0 | H58: =H$9 * (0.07118108868598938 -H$8) -> 0 | I58: =I$9 * (7.140000235494881E-8 -I$8) -> 0
A59: =A$9 * (12.00052738189697 -A$8) -> 0 | B59: =B$9 * (12.00052738189697 -B$8) -> 0 | C59: =C$9 * (12.00052738189697 -C$8) -> 0 | D59: =D$9 * (12.00052738189697 -D$8) -> 0 | F59: =F$9 * (0.001560032018460333 -F$8) -> 0 | G59: =G$9 * (0.0514661893248558 -G$8) -> 0 | H59: =H$9 * (0.130135104060173 -H$8) -> 0 | I59: =I$9 * (1.500000013088254E-9 -I$8) -> 0
A60: =A$9 * (12.2503080368042 -A$8) -> 0 | B60: =B$9 * (12.2503080368042 -B$8) -> 0 | C60: =C$9 * (12.2503080368042 -C$8) -> 0 | D60: =D$9 * (12.2503080368042 -D$8) -> 0 | F60: =F$9 * (0.005055958870798349 -F$8) -> 0 | G60: =G$9 * (0.2504552900791168 -G$8) -> 0 | H60: =H$9 * (16.46599006652832 -H$8) -> 0 | I60: =I$9 * (0.04334317147731781 -I$8) -> 0
A61: =A$9 * (12.50016975402832 -A$8) -> 0 | B61: =B$9 * (12.50016975402832 -B$8) -> 0 | C61: =C$9 * (12.50016975402832 -C$8) -> 0 | D61: =D$9 * (12.50016975402832 -D$8) -> 0 | F61: =F$9 * (0.07205624878406525 -F$8) -> 0 | G61: =G$9 * (14.91555023193359 -G$8) -> 0 | H61: =H$9 * (16.00824928283691 -H$8) -> 0 | I61: =I$9 * (0.2349548935890198 -I$8) -> 0
A62: =A$9 * (12.75010299682617 -A$8) -> 0 | B62: =B$9 * (12.75010299682617 -B$8) -> 0 | C62: =C$9 * (12.75010299682617 -C$8) -> 0 | D62: =D$9 * (12.75010299682617 -D$8) -> 0 | F62: =F$9 * (0.009416135028004646 -F$8) -> 0 | G62: =G$9 * (5.347262859344482 -G$8) -> 0 | H62: =H$9 * (11.24038028717041 -H$8) -> 0 | I62: =I$9 * (0.0300502497702837 -I$8) -> 0
A63: =A$9 * (13.00012493133545 -A$8) -> 0 | B63: =B$9 * (13.00012493133545 -B$8) -> 0 | C63: =C$9 * (13.00012493133545 -C$8) -> 0 | D63: =D$9 * (13.00012493133545 -D$8) -> 0 | F63: =F$9 * (0.0001958317006938159 -F$8) -> 0 | G63: =G$9 * (0.05220165103673935 -G$8) -> 0 | H63: =H$9 * (2.887099981307983 -H$8) -> 0 | I63: =I$9 * (5.44000009483625E-8 -I$8) -> 0
A64: =A$9 * (13.25016117095947 -A$8) -> 0 | B64: =B$9 * (13.25016117095947 -B$8) -> 0 | C64: =C$9 * (13.25016117095947 -C$8) -> 0 | D64: =D$9 * (13.25016117095947 -D$8) -> 0 | F64: =F$9 * (-0.0007825188222341239 -F$8) -> 0 | G64: =G$9 * (-0.8416370749473572 -G$8) -> 0 | H64: =H$9 * (-0.04094627872109413 -H$8) -> 0 | I64: =I$9 * (4.409999831977984E-8 -I$8) -> 0
A65: =A$9 * (13.50045299530029 -A$8) -> 0 | B65: =B$9 * (13.50045299530029 -B$8) -> 0 | C65: =C$9 * (13.50045299530029 -C$8) -> 0 | D65: =D$9 * (13.50045299530029 -D$8) -> 0 | F65: =F$9 * (-4.431229899637401E-5 -F$8) -> 0 | G65: =G$9 * (-1.441771984100342 -G$8) -> 0 | H65: =H$9 * (2.727288007736206 -H$8) -> 0 | I65: =I$9 * (2.303000030678959E-7 -I$8) -> 0
A66: =A$9 * (13.7502555847168 -A$8) -> 0 | B66: =B$9 * (13.7502555847168 -B$8) -> 0 | C66: =C$9 * (13.7502555847168 -C$8) -> 0 | D66: =D$9 * (13.7502555847168 -D$8) -> 0 | F66: =F$9 * (-0.002699261996895075 -F$8) -> 0 | G66: =G$9 * (-2.021634101867676 -G$8) -> 0 | H66: =H$9 * (0.7743142247200012 -H$8) -> 0 | I66: =I$9 * (0.001649070996791124 -I$8) -> 0
A67: =A$9 * (14.0000057220459 -A$8) -> 0 | B67: =B$9 * (14.0000057220459 -B$8) -> 0 | C67: =C$9 * (14.0000057220459 -C$8) -> 0 | D67: =D$9 * (14.0000057220459 -D$8) -> 0 | F67: =F$9 * (-0.0002717156894505024 -F$8) -> 0 | G67: =G$9 * (-0.9767081737518311 -G$8) -> 0 | H67: =H$9 * (1.831099033355713 -H$8) -> 0 | I67: =I$9 * (4.259999997202613E-8 -I$8) -> 0
A68: =A$9 * (14.25004768371582 -A$8) -> 0 | B68: =B$9 * (14.25004768371582 -B$8) -> 0 | C68: =C$9 * (14.25004768371582 -C$8) -> 0 | D68: =D$9 * (14.25004768371582 -D$8) -> 0 | F68: =F$9 * (8.844889816828072E-5 -F$8) -> 0 | G68: =G$9 * (-1.485070943832397 -G$8) -> 0 | H68: =H$9 * (0.9847363829612732 -H$8) -> 0 | I68: =I$9 * (2.348999998957879E-7 -I$8) -> 0
A69: =A$9 * (14.50016689300537 -A$8) -> 0 | B69: =B$9 * (14.50016689300537 -B$8) -> 0 | C69: =C$9 * (14.50016689300537 -C$8) -> 0 | D69: =D$9 * (14.50016689300537 -D$8) -> 0 | F69: =F$9 * (0.01321564987301826 -F$8) -> 0 | G69: =G$9 * (3.543694019317627 -G$8) -> 0 | H69: =H$9 * (5.855937004089355 -H$8) -> 0 | I69: =I$9 * (0.01567042991518974 -I$8) -> 0
A70: =A$9 * (14.75031089782715 -A$8) -> 0 | B70: =B$9 * (14.75031089782715 -B$8) -> 0 | C70: =C$9 * (14.75031089782715 -C$8) -> 0 | D70: =D$9 * (14.75031089782715 -D$8) -> 0 | F70: =F$9 * (-0.001807200023904443 -F$8) -> 0 | G70: =G$9 * (-2.00860595703125 -G$8) -> 0 | H70: =H$9 * (0.8199836015701294 -H$8) -> 0 | I70: =I$9 * (4.908999926556135E-7 -I$8) -> 0
A71: =A$9 * (15.00023651123047 -A$8) -> 0 | B71: =B$9 * (15.00023651123047 -B$8) -> 0 | C71: =C$9 * (15.00023651123047 -C$8) -> 0 | D71: =D$9 * (15.00023651123047 -D$8) -> 0 | F71: =F$9 * (-0.0008009346202015877 -F$8) -> 0 | G71: =G$9 * (-0.7618653178215027 -G$8) -> 0 | H71: =H$9 * (0.1212090030312538 -H$8) -> 0 | I71: =I$9 * (1.159000007078248E-7 -I$8) -> 0
A72: =A$9 * (15.25072479248047 -A$8) -> 0 | B72: =B$9 * (15.25072479248047 -B$8) -> 0 | C72: =C$9 * (15.25072479248047 -C$8) -> 0 | D72: =D$9 * (15.25072479248047 -D$8) -> 0 | F72: =F$9 * (-0.0002249186945846304 -F$8) -> 0 | G72: =G$9 * (-0.7802948951721191 -G$8) -> 0 | H72: =H$9 * (0.402363508939743 -H$8) -> 0 | I72: =I$9 * (1.450000031155696E-8 -I$8) -> 0
A73: =A$9 * (15.50008583068848 -A$8) -> 0 | B73: =B$9 * (15.50008583068848 -B$8) -> 0 | C73: =C$9 * (15.50008583068848 -C$8) -> 0 | D73: =D$9 * (15.50008583068848 -D$8) -> 0 | F73: =F$9 * (-0.000633159012068063 -F$8) -> 0 | G73: =G$9 * (-0.2733122110366821 -G$8) -> 0 | H73: =H$9 * (-0.169569194316864 -H$8) -> 0 | I73: =I$9 * (4.764859841088764E-5 -I$8) -> 0
A74: =A$9 * (15.75078010559082 -A$8) -> 0 | B74: =B$9 * (15.75078010559082 -B$8) -> 0 | C74: =C$9 * (15.75078010559082 -C$8) -> 0 | D74: =D$9 * (15.75078010559082 -D$8) -> 0 | F74: =F$9 * (0.08484415709972382 -F$8) -> 0 | G74: =G$9 * (3.225038051605225 -G$8) -> 0 | H74: =H$9 * (3.391942024230957 -H$8) -> 0 | I74: =I$9 * (0.04017477110028267 -I$8) -> 0
A75: =A$9 * (16.00008583068848 -A$8) -> 0 | B75: =B$9 * (16.00008583068848 -B$8) -> 0 | C75: =C$9 * (16.00008583068848 -C$8) -> 0 | D75: =D$9 * (16.00008583068848 -D$8) -> 0 | F75: =F$9 * (0.01472316030412912 -F$8) -> 0 | G75: =G$9 * (2.67286205291748 -G$8) -> 0 | H75: =H$9 * (4.115831851959229 -H$8) -> 0 | I75: =I$9 * (7.772000003569701E-7 -I$8) -> 0
A76: =A$9 * (16.25002288818359 -A$8) -> 0 | B76: =B$9 * (16.25002288818359 -B$8) -> 0 | C76: =C$9 * (16.25002288818359 -C$8) -> 0 | D76: =D$9 * (16.25002288818359 -D$8) -> 0 | F76: =F$9 * (0.002308157971128821 -F$8) -> 0 | G76: =G$9 * (-1.185809016227722 -G$8) -> 0 | H76: =H$9 * (1.269049048423767 -H$8) -> 0 | I76: =I$9 * (0.0001741688029142097 -I$8) -> 0
A77: =A$9 * (16.50029754638672 -A$8) -> 0 | B77: =B$9 * (16.50029754638672 -B$8) -> 0 | C77: =C$9 * (16.50029754638672 -C$8) -> 0 | D77: =D$9 * (16.50029754638672 -D$8) -> 0 | F77: =F$9 * (-0.0006971390102989972 -F$8) -> 0 | G77: =G$9 * (-0.2150090932846069 -G$8) -> 0 | H77: =H$9 * (-0.1850689947605133 -H$8) -> 0 | I77: =I$9 * (4.799999953064571E-9 -I$8) -> 0
A78: =A$9 * (16.75045013427734 -A$8) -> 0 | B78: =B$9 * (16.75045013427734 -B$8) -> 0 | C78: =C$9 * (16.75045013427734 -C$8) -> 0 | D78: =D$9 * (16.75045013427734 -D$8) -> 0 | F78: =F$9 * (-0.0001108629003283568 -F$8) -> 0 | G78: =G$9 * (-0.9146965146064758 -G$8) -> 0 | H78: =H$9 * (2.484538078308105 -H$8) -> 0 | I78: =I$9 * (2.666000114004419E-7 -I$8) -> 0
A79: =A$9 * (17.00076103210449 -A$8) -> 0 | B79: =B$9 * (17.00076103210449 -B$8) -> 0 | C79: =C$9 * (17.00076103210449 -C$8) -> 0 | D79: =D$9 * (17.00076103210449 -D$8) -> 0 | F79: =F$9 * (0.1078886985778809 -F$8) -> 0 | G79: =G$9 * (7.336628913879395 -G$8) -> 0 | H79: =H$9 * (7.598748207092285 -H$8) -> 0 | I79: =I$9 * (0.1421152949333191 -I$8) -> 0
A80: =A$9 * (17.25020217895508 -A$8) -> 0 | B80: =B$9 * (17.25020217895508 -B$8) -> 0 | C80: =C$9 * (17.25020217895508 -C$8) -> 0 | D80: =D$9 * (17.25020217895508 -D$8) -> 0 | F80: =F$9 * (0.02902751974761486 -F$8) -> 0 | G80: =G$9 * (4.083207130432129 -G$8) -> 0 | H80: =H$9 * (4.577682018280029 -H$8) -> 0 | I80: =I$9 * (2.194700073232525E-6 -I$8) -> 0
A81: =A$9 * (17.50014495849609 -A$8) -> 0 | B81: =B$9 * (17.50014495849609 -B$8) -> 0 | C81: =C$9 * (17.50014495849609 -C$8) -> 0 | D81: =D$9 * (17.50014495849609 -D$8) -> 0 | F81: =F$9 * (0.01524388045072556 -F$8) -> 0 | G81: =G$9 * (8.574679374694824 -G$8) -> 0 | H81: =H$9 * (14.50432014465332 -H$8) -> 0 | I81: =I$9 * (0.05889366939663887 -I$8) -> 0
A82: =A$9 * (17.75012588500977 -A$8) -> 0 | B82: =B$9 * (17.75012588500977 -B$8) -> 0 | C82: =C$9 * (17.75012588500977 -C$8) -> 0 | D82: =D$9 * (17.75012588500977 -D$8) -> 0 | F82: =F$9 * (0.004218754824250937 -F$8) -> 0 | G82: =G$9 * (2.187983989715576 -G$8) -> 0 | H82: =H$9 * (7.830365180969238 -H$8) -> 0 | I82: =I$9 * (0.01122832018882036 -I$8) -> 0
A83: =A$9 * (18.0000171661377 -A$8) -> 0 | B83: =B$9 * (18.0000171661377 -B$8) -> 0 | C83: =C$9 * (18.0000171661377 -C$8) -> 0 | D83: =D$9 * (18.0000171661377 -D$8) -> 0 | F83: =F$9 * (-0.0002882576955016702 -F$8) -> 0 | G83: =G$9 * (-0.2918680012226105 -G$8) -> 0 | H83: =H$9 * (1.136808037757874 -H$8) -> 0 | I83: =I$9 * (1.120000021614942E-7 -I$8) -> 0
A84: =A$9 * (18.25006294250488 -A$8) -> 0 | B84: =B$9 * (18.25006294250488 -B$8) -> 0 | C84: =C$9 * (18.25006294250488 -C$8) -> 0 | D84: =D$9 * (18.25006294250488 -D$8) -> 0 | F84: =F$9 * (0.0007533365860581398 -F$8) -> 0 | G84: =G$9 * (-1.086701035499573 -G$8) -> 0 | H84: =H$9 * (2.674822092056274 -H$8) -> 0 | I84: =I$9 * (5.472999760058883E-7 -I$8) -> 0
A85: =A$9 * (18.50054359436035 -A$8) -> 0 | B85: =B$9 * (18.50054359436035 -B$8) -> 0 | C85: =C$9 * (18.50054359436035 -C$8) -> 0 | D85: =D$9 * (18.50054359436035 -D$8) -> 0 | F85: =F$9 * (-6.646600013482384E-6 -F$8) -> 0 | G85: =G$9 * (-1.597506999969482 -G$8) -> 0 | H85: =H$9 * (2.941704034805298 -H$8) -> 0 | I85: =I$9 * (2.692000009574258E-7 -I$8) -> 0
A86: =A$9 * (18.75059127807617 -A$8) -> 0 | B86: =B$9 * (18.75059127807617 -B$8) -> 0 | C86: =C$9 * (18.75059127807617 -C$8) -> 0 | D86: =D$9 * (18.75059127807617 -D$8) -> 0 | F86: =F$9 * (-8.906790026230738E-5 -F$8) -> 0 | G86: =G$9 * (-1.130089998245239 -G$8) -> 0 | H86: =H$9 * (1.809648990631104 -H$8) -> 0 | I86: =I$9 * (0.002013491932302713 -I$8) -> 0
A87: =A$9 * (19.00070571899414 -A$8) -> 0 | B87: =B$9 * (19.00070571899414 -B$8) -> 0 | C87: =C$9 * (19.00070571899414 -C$8) -> 0 | D87: =D$9 * (19.00070571899414 -D$8) -> 0 | F87: =F$9 * (-0.0009523035841993988 -F$8) -> 0 | G87: =G$9 * (-0.791618287563324 -G$8) -> 0 | H87: =H$9 * (0.1359204053878784 -H$8) -> 0 | I87: =I$9 * (0.0002677084994502366 -I$8) -> 0
A88: =A$9 * (19.25062561035156 -A$8) -> 0 | B88: =B$9 * (19.25062561035156 -B$8) -> 0 | C88: =C$9 * (19.25062561035156 -C$8) -> 0 | D88: =D$9 * (19.25062561035156 -D$8) -> 0 | F88: =F$9 * (0.1454444974660873 -F$8) -> 0 | G88: =G$9 * (11.20075988769531 -G$8) -> 0 | H88: =H$9 * (11.56342029571533 -H$8) -> 0 | I88: =I$9 * (0.3084186017513275 -I$8) -> 0
A89: =A$9 * (19.50022506713867 -A$8) -> 0 | B89: =B$9 * (19.50022506713867 -B$8) -> 0 | C89: =C$9 * (19.50022506713867 -C$8) -> 0 | D89: =D$9 * (19.50022506713867 -D$8) -> 0 | F89: =F$9 * (0.02431952953338623 -F$8) -> 0 | G89: =G$9 * (3.690579891204834 -G$8) -> 0 | H89: =H$9 * (4.399995803833008 -H$8) -> 0 | I89: =I$9 * (0.01932837069034576 -I$8) -> 0
A90: =A$9 * (19.75065040588379 -A$8) -> 0 | B90: =B$9 * (19.75065040588379 -B$8) -> 0 | C90: =C$9 * (19.75065040588379 -C$8) -> 0 | D90: =D$9 * (19.75065040588379 -D$8) -> 0 | F90: =F$9 * (-0.000388102198485285 -F$8) -> 0 | G90: =G$9 * (-0.7041510939598083 -G$8) -> 0 | H90: =H$9 * (0.629481315612793 -H$8) -> 0 | I90: =I$9 * (5.291309935273603E-5 -I$8) -> 0
A91: =A$9 * (20.00045776367188 -A$8) -> 0 | B91: =B$9 * (20.00045776367188 -B$8) -> 0 | C91: =C$9 * (20.00045776367188 -C$8) -> 0 | D91: =D$9 * (20.00045776367188 -D$8) -> 0 | F91: =F$9 * (5.559439887292683E-5 -F$8) -> 0 | G91: =G$9 * (-0.262196809053421 -G$8) -> 0 | H91: =H$9 * (0.4373025894165039 -H$8) -> 0 | I91: =I$9 * (1.999999943436137E-9 -I$8) -> 0
A92: =A$9 * (20.25028419494629 -A$8) -> 0 | B92: =B$9 * (20.25028419494629 -B$8) -> 0 | C92: =C$9 * (20.25028419494629 -C$8) -> 0 | D92: =D$9 * (20.25028419494629 -D$8) -> 0 | F92: =F$9 * (-0.0006189243867993355 -F$8) -> 0 | G92: =G$9 * (-0.6639347076416016 -G$8) -> 0 | H92: =H$9 * (0.1364320069551468 -H$8) -> 0 | I92: =I$9 * (9.850000282085603E-8 -I$8) -> 0
A93: =A$9 * (20.50001907348633 -A$8) -> 0 | B93: =B$9 * (20.50001907348633 -B$8) -> 0 | C93: =C$9 * (20.50001907348633 -C$8) -> 0 | D93: =D$9 * (20.50001907348633 -D$8) -> 0 | F93: =F$9 * (-0.001703999005258083 -F$8) -> 0 | G93: =G$9 * (-3.941071033477783 -G$8) -> 0 | H93: =H$9 * (1.007588028907776 -H$8) -> 0 | I93: =I$9 * (2.882999865505553E-7 -I$8) -> 0
A94: =A$9 * (20.7501049041748 -A$8) -> 0 | B94: =B$9 * (20.7501049041748 -B$8) -> 0 | C94: =C$9 * (20.7501049041748 -C$8) -> 0 | D94: =D$9 * (20.7501049041748 -D$8) -> 0 | F94: =F$9 * (0.02517919987440109 -F$8) -> 0 | G94: =G$9 * (19.83046913146973 -G$8) -> 0 | H94: =H$9 * (48.24406814575195 -H$8) -> 0 | I94: =I$9 * (0.639787495136261 -I$8) -> 0
A95: =A$9 * (21.00059700012207 -A$8) -> 0 | B95: =B$9 * (21.00059700012207 -B$8) -> 0 | C95: =C$9 * (21.00059700012207 -C$8) -> 0 | D95: =D$9 * (21.00059700012207 -D$8) -> 0 | F95: =F$9 * (0.008004653267562389 -F$8) -> 0 | G95: =G$9 * (0.8113282918930054 -G$8) -> 0 | H95: =H$9 * (1.643625020980835 -H$8) -> 0 | I95: =I$9 * (4.679999960899295E-7 -I$8) -> 0
A96: =A$9 * (21.25004959106445 -A$8) -> 0 | B96: =B$9 * (21.25004959106445 -B$8) -> 0 | C96: =C$9 * (21.25004959106445 -C$8) -> 0 | D96: =D$9 * (21.25004959106445 -D$8) -> 0 | F96: =F$9 * (-0.001135017955675721 -F$8) -> 0 | G96: =G$9 * (-0.4230104982852936 -G$8) -> 0 | H96: =H$9 * (-0.08505377918481827 -H$8) -> 0 | I96: =I$9 * (4.484019882511348E-5 -I$8) -> 0
A97: =A$9 * (21.50067710876465 -A$8) -> 0 | B97: =B$9 * (21.50067710876465 -B$8) -> 0 | C97: =C$9 * (21.50067710876465 -C$8) -> 0 | D97: =D$9 * (21.50067710876465 -D$8) -> 0 | F97: =F$9 * (-0.000155217494466342 -F$8) -> 0 | G97: =G$9 * (-1.69083297252655 -G$8) -> 0 | H97: =H$9 * (0.820417582988739 -H$8) -> 0 | I97: =I$9 * (3.856000034829776E-7 -I$8) -> 0
A98: =A$9 * (21.75057983398438 -A$8) -> 0 | B98: =B$9 * (21.75057983398438 -B$8) -> 0 | C98: =C$9 * (21.75057983398438 -C$8) -> 0 | D98: =D$9 * (21.75057983398438 -D$8) -> 0 | F98: =F$9 * (-9.506750211585313E-5 -F$8) -> 0 | G98: =G$9 * (-0.01072936970740557 -G$8) -> 0 | H98: =H$9 * (0.06522717326879501 -H$8) -> 0 | I98: =I$9 * (8.000000106811456E-10 -I$8) -> 0
A99: =A$9 * (22.00036430358887 -A$8) -> 0 | B99: =B$9 * (22.00036430358887 -B$8) -> 0 | C99: =C$9 * (22.00036430358887 -C$8) -> 0 | D99: =D$9 * (22.00036430358887 -D$8) -> 0 | F99: =F$9 * (0.005652904976159334 -F$8) -> 0 | G99: =G$9 * (0.2659451961517334 -G$8) -> 0 | H99: =H$9 * (19.73802947998047 -H$8) -> 0 | I99: =I$9 * (0.06183163076639175 -I$8) -> 0
A100: =A$9 * (22.25044250488281 -A$8) -> 0 | B100: =B$9 * (22.25044250488281 -B$8) -> 0 | C100: =C$9 * (22.25044250488281 -C$8) -> 0 | D100: =D$9 * (22.25044250488281 -D$8) -> 0 | F100: =F$9 * (0.06440957635641098 -F$8) -> 0 | G100: =G$9 * (15.33108997344971 -G$8) -> 0 | H100: =H$9 * (16.62075996398926 -H$8) -> 0 | I100: =I$9 * (0.2227113991975784 -I$8) -> 0
...
