Workbook

Sheet Legends
A1: VARIABLE | B1: LEGEND
A2: TREND___QLT___(M3_S)___RISER_OUTLET | B2: VAR1
A3: TREND___UL___(M_S)___RISER_OUTLET | B3: VAR2
A4: TREND___UG___(M_S)___RISER_OUTLET | B4: VAR3

Sheet SIM1
A1: h | B1: h | C1: h | E1: (M3/S) | F1: (M/S) | G1: (M/S)
A2: TIME1 | B2: TIME2 | C2: TIME3 | E2: ='Legends'!B2 -> 0 | F2: ='Legends'!B3 -> 0 | G2: ='Legends'!B4 -> 0 | I2: Report-2031_Oil_4500bopd_Liquid_4773blpd_10MMSCFD_GL_TD_Only_OP2.genkey
A3: =MIN($A$11:$A$299) -> 0 | B3: =MIN($B$11:$B$299) -> 0 | C3: =MIN($C$11:$C$299) -> 0 | D3: Min | E3: =MIN($E$11:$E$299) -> 0 | F3: =MIN($F$11:$F$299) -> 0 | G3: =MIN($G$11:$G$299) -> 0
A4: =MEDIAN($A$11:$A$299) -> 0 | B4: =MEDIAN($B$11:$B$299) -> 0 | C4: =MEDIAN($C$11:$C$299) -> 0 | D4: P50 | E4: =MEDIAN($E$11:$E$299) -> 0 | F4: =MEDIAN($F$11:$F$299) -> 0 | G4: =MEDIAN($G$11:$G$299) -> 0
A5: =MAX($A$11:$A$299) -> 0 | B5: =MAX($B$11:$B$299) -> 0 | C5: =MAX($C$11:$C$299) -> 0 | D5: Max | E5: =MAX($E$11:$E$299) -> 0 | F5: =MAX($F$11:$F$299) -> 0 | G5: =MAX($G$11:$G$299) -> 0
A6: =$A5-$A3 -> 0 | B6: =$B5-$B3 -> 0 | C6: =$C5-$C3 -> 0 | D6: Delta | E6: =$E5-$E3 -> 0 | F6: =$F5-$F3 -> 0 | G6: =$G5-$G3 -> 0
A7: h | B7: h | C7: h | E7: (M3/S) | F7: (M/S) | G7: (M/S)
A8: 0 | B8: 0 | C8: 0 | D8: Offset | E8: 0 | F8: 0 | G8: 0
A9: 1 | B9: 1 | C9: 1 | D9: Scale | E9: 1 | F9: 1 | G9: 1
A10: TIME1 | B10: TIME2 | C10: TIME3 | E10: ='Legends'!B2 -> 0 | F10: ='Legends'!B3 -> 0 | G10: ='Legends'!B4 -> 0
A11: =A$9 * (0 -A$8) -> 0 | B11: =B$9 * (0 -B$8) -> 0 | C11: =C$9 * (0 -C$8) -> 0 | E11: =E$9 * (0.01899014040827751 -E$8) -> 0 | F11: =F$9 * (6.976023197174072 -F$8) -> 0 | G11: =G$9 * (9.87746524810791 -G$8) -> 0
A12: =A$9 * (0.2504511773586273 -A$8) -> 0 | B12: =B$9 * (0.2504511773586273 -B$8) -> 0 | C12: =C$9 * (0.2504511773586273 -C$8) -> 0 | E12: =E$9 * (0.01235297974199057 -E$8) -> 0 | F12: =F$9 * (7.181337833404541 -F$8) -> 0 | G12: =G$9 * (13.02390003204346 -G$8) -> 0
A13: =A$9 * (0.5003725290298462 -A$8) -> 0 | B13: =B$9 * (0.5003725290298462 -B$8) -> 0 | C13: =C$9 * (0.5003725290298462 -C$8) -> 0 | E13: =E$9 * (0.008767951279878616 -E$8) -> 0 | F13: =F$9 * (5.209248065948486 -F$8) -> 0 | G13: =G$9 * (11.39206981658936 -G$8) -> 0
A14: =A$9 * (0.7502644658088684 -A$8) -> 0 | B14: =B$9 * (0.7502644658088684 -B$8) -> 0 | C14: =C$9 * (0.7502644658088684 -C$8) -> 0 | E14: =E$9 * (0.01135827973484993 -E$8) -> 0 | F14: =F$9 * (5.983951091766357 -F$8) -> 0 | G14: =G$9 * (11.16973972320557 -G$8) -> 0
A15: =A$9 * (1.000229716300964 -A$8) -> 0 | B15: =B$9 * (1.000229716300964 -B$8) -> 0 | C15: =C$9 * (1.000229716300964 -C$8) -> 0 | E15: =E$9 * (0.009398536756634712 -E$8) -> 0 | F15: =F$9 * (5.278471946716309 -F$8) -> 0 | G15: =G$9 * (11.01521968841553 -G$8) -> 0
A16: =A$9 * (1.250013113021851 -A$8) -> 0 | B16: =B$9 * (1.250013113021851 -B$8) -> 0 | C16: =C$9 * (1.250013113021851 -C$8) -> 0 | E16: =E$9 * (0.01062831003218889 -E$8) -> 0 | F16: =F$9 * (5.146395206451416 -F$8) -> 0 | G16: =G$9 * (9.851216316223145 -G$8) -> 0
A17: =A$9 * (1.500121116638184 -A$8) -> 0 | B17: =B$9 * (1.500121116638184 -B$8) -> 0 | C17: =C$9 * (1.500121116638184 -C$8) -> 0 | E17: =E$9 * (0.00895081739872694 -E$8) -> 0 | F17: =F$9 * (5.006810188293457 -F$8) -> 0 | G17: =G$9 * (10.74590015411377 -G$8) -> 0
A18: =A$9 * (1.750328660011292 -A$8) -> 0 | B18: =B$9 * (1.750328660011292 -B$8) -> 0 | C18: =C$9 * (1.750328660011292 -C$8) -> 0 | E18: =E$9 * (0.008839445188641548 -E$8) -> 0 | F18: =F$9 * (4.737603187561035 -F$8) -> 0 | G18: =G$9 * (10.18994998931885 -G$8) -> 0
A19: =A$9 * (2.000328540802002 -A$8) -> 0 | B19: =B$9 * (2.000328540802002 -B$8) -> 0 | C19: =C$9 * (2.000328540802002 -C$8) -> 0 | E19: =E$9 * (0.01007585041224957 -E$8) -> 0 | F19: =F$9 * (5.198352813720703 -F$8) -> 0 | G19: =G$9 * (10.32841014862061 -G$8) -> 0
A20: =A$9 * (2.2502760887146 -A$8) -> 0 | B20: =B$9 * (2.2502760887146 -B$8) -> 0 | C20: =C$9 * (2.2502760887146 -C$8) -> 0 | E20: =E$9 * (0.008484907448291779 -E$8) -> 0 | F20: =F$9 * (4.683227062225342 -F$8) -> 0 | G20: =G$9 * (10.36596012115479 -G$8) -> 0
A21: =A$9 * (2.500304222106934 -A$8) -> 0 | B21: =B$9 * (2.500304222106934 -B$8) -> 0 | C21: =C$9 * (2.500304222106934 -C$8) -> 0 | E21: =E$9 * (0.01016569044440985 -E$8) -> 0 | F21: =F$9 * (5.070384979248047 -F$8) -> 0 | G21: =G$9 * (9.994375228881836 -G$8) -> 0
A22: =A$9 * (2.750331878662109 -A$8) -> 0 | B22: =B$9 * (2.750331878662109 -B$8) -> 0 | C22: =C$9 * (2.750331878662109 -C$8) -> 0 | E22: =E$9 * (0.009207810275256634 -E$8) -> 0 | F22: =F$9 * (4.888185024261475 -F$8) -> 0 | G22: =G$9 * (10.27120971679688 -G$8) -> 0
A23: =A$9 * (3.000361204147339 -A$8) -> 0 | B23: =B$9 * (3.000361204147339 -B$8) -> 0 | C23: =C$9 * (3.000361204147339 -C$8) -> 0 | E23: =E$9 * (0.009293840266764164 -E$8) -> 0 | F23: =F$9 * (4.81830883026123 -F$8) -> 0 | G23: =G$9 * (10.04555988311768 -G$8) -> 0
A24: =A$9 * (3.250388860702515 -A$8) -> 0 | B24: =B$9 * (3.250388860702515 -B$8) -> 0 | C24: =C$9 * (3.250388860702515 -C$8) -> 0 | E24: =E$9 * (0.009793265722692013 -E$8) -> 0 | F24: =F$9 * (5.030058860778809 -F$8) -> 0 | G24: =G$9 * (10.16969013214111 -G$8) -> 0
A25: =A$9 * (3.500027894973755 -A$8) -> 0 | B25: =B$9 * (3.500027894973755 -B$8) -> 0 | C25: =C$9 * (3.500027894973755 -C$8) -> 0 | E25: =E$9 * (0.009593348950147629 -E$8) -> 0 | F25: =F$9 * (4.945787906646729 -F$8) -> 0 | G25: =G$9 * (10.12565040588379 -G$8) -> 0
A26: =A$9 * (3.750055551528931 -A$8) -> 0 | B26: =B$9 * (3.750055551528931 -B$8) -> 0 | C26: =C$9 * (3.750055551528931 -C$8) -> 0 | E26: =E$9 * (0.009927818551659584 -E$8) -> 0 | F26: =F$9 * (4.995786190032959 -F$8) -> 0 | G26: =G$9 * (10.00938034057617 -G$8) -> 0
A27: =A$9 * (4.000083446502686 -A$8) -> 0 | B27: =B$9 * (4.000083446502686 -B$8) -> 0 | C27: =C$9 * (4.000083446502686 -C$8) -> 0 | E27: =E$9 * (0.009745977818965912 -E$8) -> 0 | F27: =F$9 * (4.987526893615723 -F$8) -> 0 | G27: =G$9 * (10.13465976715088 -G$8) -> 0
A28: =A$9 * (4.250111103057861 -A$8) -> 0 | B28: =B$9 * (4.250111103057861 -B$8) -> 0 | C28: =C$9 * (4.250111103057861 -C$8) -> 0 | E28: =E$9 * (0.009619700722396374 -E$8) -> 0 | F28: =F$9 * (4.898069858551025 -F$8) -> 0 | G28: =G$9 * (10.03995990753174 -G$8) -> 0
A29: =A$9 * (4.500138759613037 -A$8) -> 0 | B29: =B$9 * (4.500138759613037 -B$8) -> 0 | C29: =C$9 * (4.500138759613037 -C$8) -> 0 | E29: =E$9 * (0.009813901968300343 -E$8) -> 0 | F29: =F$9 * (4.945738792419434 -F$8) -> 0 | G29: =G$9 * (10.01618957519531 -G$8) -> 0
A30: =A$9 * (4.750166893005371 -A$8) -> 0 | B30: =B$9 * (4.750166893005371 -B$8) -> 0 | C30: =C$9 * (4.750166893005371 -C$8) -> 0 | E30: =E$9 * (0.009633160196244717 -E$8) -> 0 | F30: =F$9 * (4.908864974975586 -F$8) -> 0 | G30: =G$9 * (10.06272029876709 -G$8) -> 0
A31: =A$9 * (5.000194549560547 -A$8) -> 0 | B31: =B$9 * (5.000194549560547 -B$8) -> 0 | C31: =C$9 * (5.000194549560547 -C$8) -> 0 | E31: =E$9 * (0.009712209925055504 -E$8) -> 0 | F31: =F$9 * (4.896020889282227 -F$8) -> 0 | G31: =G$9 * (9.980698585510254 -G$8) -> 0
A32: =A$9 * (5.250222206115723 -A$8) -> 0 | B32: =B$9 * (5.250222206115723 -B$8) -> 0 | C32: =C$9 * (5.250222206115723 -C$8) -> 0 | E32: =E$9 * (0.009768794290721416 -E$8) -> 0 | F32: =F$9 * (4.924986839294434 -F$8) -> 0 | G32: =G$9 * (10.0071496963501 -G$8) -> 0
A33: =A$9 * (5.500249862670898 -A$8) -> 0 | B33: =B$9 * (5.500249862670898 -B$8) -> 0 | C33: =C$9 * (5.500249862670898 -C$8) -> 0 | E33: =E$9 * (0.009662165306508541 -E$8) -> 0 | F33: =F$9 * (4.885807037353516 -F$8) -> 0 | G33: =G$9 * (9.995956420898438 -G$8) -> 0
A34: =A$9 * (5.750277996063232 -A$8) -> 0 | B34: =B$9 * (5.750277996063232 -B$8) -> 0 | C34: =C$9 * (5.750277996063232 -C$8) -> 0 | E34: =E$9 * (0.009771605953574181 -E$8) -> 0 | F34: =F$9 * (4.89839506149292 -F$8) -> 0 | G34: =G$9 * (9.949575424194336 -G$8) -> 0
A35: =A$9 * (6.000305652618408 -A$8) -> 0 | B35: =B$9 * (6.000305652618408 -B$8) -> 0 | C35: =C$9 * (6.000305652618408 -C$8) -> 0 | E35: =E$9 * (0.009737667627632618 -E$8) -> 0 | F35: =F$9 * (4.898931980133057 -F$8) -> 0 | G35: =G$9 * (9.97559642791748 -G$8) -> 0
A36: =A$9 * (6.250333309173584 -A$8) -> 0 | B36: =B$9 * (6.250333309173584 -B$8) -> 0 | C36: =C$9 * (6.250333309173584 -C$8) -> 0 | E36: =E$9 * (0.009715227410197258 -E$8) -> 0 | F36: =F$9 * (4.875664234161377 -F$8) -> 0 | G36: =G$9 * (9.941168785095215 -G$8) -> 0
A37: =A$9 * (6.50036096572876 -A$8) -> 0 | B37: =B$9 * (6.50036096572876 -B$8) -> 0 | C37: =C$9 * (6.50036096572876 -C$8) -> 0 | E37: =E$9 * (0.00978646706789732 -E$8) -> 0 | F37: =F$9 * (4.891172885894775 -F$8) -> 0 | G37: =G$9 * (9.92794132232666 -G$8) -> 0
A38: =A$9 * (6.75 -A$8) -> 0 | B38: =B$9 * (6.75 -B$8) -> 0 | C38: =C$9 * (6.75 -C$8) -> 0 | E38: =E$9 * (0.009734553284943104 -E$8) -> 0 | F38: =F$9 * (4.877693176269531 -F$8) -> 0 | G38: =G$9 * (9.935090065002441 -G$8) -> 0
A39: =A$9 * (7.000027656555176 -A$8) -> 0 | B39: =B$9 * (7.000027656555176 -B$8) -> 0 | C39: =C$9 * (7.000027656555176 -C$8) -> 0 | E39: =E$9 * (0.009760910645127296 -E$8) -> 0 | F39: =F$9 * (4.870511054992676 -F$8) -> 0 | G39: =G$9 * (9.902462959289551 -G$8) -> 0
A40: =A$9 * (7.25005578994751 -A$8) -> 0 | B40: =B$9 * (7.25005578994751 -B$8) -> 0 | C40: =C$9 * (7.25005578994751 -C$8) -> 0 | E40: =E$9 * (0.009783023037016392 -E$8) -> 0 | F40: =F$9 * (4.877882957458496 -F$8) -> 0 | G40: =G$9 * (9.904850959777832 -G$8) -> 0
A41: =A$9 * (7.500086307525635 -A$8) -> 0 | B41: =B$9 * (7.500086307525635 -B$8) -> 0 | C41: =C$9 * (7.500086307525635 -C$8) -> 0 | E41: =E$9 * (0.00975111685693264 -E$8) -> 0 | F41: =F$9 * (4.863367080688477 -F$8) -> 0 | G41: =G$9 * (9.895777702331543 -G$8) -> 0
A42: =A$9 * (7.750113964080811 -A$8) -> 0 | B42: =B$9 * (7.750113964080811 -B$8) -> 0 | C42: =C$9 * (7.750113964080811 -C$8) -> 0 | E42: =E$9 * (0.009788159281015396 -E$8) -> 0 | F42: =F$9 * (4.865077018737793 -F$8) -> 0 | G42: =G$9 * (9.875426292419434 -G$8) -> 0
A43: =A$9 * (8.000142097473145 -A$8) -> 0 | B43: =B$9 * (8.000142097473145 -B$8) -> 0 | C43: =C$9 * (8.000142097473145 -C$8) -> 0 | E43: =E$9 * (0.00978029053658247 -E$8) -> 0 | F43: =F$9 * (4.863815784454346 -F$8) -> 0 | G43: =G$9 * (9.879034996032715 -G$8) -> 0
A44: =A$9 * (8.25016975402832 -A$8) -> 0 | B44: =B$9 * (8.25016975402832 -B$8) -> 0 | C44: =C$9 * (8.25016975402832 -C$8) -> 0 | E44: =E$9 * (0.009774362668395042 -E$8) -> 0 | F44: =F$9 * (4.854410171508789 -F$8) -> 0 | G44: =G$9 * (9.863341331481934 -G$8) -> 0
A45: =A$9 * (8.500197410583496 -A$8) -> 0 | B45: =B$9 * (8.500197410583496 -B$8) -> 0 | C45: =C$9 * (8.500197410583496 -C$8) -> 0 | E45: =E$9 * (0.009799705818295479 -E$8) -> 0 | F45: =F$9 * (4.857735157012939 -F$8) -> 0 | G45: =G$9 * (9.854434013366699 -G$8) -> 0
A46: =A$9 * (8.750225067138672 -A$8) -> 0 | B46: =B$9 * (8.750225067138672 -B$8) -> 0 | C46: =C$9 * (8.750225067138672 -C$8) -> 0 | E46: =E$9 * (0.00978455226868391 -E$8) -> 0 | F46: =F$9 * (4.852073192596436 -F$8) -> 0 | G46: =G$9 * (9.853114128112793 -G$8) -> 0
A47: =A$9 * (9.000252723693848 -A$8) -> 0 | B47: =B$9 * (9.000252723693848 -B$8) -> 0 | C47: =C$9 * (9.000252723693848 -C$8) -> 0 | E47: =E$9 * (0.009794468060135841 -E$8) -> 0 | F47: =F$9 * (4.84815502166748 -F$8) -> 0 | G47: =G$9 * (9.838619232177734 -G$8) -> 0
A48: =A$9 * (9.250280380249023 -A$8) -> 0 | B48: =B$9 * (9.250280380249023 -B$8) -> 0 | C48: =C$9 * (9.250280380249023 -C$8) -> 0 | E48: =E$9 * (0.009803810156881809 -E$8) -> 0 | F48: =F$9 * (4.849407196044922 -F$8) -> 0 | G48: =G$9 * (9.835844993591309 -G$8) -> 0
A49: =A$9 * (9.500308036804199 -A$8) -> 0 | B49: =B$9 * (9.500308036804199 -B$8) -> 0 | C49: =C$9 * (9.500308036804199 -C$8) -> 0 | E49: =E$9 * (0.009794159792363644 -E$8) -> 0 | F49: =F$9 * (4.843451976776123 -F$8) -> 0 | G49: =G$9 * (9.829995155334473 -G$8) -> 0
A50: =A$9 * (9.750335693359375 -A$8) -> 0 | B50: =B$9 * (9.750335693359375 -B$8) -> 0 | C50: =C$9 * (9.750335693359375 -C$8) -> 0 | E50: =E$9 * (0.009807662107050419 -E$8) -> 0 | F50: =F$9 * (4.842812061309814 -F$8) -> 0 | G50: =G$9 * (9.820183753967285 -G$8) -> 0
A51: =A$9 * (10.00036430358887 -A$8) -> 0 | B51: =B$9 * (10.00036430358887 -B$8) -> 0 | C51: =C$9 * (10.00036430358887 -C$8) -> 0 | E51: =E$9 * (0.009806664660573006 -E$8) -> 0 | F51: =F$9 * (4.841559886932373 -F$8) -> 0 | G51: =G$9 * (9.818751335144043 -G$8) -> 0
A52: =A$9 * (10.25000286102295 -A$8) -> 0 | B52: =B$9 * (10.25000286102295 -B$8) -> 0 | C52: =C$9 * (10.25000286102295 -C$8) -> 0 | E52: =E$9 * (0.009805206209421158 -E$8) -> 0 | F52: =F$9 * (4.837384223937988 -F$8) -> 0 | G52: =G$9 * (9.811165809631348 -G$8) -> 0
A53: =A$9 * (10.50003051757812 -A$8) -> 0 | B53: =B$9 * (10.50003051757812 -B$8) -> 0 | C53: =C$9 * (10.50003051757812 -C$8) -> 0 | E53: =E$9 * (0.009814918972551823 -E$8) -> 0 | F53: =F$9 * (4.837617874145508 -F$8) -> 0 | G53: =G$9 * (9.805723190307617 -G$8) -> 0
A54: =A$9 * (10.7500581741333 -A$8) -> 0 | B54: =B$9 * (10.7500581741333 -B$8) -> 0 | C54: =C$9 * (10.7500581741333 -C$8) -> 0 | E54: =E$9 * (0.009810834191739559 -E$8) -> 0 | F54: =F$9 * (4.835042953491211 -F$8) -> 0 | G54: =G$9 * (9.803339004516602 -G$8) -> 0
A55: =A$9 * (11.00008583068848 -A$8) -> 0 | B55: =B$9 * (11.00008583068848 -B$8) -> 0 | C55: =C$9 * (11.00008583068848 -C$8) -> 0 | E55: =E$9 * (0.009814619086682796 -E$8) -> 0 | F55: =F$9 * (4.832880973815918 -F$8) -> 0 | G55: =G$9 * (9.796543121337891 -G$8) -> 0
A56: =A$9 * (11.25011348724365 -A$8) -> 0 | B56: =B$9 * (11.25011348724365 -B$8) -> 0 | C56: =C$9 * (11.25011348724365 -C$8) -> 0 | E56: =E$9 * (0.009818880818784237 -E$8) -> 0 | F56: =F$9 * (4.832699775695801 -F$8) -> 0 | G56: =G$9 * (9.793746948242188 -G$8) -> 0
A57: =A$9 * (11.50014209747314 -A$8) -> 0 | B57: =B$9 * (11.50014209747314 -B$8) -> 0 | C57: =C$9 * (11.50014209747314 -C$8) -> 0 | E57: =E$9 * (0.009816126897931099 -E$8) -> 0 | F57: =F$9 * (4.830099105834961 -F$8) -> 0 | G57: =G$9 * (9.790305137634277 -G$8) -> 0
A58: =A$9 * (11.75016975402832 -A$8) -> 0 | B58: =B$9 * (11.75016975402832 -B$8) -> 0 | C58: =C$9 * (11.75016975402832 -C$8) -> 0 | E58: =E$9 * (0.009821218438446522 -E$8) -> 0 | F58: =F$9 * (4.829246044158936 -F$8) -> 0 | G58: =G$9 * (9.785420417785645 -G$8) -> 0
A59: =A$9 * (12.00020027160645 -A$8) -> 0 | B59: =B$9 * (12.00020027160645 -B$8) -> 0 | C59: =C$9 * (12.00020027160645 -C$8) -> 0 | E59: =E$9 * (0.009821701794862747 -E$8) -> 0 | F59: =F$9 * (4.828390121459961 -F$8) -> 0 | G59: =G$9 * (9.783583641052246 -G$8) -> 0
A60: =A$9 * (12.25022792816162 -A$8) -> 0 | B60: =B$9 * (12.25022792816162 -B$8) -> 0 | C60: =C$9 * (12.25022792816162 -C$8) -> 0 | E60: =E$9 * (0.009821474552154541 -E$8) -> 0 | F60: =F$9 * (4.826466083526611 -F$8) -> 0 | G60: =G$9 * (9.779855728149414 -G$8) -> 0
A61: =A$9 * (12.5002555847168 -A$8) -> 0 | B61: =B$9 * (12.5002555847168 -B$8) -> 0 | C61: =C$9 * (12.5002555847168 -C$8) -> 0 | E61: =E$9 * (0.009825333021581173 -E$8) -> 0 | F61: =F$9 * (4.826104164123535 -F$8) -> 0 | G61: =G$9 * (9.776802062988281 -G$8) -> 0
A62: =A$9 * (12.75028324127197 -A$8) -> 0 | B62: =B$9 * (12.75028324127197 -B$8) -> 0 | C62: =C$9 * (12.75028324127197 -C$8) -> 0 | E62: =E$9 * (0.00982443243265152 -E$8) -> 0 | F62: =F$9 * (4.82488489151001 -F$8) -> 0 | G62: =G$9 * (9.775027275085449 -G$8) -> 0
A63: =A$9 * (13.00031089782715 -A$8) -> 0 | B63: =B$9 * (13.00031089782715 -B$8) -> 0 | C63: =C$9 * (13.00031089782715 -C$8) -> 0 | E63: =E$9 * (0.009825949557125568 -E$8) -> 0 | F63: =F$9 * (4.82374382019043 -F$8) -> 0 | G63: =G$9 * (9.771781921386719 -G$8) -> 0
A64: =A$9 * (13.25033855438232 -A$8) -> 0 | B64: =B$9 * (13.25033855438232 -B$8) -> 0 | C64: =C$9 * (13.25033855438232 -C$8) -> 0 | E64: =E$9 * (0.009827896952629089 -E$8) -> 0 | F64: =F$9 * (4.823378086090088 -F$8) -> 0 | G64: =G$9 * (9.769930839538574 -G$8) -> 0
A65: =A$9 * (13.5003662109375 -A$8) -> 0 | B65: =B$9 * (13.5003662109375 -B$8) -> 0 | C65: =C$9 * (13.5003662109375 -C$8) -> 0 | E65: =E$9 * (0.009827222675085068 -E$8) -> 0 | F65: =F$9 * (4.822197914123535 -F$8) -> 0 | G65: =G$9 * (9.768026351928711 -G$8) -> 0
A66: =A$9 * (13.7500057220459 -A$8) -> 0 | B66: =B$9 * (13.7500057220459 -B$8) -> 0 | C66: =C$9 * (13.7500057220459 -C$8) -> 0 | E66: =E$9 * (0.009829211980104446 -E$8) -> 0 | F66: =F$9 * (4.821597099304199 -F$8) -> 0 | G66: =G$9 * (9.765597343444824 -G$8) -> 0
A67: =A$9 * (14.00003337860107 -A$8) -> 0 | B67: =B$9 * (14.00003337860107 -B$8) -> 0 | C67: =C$9 * (14.00003337860107 -C$8) -> 0 | E67: =E$9 * (0.009829753078520298 -E$8) -> 0 | F67: =F$9 * (4.821078777313232 -F$8) -> 0 | G67: =G$9 * (9.764300346374512 -G$8) -> 0
A68: =A$9 * (14.25006103515625 -A$8) -> 0 | B68: =B$9 * (14.25006103515625 -B$8) -> 0 | C68: =C$9 * (14.25006103515625 -C$8) -> 0 | E68: =E$9 * (0.009829831309616566 -E$8) -> 0 | F68: =F$9 * (4.820174217224121 -F$8) -> 0 | G68: =G$9 * (9.762449264526367 -G$8) -> 0
A69: =A$9 * (14.50008869171143 -A$8) -> 0 | B69: =B$9 * (14.50008869171143 -B$8) -> 0 | C69: =C$9 * (14.50008869171143 -C$8) -> 0 | E69: =E$9 * (0.009831408970057964 -E$8) -> 0 | F69: =F$9 * (4.819831848144531 -F$8) -> 0 | G69: =G$9 * (9.760814666748047 -G$8) -> 0
A70: =A$9 * (14.7501163482666 -A$8) -> 0 | B70: =B$9 * (14.7501163482666 -B$8) -> 0 | C70: =C$9 * (14.7501163482666 -C$8) -> 0 | E70: =E$9 * (0.00983133539557457 -E$8) -> 0 | F70: =F$9 * (4.819240093231201 -F$8) -> 0 | G70: =G$9 * (9.759722709655762 -G$8) -> 0
A71: =A$9 * (15.00014400482178 -A$8) -> 0 | B71: =B$9 * (15.00014400482178 -B$8) -> 0 | C71: =C$9 * (15.00014400482178 -C$8) -> 0 | E71: =E$9 * (0.009831976145505905 -E$8) -> 0 | F71: =F$9 * (4.818655014038086 -F$8) -> 0 | G71: =G$9 * (9.758155822753906 -G$8) -> 0
A72: =A$9 * (15.25017261505127 -A$8) -> 0 | B72: =B$9 * (15.25017261505127 -B$8) -> 0 | C72: =C$9 * (15.25017261505127 -C$8) -> 0 | E72: =E$9 * (0.009832865558564663 -E$8) -> 0 | F72: =F$9 * (4.818376064300537 -F$8) -> 0 | G72: =G$9 * (9.757084846496582 -G$8) -> 0
A73: =A$9 * (15.50020027160645 -A$8) -> 0 | B73: =B$9 * (15.50020027160645 -B$8) -> 0 | C73: =C$9 * (15.50020027160645 -C$8) -> 0 | E73: =E$9 * (0.009832767769694328 -E$8) -> 0 | F73: =F$9 * (4.817831993103027 -F$8) -> 0 | G73: =G$9 * (9.756077766418457 -G$8) -> 0
A74: =A$9 * (15.75022792816162 -A$8) -> 0 | B74: =B$9 * (15.75022792816162 -B$8) -> 0 | C74: =C$9 * (15.75022792816162 -C$8) -> 0 | E74: =E$9 * (0.009833565913140774 -E$8) -> 0 | F74: =F$9 * (4.817483901977539 -F$8) -> 0 | G74: =G$9 * (9.754895210266113 -G$8) -> 0
A75: =A$9 * (16.0002555847168 -A$8) -> 0 | B75: =B$9 * (16.0002555847168 -B$8) -> 0 | C75: =C$9 * (16.0002555847168 -C$8) -> 0 | E75: =E$9 * (0.009833912365138531 -E$8) -> 0 | F75: =F$9 * (4.817199230194092 -F$8) -> 0 | G75: =G$9 * (9.754141807556152 -G$8) -> 0
A76: =A$9 * (16.25028419494629 -A$8) -> 0 | B76: =B$9 * (16.25028419494629 -B$8) -> 0 | C76: =C$9 * (16.25028419494629 -C$8) -> 0 | E76: =E$9 * (0.009834017604589462 -E$8) -> 0 | F76: =F$9 * (4.816777229309082 -F$8) -> 0 | G76: =G$9 * (9.753239631652832 -G$8) -> 0
A77: =A$9 * (16.50031089782715 -A$8) -> 0 | B77: =B$9 * (16.50031089782715 -B$8) -> 0 | C77: =C$9 * (16.50031089782715 -C$8) -> 0 | E77: =E$9 * (0.009834667667746544 -E$8) -> 0 | F77: =F$9 * (4.816558837890625 -F$8) -> 0 | G77: =G$9 * (9.752413749694824 -G$8) -> 0
A78: =A$9 * (16.75034141540527 -A$8) -> 0 | B78: =B$9 * (16.75034141540527 -B$8) -> 0 | C78: =C$9 * (16.75034141540527 -C$8) -> 0 | E78: =E$9 * (0.009834746830165386 -E$8) -> 0 | F78: =F$9 * (4.816274166107178 -F$8) -> 0 | G78: =G$9 * (9.751816749572754 -G$8) -> 0
A79: =A$9 * (17.00037002563477 -A$8) -> 0 | B79: =B$9 * (17.00037002563477 -B$8) -> 0 | C79: =C$9 * (17.00037002563477 -C$8) -> 0 | E79: =E$9 * (0.009835026226937771 -E$8) -> 0 | F79: =F$9 * (4.815987110137939 -F$8) -> 0 | G79: =G$9 * (9.751072883605957 -G$8) -> 0
A80: =A$9 * (17.25000762939453 -A$8) -> 0 | B80: =B$9 * (17.25000762939453 -B$8) -> 0 | C80: =C$9 * (17.25000762939453 -C$8) -> 0 | E80: =E$9 * (0.009835423901677132 -E$8) -> 0 | F80: =F$9 * (4.815821170806885 -F$8) -> 0 | G80: =G$9 * (9.750510215759277 -G$8) -> 0
A81: =A$9 * (17.50003623962402 -A$8) -> 0 | B81: =B$9 * (17.50003623962402 -B$8) -> 0 | C81: =C$9 * (17.50003623962402 -C$8) -> 0 | E81: =E$9 * (0.009835452772676945 -E$8) -> 0 | F81: =F$9 * (4.815569877624512 -F$8) -> 0 | G81: =G$9 * (9.750000953674316 -G$8) -> 0
A82: =A$9 * (17.75006294250488 -A$8) -> 0 | B82: =B$9 * (17.75006294250488 -B$8) -> 0 | C82: =C$9 * (17.75006294250488 -C$8) -> 0 | E82: =E$9 * (0.00983577873557806 -E$8) -> 0 | F82: =F$9 * (4.815386772155762 -F$8) -> 0 | G82: =G$9 * (9.74943733215332 -G$8) -> 0
A83: =A$9 * (18.00009155273438 -A$8) -> 0 | B83: =B$9 * (18.00009155273438 -B$8) -> 0 | C83: =C$9 * (18.00009155273438 -C$8) -> 0 | E83: =E$9 * (0.009835967794060707 -E$8) -> 0 | F83: =F$9 * (4.815237998962402 -F$8) -> 0 | G83: =G$9 * (9.749035835266113 -G$8) -> 0
A84: =A$9 * (18.25012016296387 -A$8) -> 0 | B84: =B$9 * (18.25012016296387 -B$8) -> 0 | C84: =C$9 * (18.25012016296387 -C$8) -> 0 | E84: =E$9 * (0.009836043231189251 -E$8) -> 0 | F84: =F$9 * (4.815042972564697 -F$8) -> 0 | G84: =G$9 * (9.748603820800781 -G$8) -> 0
A85: =A$9 * (18.50014686584473 -A$8) -> 0 | B85: =B$9 * (18.50014686584473 -B$8) -> 0 | C85: =C$9 * (18.50014686584473 -C$8) -> 0 | E85: =E$9 * (0.00983631145209074 -E$8) -> 0 | F85: =F$9 * (4.814920902252197 -F$8) -> 0 | G85: =G$9 * (9.748201370239258 -G$8) -> 0
A86: =A$9 * (18.75017547607422 -A$8) -> 0 | B86: =B$9 * (18.75017547607422 -B$8) -> 0 | C86: =C$9 * (18.75017547607422 -C$8) -> 0 | E86: =E$9 * (0.009836386889219284 -E$8) -> 0 | F86: =F$9 * (4.814786911010742 -F$8) -> 0 | G86: =G$9 * (9.747894287109375 -G$8) -> 0
A87: =A$9 * (19.00020217895508 -A$8) -> 0 | B87: =B$9 * (19.00020217895508 -B$8) -> 0 | C87: =C$9 * (19.00020217895508 -C$8) -> 0 | E87: =E$9 * (0.009836510755121708 -E$8) -> 0 | F87: =F$9 * (4.814649105072021 -F$8) -> 0 | G87: =G$9 * (9.74754524230957 -G$8) -> 0
A88: =A$9 * (19.25023078918457 -A$8) -> 0 | B88: =B$9 * (19.25023078918457 -B$8) -> 0 | C88: =C$9 * (19.25023078918457 -C$8) -> 0 | E88: =E$9 * (0.009836687706410885 -E$8) -> 0 | F88: =F$9 * (4.814558982849121 -F$8) -> 0 | G88: =G$9 * (9.747262954711914 -G$8) -> 0
A89: =A$9 * (19.50025749206543 -A$8) -> 0 | B89: =B$9 * (19.50025749206543 -B$8) -> 0 | C89: =C$9 * (19.50025749206543 -C$8) -> 0 | E89: =E$9 * (0.009836726821959019 -E$8) -> 0 | F89: =F$9 * (4.814444065093994 -F$8) -> 0 | G89: =G$9 * (9.747013092041016 -G$8) -> 0
A90: =A$9 * (19.75028610229492 -A$8) -> 0 | B90: =B$9 * (19.75028610229492 -B$8) -> 0 | C90: =C$9 * (19.75028610229492 -C$8) -> 0 | E90: =E$9 * (0.009836861863732338 -E$8) -> 0 | F90: =F$9 * (4.814352035522461 -F$8) -> 0 | G90: =G$9 * (9.746748924255371 -G$8) -> 0
A91: =A$9 * (20.00031471252441 -A$8) -> 0 | B91: =B$9 * (20.00031471252441 -B$8) -> 0 | C91: =C$9 * (20.00031471252441 -C$8) -> 0 | E91: =E$9 * (0.009836957789957523 -E$8) -> 0 | F91: =F$9 * (4.814278125762939 -F$8) -> 0 | G91: =G$9 * (9.746546745300293 -G$8) -> 0
A92: =A$9 * (20.25034141540527 -A$8) -> 0 | B92: =B$9 * (20.25034141540527 -B$8) -> 0 | C92: =C$9 * (20.25034141540527 -C$8) -> 0 | E92: =E$9 * (0.00983700156211853 -E$8) -> 0 | F92: =F$9 * (4.814188003540039 -F$8) -> 0 | G92: =G$9 * (9.746342658996582 -G$8) -> 0
A93: =A$9 * (20.50037002563477 -A$8) -> 0 | B93: =B$9 * (20.50037002563477 -B$8) -> 0 | C93: =C$9 * (20.50037002563477 -C$8) -> 0 | E93: =E$9 * (0.009837115183472633 -E$8) -> 0 | F93: =F$9 * (4.814126014709473 -F$8) -> 0 | G93: =G$9 * (9.746150970458984 -G$8) -> 0
A94: =A$9 * (20.75000762939453 -A$8) -> 0 | B94: =B$9 * (20.75000762939453 -B$8) -> 0 | C94: =C$9 * (20.75000762939453 -C$8) -> 0 | E94: =E$9 * (0.00983715895563364 -E$8) -> 0 | F94: =F$9 * (4.814061164855957 -F$8) -> 0 | G94: =G$9 * (9.746000289916992 -G$8) -> 0
A95: =A$9 * (21.00003623962402 -A$8) -> 0 | B95: =B$9 * (21.00003623962402 -B$8) -> 0 | C95: =C$9 * (21.00003623962402 -C$8) -> 0 | E95: =E$9 * (0.009837216697633266 -E$8) -> 0 | F95: =F$9 * (4.813998222351074 -F$8) -> 0 | G95: =G$9 * (9.745837211608887 -G$8) -> 0
A96: =A$9 * (21.25006675720215 -A$8) -> 0 | B96: =B$9 * (21.25006675720215 -B$8) -> 0 | C96: =C$9 * (21.25006675720215 -C$8) -> 0 | E96: =E$9 * (0.009837293066084385 -E$8) -> 0 | F96: =F$9 * (4.813951015472412 -F$8) -> 0 | G96: =G$9 * (9.745700836181641 -G$8) -> 0
A97: =A$9 * (21.50009536743164 -A$8) -> 0 | B97: =B$9 * (21.50009536743164 -B$8) -> 0 | C97: =C$9 * (21.50009536743164 -C$8) -> 0 | E97: =E$9 * (0.009837321005761623 -E$8) -> 0 | F97: =F$9 * (4.813899040222168 -F$8) -> 0 | G97: =G$9 * (9.745580673217773 -G$8) -> 0
A98: =A$9 * (21.7501220703125 -A$8) -> 0 | B98: =B$9 * (21.7501220703125 -B$8) -> 0 | C98: =C$9 * (21.7501220703125 -C$8) -> 0 | E98: =E$9 * (0.009837379679083824 -E$8) -> 0 | F98: =F$9 * (4.81385612487793 -F$8) -> 0 | G98: =G$9 * (9.745457649230957 -G$8) -> 0
A99: =A$9 * (22.00015068054199 -A$8) -> 0 | B99: =B$9 * (22.00015068054199 -B$8) -> 0 | C99: =C$9 * (22.00015068054199 -C$8) -> 0 | E99: =E$9 * (0.009837424382567406 -E$8) -> 0 | F99: =F$9 * (4.813817977905273 -F$8) -> 0 | G99: =G$9 * (9.745360374450684 -G$8) -> 0
A100: =A$9 * (22.25017738342285 -A$8) -> 0 | B100: =B$9 * (22.25017738342285 -B$8) -> 0 | C100: =C$9 * (22.25017738342285 -C$8) -> 0 | E100: =E$9 * (0.009837446734309196 -E$8) -> 0 | F100: =F$9 * (4.813776969909668 -F$8) -> 0 | G100: =G$9 * (9.745265007019043 -G$8) -> 0
...

Sheet SIM2
A1: h | B1: h | C1: h | E1: (M3/S) | F1: (M/S) | G1: (M/S)
A2: TIME1 | B2: TIME2 | C2: TIME3 | E2: ='Legends'!B2 -> 0 | F2: ='Legends'!B3 -> 0 | G2: ='Legends'!B4 -> 0 | I2: Report-2031_Oil_4500bopd_Liquid_4773blpd_5MMSCFD_GL_TD_Only_OP2.genkey
A3: =MIN($A$11:$A$299) -> 0 | B3: =MIN($B$11:$B$299) -> 0 | C3: =MIN($C$11:$C$299) -> 0 | D3: Min | E3: =MIN($E$11:$E$299) -> 0 | F3: =MIN($F$11:$F$299) -> 0 | G3: =MIN($G$11:$G$299) -> 0
A4: =MEDIAN($A$11:$A$299) -> 0 | B4: =MEDIAN($B$11:$B$299) -> 0 | C4: =MEDIAN($C$11:$C$299) -> 0 | D4: P50 | E4: =MEDIAN($E$11:$E$299) -> 0 | F4: =MEDIAN($F$11:$F$299) -> 0 | G4: =MEDIAN($G$11:$G$299) -> 0
A5: =MAX($A$11:$A$299) -> 0 | B5: =MAX($B$11:$B$299) -> 0 | C5: =MAX($C$11:$C$299) -> 0 | D5: Max | E5: =MAX($E$11:$E$299) -> 0 | F5: =MAX($F$11:$F$299) -> 0 | G5: =MAX($G$11:$G$299) -> 0
A6: =$A5-$A3 -> 0 | B6: =$B5-$B3 -> 0 | C6: =$C5-$C3 -> 0 | D6: Delta | E6: =$E5-$E3 -> 0 | F6: =$F5-$F3 -> 0 | G6: =$G5-$G3 -> 0
A7: h | B7: h | C7: h | E7: (M3/S) | F7: (M/S) | G7: (M/S)
A8: 0 | B8: 0 | C8: 0 | D8: Offset | E8: 0 | F8: 0 | G8: 0
A9: 1 | B9: 1 | C9: 1 | D9: Scale | E9: 1 | F9: 1 | G9: 1
A10: TIME1 | B10: TIME2 | C10: TIME3 | E10: ='Legends'!B2 -> 0 | F10: ='Legends'!B3 -> 0 | G10: ='Legends'!B4 -> 0
A11: =A$9 * (0 -A$8) -> 0 | B11: =B$9 * (0 -B$8) -> 0 | C11: =C$9 * (0 -C$8) -> 0 | E11: =E$9 * (0.01899014040827751 -E$8) -> 0 | F11: =F$9 * (6.976023197174072 -F$8) -> 0 | G11: =G$9 * (9.87746524810791 -G$8) -> 0
A12: =A$9 * (0.2502377033233643 -A$8) -> 0 | B12: =B$9 * (0.2502377033233643 -B$8) -> 0 | C12: =C$9 * (0.2502377033233643 -C$8) -> 0 | E12: =E$9 * (0.01325710956007242 -E$8) -> 0 | F12: =F$9 * (6.133063793182373 -F$8) -> 0 | G12: =G$9 * (10.41926002502441 -G$8) -> 0
A13: =A$9 * (0.5001344680786133 -A$8) -> 0 | B13: =B$9 * (0.5001344680786133 -B$8) -> 0 | C13: =C$9 * (0.5001344680786133 -C$8) -> 0 | E13: =E$9 * (0.009549681097269058 -E$8) -> 0 | F13: =F$9 * (4.365466117858887 -F$8) -> 0 | G13: =G$9 * (8.80455207824707 -G$8) -> 0
A14: =A$9 * (0.7502166628837585 -A$8) -> 0 | B14: =B$9 * (0.7502166628837585 -B$8) -> 0 | C14: =C$9 * (0.7502166628837585 -C$8) -> 0 | E14: =E$9 * (0.01315690018236637 -E$8) -> 0 | F14: =F$9 * (5.038919925689697 -F$8) -> 0 | G14: =G$9 * (8.427870750427246 -G$8) -> 0
A15: =A$9 * (1.000296950340271 -A$8) -> 0 | B15: =B$9 * (1.000296950340271 -B$8) -> 0 | C15: =C$9 * (1.000296950340271 -C$8) -> 0 | E15: =E$9 * (0.009365567937493324 -E$8) -> 0 | F15: =F$9 * (4.040027141571045 -F$8) -> 0 | G15: =G$9 * (8.207898139953613 -G$8) -> 0
A16: =A$9 * (1.250070571899414 -A$8) -> 0 | B16: =B$9 * (1.250070571899414 -B$8) -> 0 | C16: =C$9 * (1.250070571899414 -C$8) -> 0 | E16: =E$9 * (0.008319569751620293 -E$8) -> 0 | F16: =F$9 * (3.141571044921875 -F$8) -> 0 | G16: =G$9 * (6.773316860198975 -G$8) -> 0
A17: =A$9 * (1.500028848648071 -A$8) -> 0 | B17: =B$9 * (1.500028848648071 -B$8) -> 0 | C17: =C$9 * (1.500028848648071 -C$8) -> 0 | E17: =E$9 * (0.009252616204321384 -E$8) -> 0 | F17: =F$9 * (4.243772983551025 -F$8) -> 0 | G17: =G$9 * (8.722887992858887 -G$8) -> 0
A18: =A$9 * (1.750007748603821 -A$8) -> 0 | B18: =B$9 * (1.750007748603821 -B$8) -> 0 | C18: =C$9 * (1.750007748603821 -C$8) -> 0 | E18: =E$9 * (0.008697706274688244 -E$8) -> 0 | F18: =F$9 * (3.681416034698486 -F$8) -> 0 | G18: =G$9 * (7.795071125030518 -G$8) -> 0
A19: =A$9 * (2.00033164024353 -A$8) -> 0 | B19: =B$9 * (2.00033164024353 -B$8) -> 0 | C19: =C$9 * (2.00033164024353 -C$8) -> 0 | E19: =E$9 * (0.01156174018979073 -E$8) -> 0 | F19: =F$9 * (3.947942018508911 -F$8) -> 0 | G19: =G$9 * (6.994433879852295 -G$8) -> 0
A20: =A$9 * (2.250254154205322 -A$8) -> 0 | B20: =B$9 * (2.250254154205322 -B$8) -> 0 | C20: =C$9 * (2.250254154205322 -C$8) -> 0 | E20: =E$9 * (0.008207106031477451 -E$8) -> 0 | F20: =F$9 * (3.780515909194946 -F$8) -> 0 | G20: =G$9 * (8.353146553039551 -G$8) -> 0
A21: =A$9 * (2.500176668167114 -A$8) -> 0 | B21: =B$9 * (2.500176668167114 -B$8) -> 0 | C21: =C$9 * (2.500176668167114 -C$8) -> 0 | E21: =E$9 * (0.008492790162563324 -E$8) -> 0 | F21: =F$9 * (3.242907047271729 -F$8) -> 0 | G21: =G$9 * (6.910186767578125 -G$8) -> 0
A22: =A$9 * (2.750099182128906 -A$8) -> 0 | B22: =B$9 * (2.750099182128906 -B$8) -> 0 | C22: =C$9 * (2.750099182128906 -C$8) -> 0 | E22: =E$9 * (0.01046258956193924 -E$8) -> 0 | F22: =F$9 * (4.545087814331055 -F$8) -> 0 | G22: =G$9 * (8.672121047973633 -G$8) -> 0
A23: =A$9 * (3.000022172927856 -A$8) -> 0 | B23: =B$9 * (3.000022172927856 -B$8) -> 0 | C23: =C$9 * (3.000022172927856 -C$8) -> 0 | E23: =E$9 * (0.008392437361180782 -E$8) -> 0 | F23: =F$9 * (3.621102094650269 -F$8) -> 0 | G23: =G$9 * (7.860945224761963 -G$8) -> 0
A24: =A$9 * (3.250344514846802 -A$8) -> 0 | B24: =B$9 * (3.250344514846802 -B$8) -> 0 | C24: =C$9 * (3.250344514846802 -C$8) -> 0 | E24: =E$9 * (0.01151208020746708 -E$8) -> 0 | F24: =F$9 * (3.504371881484985 -F$8) -> 0 | G24: =G$9 * (6.193033218383789 -G$8) -> 0
A25: =A$9 * (3.500269412994385 -A$8) -> 0 | B25: =B$9 * (3.500269412994385 -B$8) -> 0 | C25: =C$9 * (3.500269412994385 -C$8) -> 0 | E25: =E$9 * (0.008474365808069706 -E$8) -> 0 | F25: =F$9 * (3.883497953414917 -F$8) -> 0 | G25: =G$9 * (8.45409107208252 -G$8) -> 0
A26: =A$9 * (3.750191688537598 -A$8) -> 0 | B26: =B$9 * (3.750191688537598 -B$8) -> 0 | C26: =C$9 * (3.750191688537598 -C$8) -> 0 | E26: =E$9 * (0.007510873954743147 -E$8) -> 0 | F26: =F$9 * (2.901604890823364 -F$8) -> 0 | G26: =G$9 * (6.720756053924561 -G$8) -> 0
A27: =A$9 * (4.000113964080811 -A$8) -> 0 | B27: =B$9 * (4.000113964080811 -B$8) -> 0 | C27: =C$9 * (4.000113964080811 -C$8) -> 0 | E27: =E$9 * (0.01170090958476067 -E$8) -> 0 | F27: =F$9 * (5.222056865692139 -F$8) -> 0 | G27: =G$9 * (9.449234008789062 -G$8) -> 0
A28: =A$9 * (4.250036239624023 -A$8) -> 0 | B28: =B$9 * (4.250036239624023 -B$8) -> 0 | C28: =C$9 * (4.250036239624023 -C$8) -> 0 | E28: =E$9 * (0.008261324837803841 -E$8) -> 0 | F28: =F$9 * (3.666079998016357 -F$8) -> 0 | G28: =G$9 * (8.094941139221191 -G$8) -> 0
A29: =A$9 * (4.500358104705811 -A$8) -> 0 | B29: =B$9 * (4.500358104705811 -B$8) -> 0 | C29: =C$9 * (4.500358104705811 -C$8) -> 0 | E29: =E$9 * (0.009489740245044231 -E$8) -> 0 | F29: =F$9 * (2.195451021194458 -F$8) -> 0 | G29: =G$9 * (4.283183097839355 -G$8) -> 0
A30: =A$9 * (4.750305652618408 -A$8) -> 0 | B30: =B$9 * (4.750305652618408 -B$8) -> 0 | C30: =C$9 * (4.750305652618408 -C$8) -> 0 | E30: =E$9 * (0.007197902072221041 -E$8) -> 0 | F30: =F$9 * (3.686717987060547 -F$8) -> 0 | G30: =G$9 * (9.038081169128418 -G$8) -> 0
A31: =A$9 * (5.00006103515625 -A$8) -> 0 | B31: =B$9 * (5.00006103515625 -B$8) -> 0 | C31: =C$9 * (5.00006103515625 -C$8) -> 0 | E31: =E$9 * (0.00537472777068615 -E$8) -> 0 | F31: =F$9 * (1.766379952430725 -F$8) -> 0 | G31: =G$9 * (5.10724401473999 -G$8) -> 0
A32: =A$9 * (5.250485897064209 -A$8) -> 0 | B32: =B$9 * (5.250485897064209 -B$8) -> 0 | C32: =C$9 * (5.250485897064209 -C$8) -> 0 | E32: =E$9 * (-0.002428255975246429 -E$8) -> 0 | F32: =F$9 * (-2.114963054656982 -F$8) -> 0 | G32: =G$9 * (0.5123434066772461 -G$8) -> 0
A33: =A$9 * (5.500458240509033 -A$8) -> 0 | B33: =B$9 * (5.500458240509033 -B$8) -> 0 | C33: =C$9 * (5.500458240509033 -C$8) -> 0 | E33: =E$9 * (0.002065117936581373 -E$8) -> 0 | F33: =F$9 * (-0.3621223866939545 -F$8) -> 0 | G33: =G$9 * (2.059521913528442 -G$8) -> 0
A34: =A$9 * (5.750716686248779 -A$8) -> 0 | B34: =B$9 * (5.750716686248779 -B$8) -> 0 | C34: =C$9 * (5.750716686248779 -C$8) -> 0 | E34: =E$9 * (0.002236966043710709 -E$8) -> 0 | F34: =F$9 * (-2.568073034286499 -F$8) -> 0 | G34: =G$9 * (1.244606018066406 -G$8) -> 0
A35: =A$9 * (6.000564098358154 -A$8) -> 0 | B35: =B$9 * (6.000564098358154 -B$8) -> 0 | C35: =C$9 * (6.000564098358154 -C$8) -> 0 | E35: =E$9 * (0.003278614021837711 -E$8) -> 0 | F35: =F$9 * (-0.08032719045877457 -F$8) -> 0 | G35: =G$9 * (7.30388879776001 -G$8) -> 0
A36: =A$9 * (6.250602722167969 -A$8) -> 0 | B36: =B$9 * (6.250602722167969 -B$8) -> 0 | C36: =C$9 * (6.250602722167969 -C$8) -> 0 | E36: =E$9 * (0.02540455013513565 -E$8) -> 0 | F36: =F$9 * (2.690529108047485 -F$8) -> 0 | G36: =G$9 * (3.070297002792358 -G$8) -> 0
A37: =A$9 * (6.500152587890625 -A$8) -> 0 | B37: =B$9 * (6.500152587890625 -B$8) -> 0 | C37: =C$9 * (6.500152587890625 -C$8) -> 0 | E37: =E$9 * (0.01043733954429626 -E$8) -> 0 | F37: =F$9 * (5.537818908691406 -F$8) -> 0 | G37: =G$9 * (10.95543003082275 -G$8) -> 0
A38: =A$9 * (6.750202655792236 -A$8) -> 0 | B38: =B$9 * (6.750202655792236 -B$8) -> 0 | C38: =C$9 * (6.750202655792236 -C$8) -> 0 | E38: =E$9 * (0.01910514943301678 -E$8) -> 0 | F38: =F$9 * (7.105545043945312 -F$8) -> 0 | G38: =G$9 * (10.11063957214355 -G$8) -> 0
A39: =A$9 * (7.000389099121094 -A$8) -> 0 | B39: =B$9 * (7.000389099121094 -B$8) -> 0 | C39: =C$9 * (7.000389099121094 -C$8) -> 0 | E39: =E$9 * (0.007040968164801598 -E$8) -> 0 | F39: =F$9 * (3.701052904129028 -F$8) -> 0 | G39: =G$9 * (9.260794639587402 -G$8) -> 0
A40: =A$9 * (7.25005578994751 -A$8) -> 0 | B40: =B$9 * (7.25005578994751 -B$8) -> 0 | C40: =C$9 * (7.25005578994751 -C$8) -> 0 | E40: =E$9 * (0.004246283788233995 -E$8) -> 0 | F40: =F$9 * (1.365893006324768 -F$8) -> 0 | G40: =G$9 * (4.740287780761719 -G$8) -> 0
A41: =A$9 * (7.500391483306885 -A$8) -> 0 | B41: =B$9 * (7.500391483306885 -B$8) -> 0 | C41: =C$9 * (7.500391483306885 -C$8) -> 0 | E41: =E$9 * (0.01335537992417812 -E$8) -> 0 | F41: =F$9 * (6.806849002838135 -F$8) -> 0 | G41: =G$9 * (11.71786975860596 -G$8) -> 0
A42: =A$9 * (7.750247001647949 -A$8) -> 0 | B42: =B$9 * (7.750247001647949 -B$8) -> 0 | C42: =C$9 * (7.750247001647949 -C$8) -> 0 | E42: =E$9 * (0.007323024794459343 -E$8) -> 0 | F42: =F$9 * (3.298886060714722 -F$8) -> 0 | G42: =G$9 * (7.909236907958984 -G$8) -> 0
A43: =A$9 * (8.000252723693848 -A$8) -> 0 | B43: =B$9 * (8.000252723693848 -B$8) -> 0 | C43: =C$9 * (8.000252723693848 -C$8) -> 0 | E43: =E$9 * (-0.0002879094099625945 -E$8) -> 0 | F43: =F$9 * (-0.484813392162323 -F$8) -> 0 | G43: =G$9 * (0.8105617165565491 -G$8) -> 0
A44: =A$9 * (8.250082969665527 -A$8) -> 0 | B44: =B$9 * (8.250082969665527 -B$8) -> 0 | C44: =C$9 * (8.250082969665527 -C$8) -> 0 | E44: =E$9 * (-0.004830320831388235 -E$8) -> 0 | F44: =F$9 * (-0.574285626411438 -F$8) -> 0 | G44: =G$9 * (-2.962373971939087 -G$8) -> 0
A45: =A$9 * (8.500566482543945 -A$8) -> 0 | B45: =B$9 * (8.500566482543945 -B$8) -> 0 | C45: =C$9 * (8.500566482543945 -C$8) -> 0 | E45: =E$9 * (-0.001587159000337124 -E$8) -> 0 | F45: =F$9 * (-1.07711398601532 -F$8) -> 0 | G45: =G$9 * (-0.5833299160003662 -G$8) -> 0
A46: =A$9 * (8.750080108642578 -A$8) -> 0 | B46: =B$9 * (8.750080108642578 -B$8) -> 0 | C46: =C$9 * (8.750080108642578 -C$8) -> 0 | E46: =E$9 * (0.1132778972387314 -E$8) -> 0 | F46: =F$9 * (22.42683029174805 -F$8) -> 0 | G46: =G$9 * (23.96202087402344 -G$8) -> 0
A47: =A$9 * (9.000374794006348 -A$8) -> 0 | B47: =B$9 * (9.000374794006348 -B$8) -> 0 | C47: =C$9 * (9.000374794006348 -C$8) -> 0 | E47: =E$9 * (0.02444162033498287 -E$8) -> 0 | F47: =F$9 * (3.616769075393677 -F$8) -> 0 | G47: =G$9 * (4.312005996704102 -G$8) -> 0
A48: =A$9 * (9.250136375427246 -A$8) -> 0 | B48: =B$9 * (9.250136375427246 -B$8) -> 0 | C48: =C$9 * (9.250136375427246 -C$8) -> 0 | E48: =E$9 * (0.01187967974692583 -E$8) -> 0 | F48: =F$9 * (7.361727237701416 -F$8) -> 0 | G48: =G$9 * (14.14066982269287 -G$8) -> 0
A49: =A$9 * (9.500344276428223 -A$8) -> 0 | B49: =B$9 * (9.500344276428223 -B$8) -> 0 | C49: =C$9 * (9.500344276428223 -C$8) -> 0 | E49: =E$9 * (0.009411768056452274 -E$8) -> 0 | F49: =F$9 * (3.453697919845581 -F$8) -> 0 | G49: =G$9 * (6.976805210113525 -G$8) -> 0
A50: =A$9 * (9.750325202941895 -A$8) -> 0 | B50: =B$9 * (9.750325202941895 -B$8) -> 0 | C50: =C$9 * (9.750325202941895 -C$8) -> 0 | E50: =E$9 * (0.008730955421924591 -E$8) -> 0 | F50: =F$9 * (4.214012145996094 -F$8) -> 0 | G50: =G$9 * (9.144564628601074 -G$8) -> 0
A51: =A$9 * (10.000319480896 -A$8) -> 0 | B51: =B$9 * (10.000319480896 -B$8) -> 0 | C51: =C$9 * (10.000319480896 -C$8) -> 0 | E51: =E$9 * (0.005703756120055914 -E$8) -> 0 | F51: =F$9 * (2.911990880966187 -F$8) -> 0 | G51: =G$9 * (8.382319450378418 -G$8) -> 0
A52: =A$9 * (10.25020027160645 -A$8) -> 0 | B52: =B$9 * (10.25020027160645 -B$8) -> 0 | C52: =C$9 * (10.25020027160645 -C$8) -> 0 | E52: =E$9 * (0.001471871044486761 -E$8) -> 0 | F52: =F$9 * (0.2865928113460541 -F$8) -> 0 | G52: =G$9 * (2.355725049972534 -G$8) -> 0
A53: =A$9 * (10.50003337860107 -A$8) -> 0 | B53: =B$9 * (10.50003337860107 -B$8) -> 0 | C53: =C$9 * (10.50003337860107 -C$8) -> 0 | E53: =E$9 * (-0.001879138988442719 -E$8) -> 0 | F53: =F$9 * (-1.931872010231018 -F$8) -> 0 | G53: =G$9 * (0.6960685849189758 -G$8) -> 0
A54: =A$9 * (10.75012493133545 -A$8) -> 0 | B54: =B$9 * (10.75012493133545 -B$8) -> 0 | C54: =C$9 * (10.75012493133545 -C$8) -> 0 | E54: =E$9 * (0.007769528776407242 -E$8) -> 0 | F54: =F$9 * (-0.7052717804908752 -F$8) -> 0 | G54: =G$9 * (1.838644027709961 -G$8) -> 0
A55: =A$9 * (11.00051116943359 -A$8) -> 0 | B55: =B$9 * (11.00051116943359 -B$8) -> 0 | C55: =C$9 * (11.00051116943359 -C$8) -> 0 | E55: =E$9 * (0.002318559912964702 -E$8) -> 0 | F55: =F$9 * (-0.05182993039488792 -F$8) -> 0 | G55: =G$9 * (7.383876800537109 -G$8) -> 0
A56: =A$9 * (11.25047492980957 -A$8) -> 0 | B56: =B$9 * (11.25047492980957 -B$8) -> 0 | C56: =C$9 * (11.25047492980957 -C$8) -> 0 | E56: =E$9 * (-0.001891687978059053 -E$8) -> 0 | F56: =F$9 * (-0.6381052732467651 -F$8) -> 0 | G56: =G$9 * (-0.6742815971374512 -G$8) -> 0
A57: =A$9 * (11.50014400482178 -A$8) -> 0 | B57: =B$9 * (11.50014400482178 -B$8) -> 0 | C57: =C$9 * (11.50014400482178 -C$8) -> 0 | E57: =E$9 * (0.0004108118009753525 -E$8) -> 0 | F57: =F$9 * (-0.3322088122367859 -F$8) -> 0 | G57: =G$9 * (0.8219283223152161 -G$8) -> 0
A58: =A$9 * (11.75027465820312 -A$8) -> 0 | B58: =B$9 * (11.75027465820312 -B$8) -> 0 | C58: =C$9 * (11.75027465820312 -C$8) -> 0 | E58: =E$9 * (-0.0006353915086947381 -E$8) -> 0 | F58: =F$9 * (-0.1931892931461334 -F$8) -> 0 | G58: =G$9 * (-0.1877589970827103 -G$8) -> 0
A59: =A$9 * (12.00003051757812 -A$8) -> 0 | B59: =B$9 * (12.00003051757812 -B$8) -> 0 | C59: =C$9 * (12.00003051757812 -C$8) -> 0 | E59: =E$9 * (0.009010882116854191 -E$8) -> 0 | F59: =F$9 * (0.2801696956157684 -F$8) -> 0 | G59: =G$9 * (0.5178825855255127 -G$8) -> 0
A60: =A$9 * (12.25064182281494 -A$8) -> 0 | B60: =B$9 * (12.25064182281494 -B$8) -> 0 | C60: =C$9 * (12.25064182281494 -C$8) -> 0 | E60: =E$9 * (0.003537937067449093 -E$8) -> 0 | F60: =F$9 * (0.01267541013658047 -F$8) -> 0 | G60: =G$9 * (7.955897808074951 -G$8) -> 0
A61: =A$9 * (12.50050258636475 -A$8) -> 0 | B61: =B$9 * (12.50050258636475 -B$8) -> 0 | C61: =C$9 * (12.50050258636475 -C$8) -> 0 | E61: =E$9 * (0.01705810986459255 -E$8) -> 0 | F61: =F$9 * (9.49567699432373 -F$8) -> 0 | G61: =G$9 * (15.81995964050293 -G$8) -> 0
A62: =A$9 * (12.750319480896 -A$8) -> 0 | B62: =B$9 * (12.750319480896 -B$8) -> 0 | C62: =C$9 * (12.750319480896 -C$8) -> 0 | E62: =E$9 * (0.006880003958940506 -E$8) -> 0 | F62: =F$9 * (3.590584993362427 -F$8) -> 0 | G62: =G$9 * (9.148945808410645 -G$8) -> 0
A63: =A$9 * (13.00034713745117 -A$8) -> 0 | B63: =B$9 * (13.00034713745117 -B$8) -> 0 | C63: =C$9 * (13.00034713745117 -C$8) -> 0 | E63: =E$9 * (0.009999629110097885 -E$8) -> 0 | F63: =F$9 * (4.479647159576416 -F$8) -> 0 | G63: =G$9 * (8.930270195007324 -G$8) -> 0
A64: =A$9 * (13.25012493133545 -A$8) -> 0 | B64: =B$9 * (13.25012493133545 -B$8) -> 0 | C64: =C$9 * (13.25012493133545 -C$8) -> 0 | E64: =E$9 * (0.006241896189749241 -E$8) -> 0 | F64: =F$9 * (3.053674936294556 -F$8) -> 0 | G64: =G$9 * (8.246096611022949 -G$8) -> 0
A65: =A$9 * (13.50023365020752 -A$8) -> 0 | B65: =B$9 * (13.50023365020752 -B$8) -> 0 | C65: =C$9 * (13.50023365020752 -C$8) -> 0 | E65: =E$9 * (0.002702238038182259 -E$8) -> 0 | F65: =F$9 * (0.6281920075416565 -F$8) -> 0 | G65: =G$9 * (3.127161979675293 -G$8) -> 0
A66: =A$9 * (13.75005531311035 -A$8) -> 0 | B66: =B$9 * (13.75005531311035 -B$8) -> 0 | C66: =C$9 * (13.75005531311035 -C$8) -> 0 | E66: =E$9 * (0.004694677889347076 -E$8) -> 0 | F66: =F$9 * (0.6330963969230652 -F$8) -> 0 | G66: =G$9 * (1.977808952331543 -G$8) -> 0
A67: =A$9 * (14.0003833770752 -A$8) -> 0 | B67: =B$9 * (14.0003833770752 -B$8) -> 0 | C67: =C$9 * (14.0003833770752 -C$8) -> 0 | E67: =E$9 * (0.00228123995475471 -E$8) -> 0 | F67: =F$9 * (1.776064991950989 -F$8) -> 0 | G67: =G$9 * (10.9381103515625 -G$8) -> 0
A68: =A$9 * (14.25030040740967 -A$8) -> 0 | B68: =B$9 * (14.25030040740967 -B$8) -> 0 | C68: =C$9 * (14.25030040740967 -C$8) -> 0 | E68: =E$9 * (0.0003553254064172506 -E$8) -> 0 | F68: =F$9 * (-1.149710059165955 -F$8) -> 0 | G68: =G$9 * (1.99179995059967 -G$8) -> 0
A69: =A$9 * (14.50048923492432 -A$8) -> 0 | B69: =B$9 * (14.50048923492432 -B$8) -> 0 | C69: =C$9 * (14.50048923492432 -C$8) -> 0 | E69: =E$9 * (-0.0009296683128923178 -E$8) -> 0 | F69: =F$9 * (-1.280588984489441 -F$8) -> 0 | G69: =G$9 * (0.8470352292060852 -G$8) -> 0
A70: =A$9 * (14.75058078765869 -A$8) -> 0 | B70: =B$9 * (14.75058078765869 -B$8) -> 0 | C70: =C$9 * (14.75058078765869 -C$8) -> 0 | E70: =E$9 * (0.0008332526194863021 -E$8) -> 0 | F70: =F$9 * (-0.7592846751213074 -F$8) -> 0 | G70: =G$9 * (2.540630102157593 -G$8) -> 0
A71: =A$9 * (15.00020599365234 -A$8) -> 0 | B71: =B$9 * (15.00020599365234 -B$8) -> 0 | C71: =C$9 * (15.00020599365234 -C$8) -> 0 | E71: =E$9 * (-0.0004271359066478908 -E$8) -> 0 | F71: =F$9 * (-0.7840473055839539 -F$8) -> 0 | G71: =G$9 * (0.3295069932937622 -G$8) -> 0
A72: =A$9 * (15.25001907348633 -A$8) -> 0 | B72: =B$9 * (15.25001907348633 -B$8) -> 0 | C72: =C$9 * (15.25001907348633 -C$8) -> 0 | E72: =E$9 * (0.002704313024878502 -E$8) -> 0 | F72: =F$9 * (0.1444261074066162 -F$8) -> 0 | G72: =G$9 * (27.23904037475586 -G$8) -> 0
A73: =A$9 * (15.50043869018555 -A$8) -> 0 | B73: =B$9 * (15.50043869018555 -B$8) -> 0 | C73: =C$9 * (15.50043869018555 -C$8) -> 0 | E73: =E$9 * (0.0401204414665699 -E$8) -> 0 | F73: =F$9 * (15.48042964935303 -F$8) -> 0 | G73: =G$9 * (18.94208908081055 -G$8) -> 0
A74: =A$9 * (15.75009441375732 -A$8) -> 0 | B74: =B$9 * (15.75009441375732 -B$8) -> 0 | C74: =C$9 * (15.75009441375732 -C$8) -> 0 | E74: =E$9 * (0.009638170711696148 -E$8) -> 0 | F74: =F$9 * (5.815686225891113 -F$8) -> 0 | G74: =G$9 * (12.22441005706787 -G$8) -> 0
A75: =A$9 * (16.00001907348633 -A$8) -> 0 | B75: =B$9 * (16.00001907348633 -B$8) -> 0 | C75: =C$9 * (16.00001907348633 -C$8) -> 0 | E75: =E$9 * (0.01425531040877104 -E$8) -> 0 | F75: =F$9 * (4.260873794555664 -F$8) -> 0 | G75: =G$9 * (6.798157215118408 -G$8) -> 0
A76: =A$9 * (16.25009727478027 -A$8) -> 0 | B76: =B$9 * (16.25009727478027 -B$8) -> 0 | C76: =C$9 * (16.25009727478027 -C$8) -> 0 | E76: =E$9 * (0.007095518056303263 -E$8) -> 0 | F76: =F$9 * (3.484525918960571 -F$8) -> 0 | G76: =G$9 * (8.65031623840332 -G$8) -> 0
A77: =A$9 * (16.5001335144043 -A$8) -> 0 | B77: =B$9 * (16.5001335144043 -B$8) -> 0 | C77: =C$9 * (16.5001335144043 -C$8) -> 0 | E77: =E$9 * (0.004122194834053516 -E$8) -> 0 | F77: =F$9 * (1.546372056007385 -F$8) -> 0 | G77: =G$9 * (5.532604217529297 -G$8) -> 0
A78: =A$9 * (16.75020790100098 -A$8) -> 0 | B78: =B$9 * (16.75020790100098 -B$8) -> 0 | C78: =C$9 * (16.75020790100098 -C$8) -> 0 | E78: =E$9 * (-0.002480061026290059 -E$8) -> 0 | F78: =F$9 * (-0.533696174621582 -F$8) -> 0 | G78: =G$9 * (1.359563946723938 -G$8) -> 0
A79: =A$9 * (17.00028800964355 -A$8) -> 0 | B79: =B$9 * (17.00028800964355 -B$8) -> 0 | C79: =C$9 * (17.00028800964355 -C$8) -> 0 | E79: =E$9 * (-0.003361905924975872 -E$8) -> 0 | F79: =F$9 * (-0.5073261260986328 -F$8) -> 0 | G79: =G$9 * (-1.93887197971344 -G$8) -> 0
A80: =A$9 * (17.25015258789062 -A$8) -> 0 | B80: =B$9 * (17.25015258789062 -B$8) -> 0 | C80: =C$9 * (17.25015258789062 -C$8) -> 0 | E80: =E$9 * (0.07478176802396774 -E$8) -> 0 | F80: =F$9 * (3.28612208366394 -F$8) -> 0 | G80: =G$9 * (3.448270082473755 -G$8) -> 0
A81: =A$9 * (17.5003662109375 -A$8) -> 0 | B81: =B$9 * (17.5003662109375 -B$8) -> 0 | C81: =C$9 * (17.5003662109375 -C$8) -> 0 | E81: =E$9 * (0.008576785214245319 -E$8) -> 0 | F81: =F$9 * (2.259155035018921 -F$8) -> 0 | G81: =G$9 * (4.751506805419922 -G$8) -> 0
A82: =A$9 * (17.75002479553223 -A$8) -> 0 | B82: =B$9 * (17.75002479553223 -B$8) -> 0 | C82: =C$9 * (17.75002479553223 -C$8) -> 0 | E82: =E$9 * (-0.0002847157884389162 -E$8) -> 0 | F82: =F$9 * (-0.7710253000259399 -F$8) -> 0 | G82: =G$9 * (1.358078956604004 -G$8) -> 0
A83: =A$9 * (18.00046730041504 -A$8) -> 0 | B83: =B$9 * (18.00046730041504 -B$8) -> 0 | C83: =C$9 * (18.00046730041504 -C$8) -> 0 | E83: =E$9 * (-0.00106563197914511 -E$8) -> 0 | F83: =F$9 * (-1.028013944625854 -F$8) -> 0 | G83: =G$9 * (-0.2542335093021393 -G$8) -> 0
A84: =A$9 * (18.25059127807617 -A$8) -> 0 | B84: =B$9 * (18.25059127807617 -B$8) -> 0 | C84: =C$9 * (18.25059127807617 -C$8) -> 0 | E84: =E$9 * (-7.884560181992128E-5 -E$8) -> 0 | F84: =F$9 * (-0.5608513951301575 -F$8) -> 0 | G84: =G$9 * (0.4069018959999084 -G$8) -> 0
A85: =A$9 * (18.50006294250488 -A$8) -> 0 | B85: =B$9 * (18.50006294250488 -B$8) -> 0 | C85: =C$9 * (18.50006294250488 -C$8) -> 0 | E85: =E$9 * (0.1652635037899017 -E$8) -> 0 | F85: =F$9 * (8.488191604614258 -F$8) -> 0 | G85: =G$9 * (8.74162483215332 -G$8) -> 0
A86: =A$9 * (18.75009727478027 -A$8) -> 0 | B86: =B$9 * (18.75009727478027 -B$8) -> 0 | C86: =C$9 * (18.75009727478027 -C$8) -> 0 | E86: =E$9 * (0.04286989942193031 -E$8) -> 0 | F86: =F$9 * (6.657303810119629 -F$8) -> 0 | G86: =G$9 * (7.088486194610596 -G$8) -> 0
A87: =A$9 * (19.00009727478027 -A$8) -> 0 | B87: =B$9 * (19.00009727478027 -B$8) -> 0 | C87: =C$9 * (19.00009727478027 -C$8) -> 0 | E87: =E$9 * (0.01307772006839514 -E$8) -> 0 | F87: =F$9 * (7.708340167999268 -F$8) -> 0 | G87: =G$9 * (13.94209957122803 -G$8) -> 0
A88: =A$9 * (19.25011444091797 -A$8) -> 0 | B88: =B$9 * (19.25011444091797 -B$8) -> 0 | C88: =C$9 * (19.25011444091797 -C$8) -> 0 | E88: =E$9 * (0.009605539962649345 -E$8) -> 0 | F88: =F$9 * (3.372817993164062 -F$8) -> 0 | G88: =G$9 * (6.742417812347412 -G$8) -> 0
A89: =A$9 * (19.5001277923584 -A$8) -> 0 | B89: =B$9 * (19.5001277923584 -B$8) -> 0 | C89: =C$9 * (19.5001277923584 -C$8) -> 0 | E89: =E$9 * (0.008478402160108089 -E$8) -> 0 | F89: =F$9 * (3.90983510017395 -F$8) -> 0 | G89: =G$9 * (8.624566078186035 -G$8) -> 0
A90: =A$9 * (19.75029945373535 -A$8) -> 0 | B90: =B$9 * (19.75029945373535 -B$8) -> 0 | C90: =C$9 * (19.75029945373535 -C$8) -> 0 | E90: =E$9 * (0.005913520231842995 -E$8) -> 0 | F90: =F$9 * (2.881253004074097 -F$8) -> 0 | G90: =G$9 * (8.065496444702148 -G$8) -> 0
A91: =A$9 * (20.00004959106445 -A$8) -> 0 | B91: =B$9 * (20.00004959106445 -B$8) -> 0 | C91: =C$9 * (20.00004959106445 -C$8) -> 0 | E91: =E$9 * (0.001764341024681926 -E$8) -> 0 | F91: =F$9 * (0.3437508046627045 -F$8) -> 0 | G91: =G$9 * (2.417278051376343 -G$8) -> 0
A92: =A$9 * (20.25016593933105 -A$8) -> 0 | B92: =B$9 * (20.25016593933105 -B$8) -> 0 | C92: =C$9 * (20.25016593933105 -C$8) -> 0 | E92: =E$9 * (0.0007191495969891548 -E$8) -> 0 | F92: =F$9 * (-0.3246814012527466 -F$8) -> 0 | G92: =G$9 * (0.6043732762336731 -G$8) -> 0
A93: =A$9 * (20.50030326843262 -A$8) -> 0 | B93: =B$9 * (20.50030326843262 -B$8) -> 0 | C93: =C$9 * (20.50030326843262 -C$8) -> 0 | E93: =E$9 * (0.06410851329565048 -E$8) -> 0 | F93: =F$9 * (3.620023965835571 -F$8) -> 0 | G93: =G$9 * (3.790827035903931 -G$8) -> 0
A94: =A$9 * (20.75010871887207 -A$8) -> 0 | B94: =B$9 * (20.75010871887207 -B$8) -> 0 | C94: =C$9 * (20.75010871887207 -C$8) -> 0 | E94: =E$9 * (0.003216454060748219 -E$8) -> 0 | F94: =F$9 * (-0.307259202003479 -F$8) -> 0 | G94: =G$9 * (5.605974197387695 -G$8) -> 0
A95: =A$9 * (21.0001277923584 -A$8) -> 0 | B95: =B$9 * (21.0001277923584 -B$8) -> 0 | C95: =C$9 * (21.0001277923584 -C$8) -> 0 | E95: =E$9 * (-0.001727450056932867 -E$8) -> 0 | F95: =F$9 * (-1.83051598072052 -F$8) -> 0 | G95: =G$9 * (2.487571954727173 -G$8) -> 0
A96: =A$9 * (21.25024223327637 -A$8) -> 0 | B96: =B$9 * (21.25024223327637 -B$8) -> 0 | C96: =C$9 * (21.25024223327637 -C$8) -> 0 | E96: =E$9 * (-0.0005156918196007609 -E$8) -> 0 | F96: =F$9 * (-0.8570612072944641 -F$8) -> 0 | G96: =G$9 * (0.2799755036830902 -G$8) -> 0
A97: =A$9 * (21.50033378601074 -A$8) -> 0 | B97: =B$9 * (21.50033378601074 -B$8) -> 0 | C97: =C$9 * (21.50033378601074 -C$8) -> 0 | E97: =E$9 * (-0.0009114446002058685 -E$8) -> 0 | F97: =F$9 * (-0.2926777005195618 -F$8) -> 0 | G97: =G$9 * (-0.3619283139705658 -G$8) -> 0
A98: =A$9 * (21.75038909912109 -A$8) -> 0 | B98: =B$9 * (21.75038909912109 -B$8) -> 0 | C98: =C$9 * (21.75038909912109 -C$8) -> 0 | E98: =E$9 * (0.009568990208208561 -E$8) -> 0 | F98: =F$9 * (0.2993245124816895 -F$8) -> 0 | G98: =G$9 * (0.380557507276535 -G$8) -> 0
A99: =A$9 * (22.0002384185791 -A$8) -> 0 | B99: =B$9 * (22.0002384185791 -B$8) -> 0 | C99: =C$9 * (22.0002384185791 -C$8) -> 0 | E99: =E$9 * (0.003564103040844202 -E$8) -> 0 | F99: =F$9 * (-0.002328034956008196 -F$8) -> 0 | G99: =G$9 * (7.811957836151123 -G$8) -> 0
A100: =A$9 * (22.25003242492676 -A$8) -> 0 | B100: =B$9 * (22.25003242492676 -B$8) -> 0 | C100: =C$9 * (22.25003242492676 -C$8) -> 0 | E100: =E$9 * (0.01710470952093601 -E$8) -> 0 | F100: =F$9 * (9.518789291381836 -F$8) -> 0 | G100: =G$9 * (15.85731983184814 -G$8) -> 0
...

Sheet SIM3
A1: h | B1: h | C1: h | E1: (M3/S) | F1: (M/S) | G1: (M/S)
A2: TIME1 | B2: TIME2 | C2: TIME3 | E2: ='Legends'!B2 -> 0 | F2: ='Legends'!B3 -> 0 | G2: ='Legends'!B4 -> 0 | I2: Report-2031_Oil_4500bopd_Liquid_4773blpd_No_GL_TD_Only_OP2.genkey
A3: =MIN($A$11:$A$299) -> 0 | B3: =MIN($B$11:$B$299) -> 0 | C3: =MIN($C$11:$C$299) -> 0 | D3: Min | E3: =MIN($E$11:$E$299) -> 0 | F3: =MIN($F$11:$F$299) -> 0 | G3: =MIN($G$11:$G$299) -> 0
A4: =MEDIAN($A$11:$A$299) -> 0 | B4: =MEDIAN($B$11:$B$299) -> 0 | C4: =MEDIAN($C$11:$C$299) -> 0 | D4: P50 | E4: =MEDIAN($E$11:$E$299) -> 0 | F4: =MEDIAN($F$11:$F$299) -> 0 | G4: =MEDIAN($G$11:$G$299) -> 0
A5: =MAX($A$11:$A$299) -> 0 | B5: =MAX($B$11:$B$299) -> 0 | C5: =MAX($C$11:$C$299) -> 0 | D5: Max | E5: =MAX($E$11:$E$299) -> 0 | F5: =MAX($F$11:$F$299) -> 0 | G5: =MAX($G$11:$G$299) -> 0
A6: =$A5-$A3 -> 0 | B6: =$B5-$B3 -> 0 | C6: =$C5-$C3 -> 0 | D6: Delta | E6: =$E5-$E3 -> 0 | F6: =$F5-$F3 -> 0 | G6: =$G5-$G3 -> 0
A7: h | B7: h | C7: h | E7: (M3/S) | F7: (M/S) | G7: (M/S)
A8: 0 | B8: 0 | C8: 0 | D8: Offset | E8: 0 | F8: 0 | G8: 0
A9: 1 | B9: 1 | C9: 1 | D9: Scale | E9: 1 | F9: 1 | G9: 1
A10: TIME1 | B10: TIME2 | C10: TIME3 | E10: ='Legends'!B2 -> 0 | F10: ='Legends'!B3 -> 0 | G10: ='Legends'!B4 -> 0
A11: =A$9 * (0 -A$8) -> 0 | B11: =B$9 * (0 -B$8) -> 0 | C11: =C$9 * (0 -C$8) -> 0 | E11: =E$9 * (0.01899014040827751 -E$8) -> 0 | F11: =F$9 * (6.976023197174072 -F$8) -> 0 | G11: =G$9 * (9.87746524810791 -G$8) -> 0
A12: =A$9 * (0.2500112354755402 -A$8) -> 0 | B12: =B$9 * (0.2500112354755402 -B$8) -> 0 | C12: =C$9 * (0.2500112354755402 -C$8) -> 0 | E12: =E$9 * (0.01325295027345419 -E$8) -> 0 | F12: =F$9 * (4.242303848266602 -F$8) -> 0 | G12: =G$9 * (6.967663764953613 -G$8) -> 0
A13: =A$9 * (0.5001211166381836 -A$8) -> 0 | B13: =B$9 * (0.5001211166381836 -B$8) -> 0 | C13: =C$9 * (0.5001211166381836 -C$8) -> 0 | E13: =E$9 * (0.009234599769115448 -E$8) -> 0 | F13: =F$9 * (2.912945032119751 -F$8) -> 0 | G13: =G$9 * (5.829698085784912 -G$8) -> 0
A14: =A$9 * (0.7500610947608948 -A$8) -> 0 | B14: =B$9 * (0.7500610947608948 -B$8) -> 0 | C14: =C$9 * (0.7500610947608948 -C$8) -> 0 | E14: =E$9 * (0.005029994994401932 -E$8) -> 0 | F14: =F$9 * (1.130789995193481 -F$8) -> 0 | G14: =G$9 * (3.361793041229248 -G$8) -> 0
A15: =A$9 * (1.000138640403748 -A$8) -> 0 | B15: =B$9 * (1.000138640403748 -B$8) -> 0 | C15: =C$9 * (1.000138640403748 -C$8) -> 0 | E15: =E$9 * (-0.001605786033906043 -E$8) -> 0 | F15: =F$9 * (-1.595832943916321 -F$8) -> 0 | G15: =G$9 * (0.28751140832901 -G$8) -> 0
A16: =A$9 * (1.25046443939209 -A$8) -> 0 | B16: =B$9 * (1.25046443939209 -B$8) -> 0 | C16: =C$9 * (1.25046443939209 -C$8) -> 0 | E16: =E$9 * (-0.0006059535080567002 -E$8) -> 0 | F16: =F$9 * (-0.6819136142730713 -F$8) -> 0 | G16: =G$9 * (0.2123174965381622 -G$8) -> 0
A17: =A$9 * (1.500494718551636 -A$8) -> 0 | B17: =B$9 * (1.500494718551636 -B$8) -> 0 | C17: =C$9 * (1.500494718551636 -C$8) -> 0 | E17: =E$9 * (-0.001401726040057838 -E$8) -> 0 | F17: =F$9 * (-1.419749021530151 -F$8) -> 0 | G17: =G$9 * (0.1466632932424545 -G$8) -> 0
A18: =A$9 * (1.750004172325134 -A$8) -> 0 | B18: =B$9 * (1.750004172325134 -B$8) -> 0 | C18: =C$9 * (1.750004172325134 -C$8) -> 0 | E18: =E$9 * (-0.0001914673048304394 -E$8) -> 0 | F18: =F$9 * (-0.7674710154533386 -F$8) -> 0 | G18: =G$9 * (0.6117944717407227 -G$8) -> 0
A19: =A$9 * (2.000420570373535 -A$8) -> 0 | B19: =B$9 * (2.000420570373535 -B$8) -> 0 | C19: =C$9 * (2.000420570373535 -C$8) -> 0 | E19: =E$9 * (-0.0008314211736433208 -E$8) -> 0 | F19: =F$9 * (-0.9107096195220947 -F$8) -> 0 | G19: =G$9 * (-0.1550046056509018 -G$8) -> 0
A20: =A$9 * (2.250224113464355 -A$8) -> 0 | B20: =B$9 * (2.250224113464355 -B$8) -> 0 | C20: =C$9 * (2.250224113464355 -C$8) -> 0 | E20: =E$9 * (0.0009498466970399022 -E$8) -> 0 | F20: =F$9 * (-0.8200296759605408 -F$8) -> 0 | G20: =G$9 * (0.3807440102100372 -G$8) -> 0
A21: =A$9 * (2.500369071960449 -A$8) -> 0 | B21: =B$9 * (2.500369071960449 -B$8) -> 0 | C21: =C$9 * (2.500369071960449 -C$8) -> 0 | E21: =E$9 * (0.03375799953937531 -E$8) -> 0 | F21: =F$9 * (11.16559982299805 -F$8) -> 0 | G21: =G$9 * (13.01156997680664 -G$8) -> 0
A22: =A$9 * (2.750024080276489 -A$8) -> 0 | B22: =B$9 * (2.750024080276489 -B$8) -> 0 | C22: =C$9 * (2.750024080276489 -C$8) -> 0 | E22: =E$9 * (0.03092280030250549 -E$8) -> 0 | F22: =F$9 * (12.60305023193359 -F$8) -> 0 | G22: =G$9 * (16.15007972717285 -G$8) -> 0
A23: =A$9 * (3.000208377838135 -A$8) -> 0 | B23: =B$9 * (3.000208377838135 -B$8) -> 0 | C23: =C$9 * (3.000208377838135 -C$8) -> 0 | E23: =E$9 * (0.007981591857969761 -E$8) -> 0 | F23: =F$9 * (4.464561939239502 -F$8) -> 0 | G23: =G$9 * (10.29673004150391 -G$8) -> 0
A24: =A$9 * (3.250113964080811 -A$8) -> 0 | B24: =B$9 * (3.250113964080811 -B$8) -> 0 | C24: =C$9 * (3.250113964080811 -C$8) -> 0 | E24: =E$9 * (-0.002657023025676608 -E$8) -> 0 | F24: =F$9 * (-0.6809154152870178 -F$8) -> 0 | G24: =G$9 * (1.283489942550659 -G$8) -> 0
A25: =A$9 * (3.500452756881714 -A$8) -> 0 | B25: =B$9 * (3.500452756881714 -B$8) -> 0 | C25: =C$9 * (3.500452756881714 -C$8) -> 0 | E25: =E$9 * (-0.003872086061164737 -E$8) -> 0 | F25: =F$9 * (-1.171179056167603 -F$8) -> 0 | G25: =G$9 * (-3.11378002166748 -G$8) -> 0
A26: =A$9 * (3.750383377075195 -A$8) -> 0 | B26: =B$9 * (3.750383377075195 -B$8) -> 0 | C26: =C$9 * (3.750383377075195 -C$8) -> 0 | E26: =E$9 * (-0.0005111981881782413 -E$8) -> 0 | F26: =F$9 * (-0.7079771161079407 -F$8) -> 0 | G26: =G$9 * (0.5570847988128662 -G$8) -> 0
A27: =A$9 * (4.000344276428223 -A$8) -> 0 | B27: =B$9 * (4.000344276428223 -B$8) -> 0 | C27: =C$9 * (4.000344276428223 -C$8) -> 0 | E27: =E$9 * (0.0002108947956003249 -E$8) -> 0 | F27: =F$9 * (-1.096295952796936 -F$8) -> 0 | G27: =G$9 * (2.51476001739502 -G$8) -> 0
A28: =A$9 * (4.250494480133057 -A$8) -> 0 | B28: =B$9 * (4.250494480133057 -B$8) -> 0 | C28: =C$9 * (4.250494480133057 -C$8) -> 0 | E28: =E$9 * (-0.0009959570597857237 -E$8) -> 0 | F28: =F$9 * (-0.9517791271209717 -F$8) -> 0 | G28: =G$9 * (-0.2452594935894012 -G$8) -> 0
A29: =A$9 * (4.500461101531982 -A$8) -> 0 | B29: =B$9 * (4.500461101531982 -B$8) -> 0 | C29: =C$9 * (4.500461101531982 -C$8) -> 0 | E29: =E$9 * (-0.0002507099998183548 -E$8) -> 0 | F29: =F$9 * (-1.097759008407593 -F$8) -> 0 | G29: =G$9 * (0.398908406496048 -G$8) -> 0
A30: =A$9 * (4.750263690948486 -A$8) -> 0 | B30: =B$9 * (4.750263690948486 -B$8) -> 0 | C30: =C$9 * (4.750263690948486 -C$8) -> 0 | E30: =E$9 * (0.002192992949858308 -E$8) -> 0 | F30: =F$9 * (0.05927617847919464 -F$8) -> 0 | G30: =G$9 * (9.970287322998047 -G$8) -> 0
A31: =A$9 * (5.00053071975708 -A$8) -> 0 | B31: =B$9 * (5.00053071975708 -B$8) -> 0 | C31: =C$9 * (5.00053071975708 -C$8) -> 0 | E31: =E$9 * (0.03571724891662598 -E$8) -> 0 | F31: =F$9 * (13.40221977233887 -F$8) -> 0 | G31: =G$9 * (16.29467010498047 -G$8) -> 0
A32: =A$9 * (5.250083446502686 -A$8) -> 0 | B32: =B$9 * (5.250083446502686 -B$8) -> 0 | C32: =C$9 * (5.250083446502686 -C$8) -> 0 | E32: =E$9 * (0.009636894799768925 -E$8) -> 0 | F32: =F$9 * (4.985125064849854 -F$8) -> 0 | G32: =G$9 * (10.19309043884277 -G$8) -> 0
A33: =A$9 * (5.500141620635986 -A$8) -> 0 | B33: =B$9 * (5.500141620635986 -B$8) -> 0 | C33: =C$9 * (5.500141620635986 -C$8) -> 0 | E33: =E$9 * (-0.0001963086979230866 -E$8) -> 0 | F33: =F$9 * (-1.031733989715576 -F$8) -> 0 | G33: =G$9 * (1.143684029579163 -G$8) -> 0
A34: =A$9 * (5.750216484069824 -A$8) -> 0 | B34: =B$9 * (5.750216484069824 -B$8) -> 0 | C34: =C$9 * (5.750216484069824 -C$8) -> 0 | E34: =E$9 * (-0.002130030887201428 -E$8) -> 0 | F34: =F$9 * (-1.032536029815674 -F$8) -> 0 | G34: =G$9 * (-0.8067687749862671 -G$8) -> 0
A35: =A$9 * (6.000549793243408 -A$8) -> 0 | B35: =B$9 * (6.000549793243408 -B$8) -> 0 | C35: =C$9 * (6.000549793243408 -C$8) -> 0 | E35: =E$9 * (-0.004873230122029781 -E$8) -> 0 | F35: =F$9 * (-0.2461369931697845 -F$8) -> 0 | G35: =G$9 * (-3.361999034881592 -G$8) -> 0
A36: =A$9 * (6.250091552734375 -A$8) -> 0 | B36: =B$9 * (6.250091552734375 -B$8) -> 0 | C36: =C$9 * (6.250091552734375 -C$8) -> 0 | E36: =E$9 * (-0.00118114601355046 -E$8) -> 0 | F36: =F$9 * (-1.076241970062256 -F$8) -> 0 | G36: =G$9 * (-0.3041419088840485 -G$8) -> 0
A37: =A$9 * (6.500341892242432 -A$8) -> 0 | B37: =B$9 * (6.500341892242432 -B$8) -> 0 | C37: =C$9 * (6.500341892242432 -C$8) -> 0 | E37: =E$9 * (-0.000840449589304626 -E$8) -> 0 | F37: =F$9 * (-0.8284202814102173 -F$8) -> 0 | G37: =G$9 * (0.301072895526886 -G$8) -> 0
A38: =A$9 * (6.75011682510376 -A$8) -> 0 | B38: =B$9 * (6.75011682510376 -B$8) -> 0 | C38: =C$9 * (6.75011682510376 -C$8) -> 0 | E38: =E$9 * (-0.0008777469047345221 -E$8) -> 0 | F38: =F$9 * (-0.3064115941524506 -F$8) -> 0 | G38: =G$9 * (-0.2956759035587311 -G$8) -> 0
A39: =A$9 * (7.000205516815186 -A$8) -> 0 | B39: =B$9 * (7.000205516815186 -B$8) -> 0 | C39: =C$9 * (7.000205516815186 -C$8) -> 0 | E39: =E$9 * (0.1952133029699326 -E$8) -> 0 | F39: =F$9 * (13.67689037322998 -F$8) -> 0 | G39: =G$9 * (14.08092021942139 -G$8) -> 0
A40: =A$9 * (7.250244617462158 -A$8) -> 0 | B40: =B$9 * (7.250244617462158 -B$8) -> 0 | C40: =C$9 * (7.250244617462158 -C$8) -> 0 | E40: =E$9 * (0.04559443891048431 -E$8) -> 0 | F40: =F$9 * (6.837777137756348 -F$8) -> 0 | G40: =G$9 * (7.262814044952393 -G$8) -> 0
A41: =A$9 * (7.500135898590088 -A$8) -> 0 | B41: =B$9 * (7.500135898590088 -B$8) -> 0 | C41: =C$9 * (7.500135898590088 -C$8) -> 0 | E41: =E$9 * (0.01482293009757996 -E$8) -> 0 | F41: =F$9 * (7.346356868743896 -F$8) -> 0 | G41: =G$9 * (11.98878955841064 -G$8) -> 0
A42: =A$9 * (7.750339031219482 -A$8) -> 0 | B42: =B$9 * (7.750339031219482 -B$8) -> 0 | C42: =C$9 * (7.750339031219482 -C$8) -> 0 | E42: =E$9 * (0.002556109102442861 -E$8) -> 0 | F42: =F$9 * (0.7375826835632324 -F$8) -> 0 | G42: =G$9 * (3.844223022460938 -G$8) -> 0
A43: =A$9 * (8.000338554382324 -A$8) -> 0 | B43: =B$9 * (8.000338554382324 -B$8) -> 0 | C43: =C$9 * (8.000338554382324 -C$8) -> 0 | E43: =E$9 * (-0.001433436991646886 -E$8) -> 0 | F43: =F$9 * (-1.645491003990173 -F$8) -> 0 | G43: =G$9 * (0.9509580731391907 -G$8) -> 0
A44: =A$9 * (8.250455856323242 -A$8) -> 0 | B44: =B$9 * (8.250455856323242 -B$8) -> 0 | C44: =C$9 * (8.250455856323242 -C$8) -> 0 | E44: =E$9 * (-0.005485817790031433 -E$8) -> 0 | F44: =F$9 * (-0.552581787109375 -F$8) -> 0 | G44: =G$9 * (-4.08223819732666 -G$8) -> 0
A45: =A$9 * (8.500544548034668 -A$8) -> 0 | B45: =B$9 * (8.500544548034668 -B$8) -> 0 | C45: =C$9 * (8.500544548034668 -C$8) -> 0 | E45: =E$9 * (-0.001115818042308092 -E$8) -> 0 | F45: =F$9 * (-1.173614025115967 -F$8) -> 0 | G45: =G$9 * (-0.1289671957492828 -G$8) -> 0
A46: =A$9 * (8.75 -A$8) -> 0 | B46: =B$9 * (8.75 -B$8) -> 0 | C46: =C$9 * (8.75 -C$8) -> 0 | E46: =E$9 * (-0.001420867047272623 -E$8) -> 0 | F46: =F$9 * (-1.425438046455383 -F$8) -> 0 | G46: =G$9 * (0.5069530010223389 -G$8) -> 0
A47: =A$9 * (9.000472068786621 -A$8) -> 0 | B47: =B$9 * (9.000472068786621 -B$8) -> 0 | C47: =C$9 * (9.000472068786621 -C$8) -> 0 | E47: =E$9 * (-0.001441714004613459 -E$8) -> 0 | F47: =F$9 * (-0.2357669025659561 -F$8) -> 0 | G47: =G$9 * (-0.7537171840667725 -G$8) -> 0
A48: =A$9 * (9.25011157989502 -A$8) -> 0 | B48: =B$9 * (9.25011157989502 -B$8) -> 0 | C48: =C$9 * (9.25011157989502 -C$8) -> 0 | E48: =E$9 * (-0.0002476951922290027 -E$8) -> 0 | F48: =F$9 * (-0.6121916174888611 -F$8) -> 0 | G48: =G$9 * (0.2485211938619614 -G$8) -> 0
A49: =A$9 * (9.500683784484863 -A$8) -> 0 | B49: =B$9 * (9.500683784484863 -B$8) -> 0 | C49: =C$9 * (9.500683784484863 -C$8) -> 0 | E49: =E$9 * (0.02837006933987141 -E$8) -> 0 | F49: =F$9 * (9.430706977844238 -F$8) -> 0 | G49: =G$9 * (11.56567001342773 -G$8) -> 0
A50: =A$9 * (9.750430107116699 -A$8) -> 0 | B50: =B$9 * (9.750430107116699 -B$8) -> 0 | C50: =C$9 * (9.750430107116699 -C$8) -> 0 | E50: =E$9 * (0.03050190955400467 -E$8) -> 0 | F50: =F$9 * (12.58953952789307 -F$8) -> 0 | G50: =G$9 * (16.2893009185791 -G$8) -> 0
A51: =A$9 * (10.00016403198242 -A$8) -> 0 | B51: =B$9 * (10.00016403198242 -B$8) -> 0 | C51: =C$9 * (10.00016403198242 -C$8) -> 0 | E51: =E$9 * (0.008823305368423462 -E$8) -> 0 | F51: =F$9 * (4.695287227630615 -F$8) -> 0 | G51: =G$9 * (10.17430019378662 -G$8) -> 0
A52: =A$9 * (10.2501277923584 -A$8) -> 0 | B52: =B$9 * (10.2501277923584 -B$8) -> 0 | C52: =C$9 * (10.2501277923584 -C$8) -> 0 | E52: =E$9 * (-0.005426417104899883 -E$8) -> 0 | F52: =F$9 * (-1.82552695274353 -F$8) -> 0 | G52: =G$9 * (-4.080149173736572 -G$8) -> 0
A53: =A$9 * (10.50033569335938 -A$8) -> 0 | B53: =B$9 * (10.50033569335938 -B$8) -> 0 | C53: =C$9 * (10.50033569335938 -C$8) -> 0 | E53: =E$9 * (-0.001508450950495899 -E$8) -> 0 | F53: =F$9 * (-1.426532983779907 -F$8) -> 0 | G53: =G$9 * (-0.07952968776226044 -G$8) -> 0
A54: =A$9 * (10.75016117095947 -A$8) -> 0 | B54: =B$9 * (10.75016117095947 -B$8) -> 0 | C54: =C$9 * (10.75016117095947 -C$8) -> 0 | E54: =E$9 * (-0.003217926947399974 -E$8) -> 0 | F54: =F$9 * (-1.39007294178009 -F$8) -> 0 | G54: =G$9 * (-1.546779036521912 -G$8) -> 0
A55: =A$9 * (11.00027179718018 -A$8) -> 0 | B55: =B$9 * (11.00027179718018 -B$8) -> 0 | C55: =C$9 * (11.00027179718018 -C$8) -> 0 | E55: =E$9 * (-0.001409983960911632 -E$8) -> 0 | F55: =F$9 * (-0.1526912003755569 -F$8) -> 0 | G55: =G$9 * (-0.80257248878479 -G$8) -> 0
A56: =A$9 * (11.25069999694824 -A$8) -> 0 | B56: =B$9 * (11.25069999694824 -B$8) -> 0 | C56: =C$9 * (11.25069999694824 -C$8) -> 0 | E56: =E$9 * (-0.0009542786283418536 -E$8) -> 0 | F56: =F$9 * (-0.8187534213066101 -F$8) -> 0 | G56: =G$9 * (-0.03334593027830124 -G$8) -> 0
A57: =A$9 * (11.50054168701172 -A$8) -> 0 | B57: =B$9 * (11.50054168701172 -B$8) -> 0 | C57: =C$9 * (11.50054168701172 -C$8) -> 0 | E57: =E$9 * (-0.0001834499998949468 -E$8) -> 0 | F57: =F$9 * (-0.8090245723724365 -F$8) -> 0 | G57: =G$9 * (0.4441036880016327 -G$8) -> 0
A58: =A$9 * (11.75013065338135 -A$8) -> 0 | B58: =B$9 * (11.75013065338135 -B$8) -> 0 | C58: =C$9 * (11.75013065338135 -C$8) -> 0 | E58: =E$9 * (0.1697621941566467 -E$8) -> 0 | F58: =F$9 * (23.51704025268555 -F$8) -> 0 | G58: =G$9 * (24.63624954223633 -G$8) -> 0
A59: =A$9 * (12.0003023147583 -A$8) -> 0 | B59: =B$9 * (12.0003023147583 -B$8) -> 0 | C59: =C$9 * (12.0003023147583 -C$8) -> 0 | E59: =E$9 * (0.04596247896552086 -E$8) -> 0 | F59: =F$9 * (6.524848937988281 -F$8) -> 0 | G59: =G$9 * (6.915584087371826 -G$8) -> 0
A60: =A$9 * (12.25020313262939 -A$8) -> 0 | B60: =B$9 * (12.25020313262939 -B$8) -> 0 | C60: =C$9 * (12.25020313262939 -C$8) -> 0 | E60: =E$9 * (0.01417719013988972 -E$8) -> 0 | F60: =F$9 * (6.988165855407715 -F$8) -> 0 | G60: =G$9 * (11.64840984344482 -G$8) -> 0
A61: =A$9 * (12.50034141540527 -A$8) -> 0 | B61: =B$9 * (12.50034141540527 -B$8) -> 0 | C61: =C$9 * (12.50034141540527 -C$8) -> 0 | E61: =E$9 * (0.001714598038233817 -E$8) -> 0 | F61: =F$9 * (0.4628688097000122 -F$8) -> 0 | G61: =G$9 * (3.349845886230469 -G$8) -> 0
A62: =A$9 * (12.75021648406982 -A$8) -> 0 | B62: =B$9 * (12.75021648406982 -B$8) -> 0 | C62: =C$9 * (12.75021648406982 -C$8) -> 0 | E62: =E$9 * (2.92053991870489E-5 -E$8) -> 0 | F62: =F$9 * (-0.9589515924453735 -F$8) -> 0 | G62: =G$9 * (1.950693011283875 -G$8) -> 0
A63: =A$9 * (13.00022792816162 -A$8) -> 0 | B63: =B$9 * (13.00022792816162 -B$8) -> 0 | C63: =C$9 * (13.00022792816162 -C$8) -> 0 | E63: =E$9 * (-0.0006770677282474935 -E$8) -> 0 | F63: =F$9 * (-1.444342017173767 -F$8) -> 0 | G63: =G$9 * (1.775686979293823 -G$8) -> 0
A64: =A$9 * (13.25059413909912 -A$8) -> 0 | B64: =B$9 * (13.25059413909912 -B$8) -> 0 | C64: =C$9 * (13.25059413909912 -C$8) -> 0 | E64: =E$9 * (0.0005102480063214898 -E$8) -> 0 | F64: =F$9 * (-1.062476992607117 -F$8) -> 0 | G64: =G$9 * (2.647059917449951 -G$8) -> 0
A65: =A$9 * (13.50055027008057 -A$8) -> 0 | B65: =B$9 * (13.50055027008057 -B$8) -> 0 | C65: =C$9 * (13.50055027008057 -C$8) -> 0 | E65: =E$9 * (-0.001607652055099607 -E$8) -> 0 | F65: =F$9 * (-0.7992194294929504 -F$8) -> 0 | G65: =G$9 * (-0.7031360864639282 -G$8) -> 0
A66: =A$9 * (13.7501220703125 -A$8) -> 0 | B66: =B$9 * (13.7501220703125 -B$8) -> 0 | C66: =C$9 * (13.7501220703125 -C$8) -> 0 | E66: =E$9 * (-0.0007996595231816173 -E$8) -> 0 | F66: =F$9 * (-0.2219285070896149 -F$8) -> 0 | G66: =G$9 * (-0.1710522025823593 -G$8) -> 0
A67: =A$9 * (14.00006675720215 -A$8) -> 0 | B67: =B$9 * (14.00006675720215 -B$8) -> 0 | C67: =C$9 * (14.00006675720215 -C$8) -> 0 | E67: =E$9 * (0.04056784138083458 -E$8) -> 0 | F67: =F$9 * (1.379286050796509 -F$8) -> 0 | G67: =G$9 * (1.51946496963501 -G$8) -> 0
A68: =A$9 * (14.25055599212646 -A$8) -> 0 | B68: =B$9 * (14.25055599212646 -B$8) -> 0 | C68: =C$9 * (14.25055599212646 -C$8) -> 0 | E68: =E$9 * (0.0353233702480793 -E$8) -> 0 | F68: =F$9 * (6.798878192901611 -F$8) -> 0 | G68: =G$9 * (7.411953926086426 -G$8) -> 0
A69: =A$9 * (14.50046348571777 -A$8) -> 0 | B69: =B$9 * (14.50046348571777 -B$8) -> 0 | C69: =C$9 * (14.50046348571777 -C$8) -> 0 | E69: =E$9 * (0.01810006983578205 -E$8) -> 0 | F69: =F$9 * (8.525787353515625 -F$8) -> 0 | G69: =G$9 * (12.69307041168213 -G$8) -> 0
A70: =A$9 * (14.75028038024902 -A$8) -> 0 | B70: =B$9 * (14.75028038024902 -B$8) -> 0 | C70: =C$9 * (14.75028038024902 -C$8) -> 0 | E70: =E$9 * (0.004483443219214678 -E$8) -> 0 | F70: =F$9 * (1.698940992355347 -F$8) -> 0 | G70: =G$9 * (5.675685882568359 -G$8) -> 0
A71: =A$9 * (15.00006103515625 -A$8) -> 0 | B71: =B$9 * (15.00006103515625 -B$8) -> 0 | C71: =C$9 * (15.00006103515625 -C$8) -> 0 | E71: =E$9 * (-0.006040272768586874 -E$8) -> 0 | F71: =F$9 * (-0.2899576127529144 -F$8) -> 0 | G71: =G$9 * (-4.067665100097656 -G$8) -> 0
A72: =A$9 * (15.25045299530029 -A$8) -> 0 | B72: =B$9 * (15.25045299530029 -B$8) -> 0 | C72: =C$9 * (15.25045299530029 -C$8) -> 0 | E72: =E$9 * (-0.000916527584195137 -E$8) -> 0 | F72: =F$9 * (-1.521108031272888 -F$8) -> 0 | G72: =G$9 * (1.645830035209656 -G$8) -> 0
A73: =A$9 * (15.50001621246338 -A$8) -> 0 | B73: =B$9 * (15.50001621246338 -B$8) -> 0 | C73: =C$9 * (15.50001621246338 -C$8) -> 0 | E73: =E$9 * (-0.002050403039902449 -E$8) -> 0 | F73: =F$9 * (-0.6993427276611328 -F$8) -> 0 | G73: =G$9 * (-1.245200991630554 -G$8) -> 0
A74: =A$9 * (15.75035858154297 -A$8) -> 0 | B74: =B$9 * (15.75035858154297 -B$8) -> 0 | C74: =C$9 * (15.75035858154297 -C$8) -> 0 | E74: =E$9 * (-0.00118992303032428 -E$8) -> 0 | F74: =F$9 * (-1.113250970840454 -F$8) -> 0 | G74: =G$9 * (-0.3740977048873901 -G$8) -> 0
A75: =A$9 * (16.0000057220459 -A$8) -> 0 | B75: =B$9 * (16.0000057220459 -B$8) -> 0 | C75: =C$9 * (16.0000057220459 -C$8) -> 0 | E75: =E$9 * (-0.0006913617835380137 -E$8) -> 0 | F75: =F$9 * (-1.112228989601135 -F$8) -> 0 | G75: =G$9 * (1.060400009155273 -G$8) -> 0
A76: =A$9 * (16.25017166137695 -A$8) -> 0 | B76: =B$9 * (16.25017166137695 -B$8) -> 0 | C76: =C$9 * (16.25017166137695 -C$8) -> 0 | E76: =E$9 * (-0.0008166641928255558 -E$8) -> 0 | F76: =F$9 * (-0.2576727867126465 -F$8) -> 0 | G76: =G$9 * (-0.1548085957765579 -G$8) -> 0
A77: =A$9 * (16.50028038024902 -A$8) -> 0 | B77: =B$9 * (16.50028038024902 -B$8) -> 0 | C77: =C$9 * (16.50028038024902 -C$8) -> 0 | E77: =E$9 * (0.003023687051609159 -E$8) -> 0 | F77: =F$9 * (0.1521696001291275 -F$8) -> 0 | G77: =G$9 * (24.39170074462891 -G$8) -> 0
A78: =A$9 * (16.75034141540527 -A$8) -> 0 | B78: =B$9 * (16.75034141540527 -B$8) -> 0 | C78: =C$9 * (16.75034141540527 -C$8) -> 0 | E78: =E$9 * (0.06466545164585114 -E$8) -> 0 | F78: =F$9 * (10.99627017974854 -F$8) -> 0 | G78: =G$9 * (11.69948959350586 -G$8) -> 0
A79: =A$9 * (17.00038146972656 -A$8) -> 0 | B79: =B$9 * (17.00038146972656 -B$8) -> 0 | C79: =C$9 * (17.00038146972656 -C$8) -> 0 | E79: =E$9 * (0.01120907999575138 -E$8) -> 0 | F79: =F$9 * (5.621076107025146 -F$8) -> 0 | G79: =G$9 * (10.57968044281006 -G$8) -> 0
A80: =A$9 * (17.25022315979004 -A$8) -> 0 | B80: =B$9 * (17.25022315979004 -B$8) -> 0 | C80: =C$9 * (17.25022315979004 -C$8) -> 0 | E80: =E$9 * (-0.002862852066755295 -E$8) -> 0 | F80: =F$9 * (-0.786094605922699 -F$8) -> 0 | G80: =G$9 * (1.640534996986389 -G$8) -> 0
A81: =A$9 * (17.50027847290039 -A$8) -> 0 | B81: =B$9 * (17.50027847290039 -B$8) -> 0 | C81: =C$9 * (17.50027847290039 -C$8) -> 0 | E81: =E$9 * (-0.005667218938469887 -E$8) -> 0 | F81: =F$9 * (-0.540069580078125 -F$8) -> 0 | G81: =G$9 * (-4.615928173065186 -G$8) -> 0
A82: =A$9 * (17.75018310546875 -A$8) -> 0 | B82: =B$9 * (17.75018310546875 -B$8) -> 0 | C82: =C$9 * (17.75018310546875 -C$8) -> 0 | E82: =E$9 * (-0.001577712944708765 -E$8) -> 0 | F82: =F$9 * (-1.589077949523926 -F$8) -> 0 | G82: =G$9 * (-0.04872098937630653 -G$8) -> 0
A83: =A$9 * (18.00062561035156 -A$8) -> 0 | B83: =B$9 * (18.00062561035156 -B$8) -> 0 | C83: =C$9 * (18.00062561035156 -C$8) -> 0 | E83: =E$9 * (-0.001659407978877425 -E$8) -> 0 | F83: =F$9 * (-1.444530010223389 -F$8) -> 0 | G83: =G$9 * (-0.492988109588623 -G$8) -> 0
A84: =A$9 * (18.25037574768066 -A$8) -> 0 | B84: =B$9 * (18.25037574768066 -B$8) -> 0 | C84: =C$9 * (18.25037574768066 -C$8) -> 0 | E84: =E$9 * (-0.001017833012156188 -E$8) -> 0 | F84: =F$9 * (-0.1382323950529099 -F$8) -> 0 | G84: =G$9 * (-0.5548855066299438 -G$8) -> 0
A85: =A$9 * (18.50007438659668 -A$8) -> 0 | B85: =B$9 * (18.50007438659668 -B$8) -> 0 | C85: =C$9 * (18.50007438659668 -C$8) -> 0 | E85: =E$9 * (-0.0007439738838002086 -E$8) -> 0 | F85: =F$9 * (-0.5982772707939148 -F$8) -> 0 | G85: =G$9 * (0.1322733014822006 -G$8) -> 0
A86: =A$9 * (18.75033950805664 -A$8) -> 0 | B86: =B$9 * (18.75033950805664 -B$8) -> 0 | C86: =C$9 * (18.75033950805664 -C$8) -> 0 | E86: =E$9 * (0.01007908023893833 -E$8) -> 0 | F86: =F$9 * (0.3179543018341064 -F$8) -> 0 | G86: =G$9 * (0.4260993003845215 -G$8) -> 0
A87: =A$9 * (19.00041389465332 -A$8) -> 0 | B87: =B$9 * (19.00041389465332 -B$8) -> 0 | C87: =C$9 * (19.00041389465332 -C$8) -> 0 | E87: =E$9 * (0.02978698909282684 -E$8) -> 0 | F87: =F$9 * (7.558266162872314 -F$8) -> 0 | G87: =G$9 * (8.881482124328613 -G$8) -> 0
A88: =A$9 * (19.25008964538574 -A$8) -> 0 | B88: =B$9 * (19.25008964538574 -B$8) -> 0 | C88: =C$9 * (19.25008964538574 -C$8) -> 0 | E88: =E$9 * (0.0213183406740427 -E$8) -> 0 | F88: =F$9 * (9.834551811218262 -F$8) -> 0 | G88: =G$9 * (13.85861968994141 -G$8) -> 0
A89: =A$9 * (19.50041198730469 -A$8) -> 0 | B89: =B$9 * (19.50041198730469 -B$8) -> 0 | C89: =C$9 * (19.50041198730469 -C$8) -> 0 | E89: =E$9 * (0.00566771999001503 -E$8) -> 0 | F89: =F$9 * (2.515446901321411 -F$8) -> 0 | G89: =G$9 * (7.155293941497803 -G$8) -> 0
A90: =A$9 * (19.75034141540527 -A$8) -> 0 | B90: =B$9 * (19.75034141540527 -B$8) -> 0 | C90: =C$9 * (19.75034141540527 -C$8) -> 0 | E90: =E$9 * (-0.004905269015580416 -E$8) -> 0 | F90: =F$9 * (-0.753879189491272 -F$8) -> 0 | G90: =G$9 * (-3.706149101257324 -G$8) -> 0
A91: =A$9 * (20.00035858154297 -A$8) -> 0 | B91: =B$9 * (20.00035858154297 -B$8) -> 0 | C91: =C$9 * (20.00035858154297 -C$8) -> 0 | E91: =E$9 * (-0.005687500815838575 -E$8) -> 0 | F91: =F$9 * (-0.5014141798019409 -F$8) -> 0 | G91: =G$9 * (-4.512141227722168 -G$8) -> 0
A92: =A$9 * (20.25011444091797 -A$8) -> 0 | B92: =B$9 * (20.25011444091797 -B$8) -> 0 | C92: =C$9 * (20.25011444091797 -C$8) -> 0 | E92: =E$9 * (-0.0008474215865135193 -E$8) -> 0 | F92: =F$9 * (-1.128594994544983 -F$8) -> 0 | G92: =G$9 * (0.8077563047409058 -G$8) -> 0
A93: =A$9 * (20.50053977966309 -A$8) -> 0 | B93: =B$9 * (20.50053977966309 -B$8) -> 0 | C93: =C$9 * (20.50053977966309 -C$8) -> 0 | E93: =E$9 * (-0.001200792961753905 -E$8) -> 0 | F93: =F$9 * (-1.293583989143372 -F$8) -> 0 | G93: =G$9 * (0.07401987910270691 -G$8) -> 0
A94: =A$9 * (20.75032806396484 -A$8) -> 0 | B94: =B$9 * (20.75032806396484 -B$8) -> 0 | C94: =C$9 * (20.75032806396484 -C$8) -> 0 | E94: =E$9 * (-0.001172379008494318 -E$8) -> 0 | F94: =F$9 * (-1.021013021469116 -F$8) -> 0 | G94: =G$9 * (0.2191724926233292 -G$8) -> 0
A95: =A$9 * (21.00030517578125 -A$8) -> 0 | B95: =B$9 * (21.00030517578125 -B$8) -> 0 | C95: =C$9 * (21.00030517578125 -C$8) -> 0 | E95: =E$9 * (-0.001481003011576831 -E$8) -> 0 | F95: =F$9 * (-0.5829471945762634 -F$8) -> 0 | G95: =G$9 * (-0.2495934963226318 -G$8) -> 0
A96: =A$9 * (21.25016975402832 -A$8) -> 0 | B96: =B$9 * (21.25016975402832 -B$8) -> 0 | C96: =C$9 * (21.25016975402832 -C$8) -> 0 | E96: =E$9 * (0.003448182949796319 -E$8) -> 0 | F96: =F$9 * (0.1877776980400085 -F$8) -> 0 | G96: =G$9 * (29.15361022949219 -G$8) -> 0
A97: =A$9 * (21.50005531311035 -A$8) -> 0 | B97: =B$9 * (21.50005531311035 -B$8) -> 0 | C97: =C$9 * (21.50005531311035 -C$8) -> 0 | E97: =E$9 * (0.06325572729110718 -E$8) -> 0 | F97: =F$9 * (10.05395984649658 -F$8) -> 0 | G97: =G$9 * (10.66697025299072 -G$8) -> 0
A98: =A$9 * (21.75035285949707 -A$8) -> 0 | B98: =B$9 * (21.75035285949707 -B$8) -> 0 | C98: =C$9 * (21.75035285949707 -C$8) -> 0 | E98: =E$9 * (0.01145908981561661 -E$8) -> 0 | F98: =F$9 * (5.686669826507568 -F$8) -> 0 | G98: =G$9 * (10.56437969207764 -G$8) -> 0
A99: =A$9 * (22.00033950805664 -A$8) -> 0 | B99: =B$9 * (22.00033950805664 -B$8) -> 0 | C99: =C$9 * (22.00033950805664 -C$8) -> 0 | E99: =E$9 * (-0.002617716090753675 -E$8) -> 0 | F99: =F$9 * (-0.7013269066810608 -F$8) -> 0 | G99: =G$9 * (1.872331976890564 -G$8) -> 0
A100: =A$9 * (22.25032806396484 -A$8) -> 0 | B100: =B$9 * (22.25032806396484 -B$8) -> 0 | C100: =C$9 * (22.25032806396484 -C$8) -> 0 | E100: =E$9 * (0.001712171011604369 -E$8) -> 0 | F100: =F$9 * (-0.7672542929649353 -F$8) -> 0 | G100: =G$9 * (1.500540971755981 -G$8) -> 0
...

Sheet SIM4
A1: h | B1: h | C1: h | E1: (M3/S) | F1: (M/S) | G1: (M/S)
A2: TIME1 | B2: TIME2 | C2: TIME3 | E2: ='Legends'!B2 -> 0 | F2: ='Legends'!B3 -> 0 | G2: ='Legends'!B4 -> 0 | I2: Report-2031_Oil_4500bopd_Liquid_4773blpd_No_GL_TD_Only_OP2_TCV_10pc.genkey
A3: =MIN($A$11:$A$299) -> 0 | B3: =MIN($B$11:$B$299) -> 0 | C3: =MIN($C$11:$C$299) -> 0 | D3: Min | E3: =MIN($E$11:$E$299) -> 0 | F3: =MIN($F$11:$F$299) -> 0 | G3: =MIN($G$11:$G$299) -> 0
A4: =MEDIAN($A$11:$A$299) -> 0 | B4: =MEDIAN($B$11:$B$299) -> 0 | C4: =MEDIAN($C$11:$C$299) -> 0 | D4: P50 | E4: =MEDIAN($E$11:$E$299) -> 0 | F4: =MEDIAN($F$11:$F$299) -> 0 | G4: =MEDIAN($G$11:$G$299) -> 0
A5: =MAX($A$11:$A$299) -> 0 | B5: =MAX($B$11:$B$299) -> 0 | C5: =MAX($C$11:$C$299) -> 0 | D5: Max | E5: =MAX($E$11:$E$299) -> 0 | F5: =MAX($F$11:$F$299) -> 0 | G5: =MAX($G$11:$G$299) -> 0
A6: =$A5-$A3 -> 0 | B6: =$B5-$B3 -> 0 | C6: =$C5-$C3 -> 0 | D6: Delta | E6: =$E5-$E3 -> 0 | F6: =$F5-$F3 -> 0 | G6: =$G5-$G3 -> 0
A7: h | B7: h | C7: h | E7: (M3/S) | F7: (M/S) | G7: (M/S)
A8: 0 | B8: 0 | C8: 0 | D8: Offset | E8: 0 | F8: 0 | G8: 0
A9: 1 | B9: 1 | C9: 1 | D9: Scale | E9: 1 | F9: 1 | G9: 1
A10: TIME1 | B10: TIME2 | C10: TIME3 | E10: ='Legends'!B2 -> 0 | F10: ='Legends'!B3 -> 0 | G10: ='Legends'!B4 -> 0
A11: =A$9 * (0 -A$8) -> 0 | B11: =B$9 * (0 -B$8) -> 0 | C11: =C$9 * (0 -C$8) -> 0 | E11: =E$9 * (0.01899014040827751 -E$8) -> 0 | F11: =F$9 * (6.976023197174072 -F$8) -> 0 | G11: =G$9 * (9.87746524810791 -G$8) -> 0
A12: =A$9 * (0.2500112354755402 -A$8) -> 0 | B12: =B$9 * (0.2500112354755402 -B$8) -> 0 | C12: =C$9 * (0.2500112354755402 -C$8) -> 0 | E12: =E$9 * (0.01325295027345419 -E$8) -> 0 | F12: =F$9 * (4.242303848266602 -F$8) -> 0 | G12: =G$9 * (6.967663764953613 -G$8) -> 0
A13: =A$9 * (0.5001211166381836 -A$8) -> 0 | B13: =B$9 * (0.5001211166381836 -B$8) -> 0 | C13: =C$9 * (0.5001211166381836 -C$8) -> 0 | E13: =E$9 * (0.009234599769115448 -E$8) -> 0 | F13: =F$9 * (2.912945032119751 -F$8) -> 0 | G13: =G$9 * (5.829698085784912 -G$8) -> 0
A14: =A$9 * (0.7500610947608948 -A$8) -> 0 | B14: =B$9 * (0.7500610947608948 -B$8) -> 0 | C14: =C$9 * (0.7500610947608948 -C$8) -> 0 | E14: =E$9 * (0.005029994994401932 -E$8) -> 0 | F14: =F$9 * (1.130789995193481 -F$8) -> 0 | G14: =G$9 * (3.361793041229248 -G$8) -> 0
A15: =A$9 * (1.000138640403748 -A$8) -> 0 | B15: =B$9 * (1.000138640403748 -B$8) -> 0 | C15: =C$9 * (1.000138640403748 -C$8) -> 0 | E15: =E$9 * (-0.001137707033194602 -E$8) -> 0 | F15: =F$9 * (-1.523414969444275 -F$8) -> 0 | G15: =G$9 * (0.9239462018013 -G$8) -> 0
A16: =A$9 * (1.250008344650269 -A$8) -> 0 | B16: =B$9 * (1.250008344650269 -B$8) -> 0 | C16: =C$9 * (1.250008344650269 -C$8) -> 0 | E16: =E$9 * (-0.001649342942982912 -E$8) -> 0 | F16: =F$9 * (-0.5713431835174561 -F$8) -> 0 | G16: =G$9 * (-0.6565983891487122 -G$8) -> 0
A17: =A$9 * (1.500068068504333 -A$8) -> 0 | B17: =B$9 * (1.500068068504333 -B$8) -> 0 | C17: =C$9 * (1.500068068504333 -C$8) -> 0 | E17: =E$9 * (-0.0001193764983327128 -E$8) -> 0 | F17: =F$9 * (-1.477447032928467 -F$8) -> 0 | G17: =G$9 * (0.8027424812316895 -G$8) -> 0
A18: =A$9 * (1.750544190406799 -A$8) -> 0 | B18: =B$9 * (1.750544190406799 -B$8) -> 0 | C18: =C$9 * (1.750544190406799 -C$8) -> 0 | E18: =E$9 * (-0.0002765950921457261 -E$8) -> 0 | F18: =F$9 * (-0.6965150237083435 -F$8) -> 0 | G18: =G$9 * (0.6684923768043518 -G$8) -> 0
A19: =A$9 * (2.00004506111145 -A$8) -> 0 | B19: =B$9 * (2.00004506111145 -B$8) -> 0 | C19: =C$9 * (2.00004506111145 -C$8) -> 0 | E19: =E$9 * (-0.0007778162835165858 -E$8) -> 0 | F19: =F$9 * (-0.3213205933570862 -F$8) -> 0 | G19: =G$9 * (-0.176583394408226 -G$8) -> 0
A20: =A$9 * (2.250679969787598 -A$8) -> 0 | B20: =B$9 * (2.250679969787598 -B$8) -> 0 | C20: =C$9 * (2.250679969787598 -C$8) -> 0 | E20: =E$9 * (0.006739790085703135 -E$8) -> 0 | F20: =F$9 * (0.2099522948265076 -F$8) -> 0 | G20: =G$9 * (0.5615584254264832 -G$8) -> 0
A21: =A$9 * (2.500439643859863 -A$8) -> 0 | B21: =B$9 * (2.500439643859863 -B$8) -> 0 | C21: =C$9 * (2.500439643859863 -C$8) -> 0 | E21: =E$9 * (0.005490314215421677 -E$8) -> 0 | F21: =F$9 * (3.481755971908569 -F$8) -> 0 | G21: =G$9 * (10.67905044555664 -G$8) -> 0
A22: =A$9 * (2.750040769577026 -A$8) -> 0 | B22: =B$9 * (2.750040769577026 -B$8) -> 0 | C22: =C$9 * (2.750040769577026 -C$8) -> 0 | E22: =E$9 * (0.03059975989162922 -E$8) -> 0 | F22: =F$9 * (3.207367897033691 -F$8) -> 0 | G22: =G$9 * (3.392889976501465 -G$8) -> 0
A23: =A$9 * (3.000186204910278 -A$8) -> 0 | B23: =B$9 * (3.000186204910278 -B$8) -> 0 | C23: =C$9 * (3.000186204910278 -C$8) -> 0 | E23: =E$9 * (0.01463195029646158 -E$8) -> 0 | F23: =F$9 * (4.633410930633545 -F$8) -> 0 | G23: =G$9 * (7.182168006896973 -G$8) -> 0
A24: =A$9 * (3.250072240829468 -A$8) -> 0 | B24: =B$9 * (3.250072240829468 -B$8) -> 0 | C24: =C$9 * (3.250072240829468 -C$8) -> 0 | E24: =E$9 * (0.009326205588877201 -E$8) -> 0 | F24: =F$9 * (3.414434909820557 -F$8) -> 0 | G24: =G$9 * (6.796528816223145 -G$8) -> 0
A25: =A$9 * (3.500366687774658 -A$8) -> 0 | B25: =B$9 * (3.500366687774658 -B$8) -> 0 | C25: =C$9 * (3.500366687774658 -C$8) -> 0 | E25: =E$9 * (0.01446818001568317 -E$8) -> 0 | F25: =F$9 * (2.712361097335815 -F$8) -> 0 | G25: =G$9 * (4.108851909637451 -G$8) -> 0
A26: =A$9 * (3.750369548797607 -A$8) -> 0 | B26: =B$9 * (3.750369548797607 -B$8) -> 0 | C26: =C$9 * (3.750369548797607 -C$8) -> 0 | E26: =E$9 * (0.007370573934167624 -E$8) -> 0 | F26: =F$9 * (2.880822896957397 -F$8) -> 0 | G26: =G$9 * (6.687615871429443 -G$8) -> 0
A27: =A$9 * (4.000369548797607 -A$8) -> 0 | B27: =B$9 * (4.000369548797607 -B$8) -> 0 | C27: =C$9 * (4.000369548797607 -C$8) -> 0 | E27: =E$9 * (0.004478586837649345 -E$8) -> 0 | F27: =F$9 * (1.172142028808594 -F$8) -> 0 | G27: =G$9 * (3.811975955963135 -G$8) -> 0
A28: =A$9 * (4.250458240509033 -A$8) -> 0 | B28: =B$9 * (4.250458240509033 -B$8) -> 0 | C28: =C$9 * (4.250458240509033 -C$8) -> 0 | E28: =E$9 * (-0.0002315741003258154 -E$8) -> 0 | F28: =F$9 * (-1.215451955795288 -F$8) -> 0 | G28: =G$9 * (0.5877562761306763 -G$8) -> 0
A29: =A$9 * (4.500405788421631 -A$8) -> 0 | B29: =B$9 * (4.500405788421631 -B$8) -> 0 | C29: =C$9 * (4.500405788421631 -C$8) -> 0 | E29: =E$9 * (-0.0009057651041075587 -E$8) -> 0 | F29: =F$9 * (-0.7610834240913391 -F$8) -> 0 | G29: =G$9 * (-0.2387396991252899 -G$8) -> 0
A30: =A$9 * (4.750080585479736 -A$8) -> 0 | B30: =B$9 * (4.750080585479736 -B$8) -> 0 | C30: =C$9 * (4.750080585479736 -C$8) -> 0 | E30: =E$9 * (7.439230103045702E-5 -E$8) -> 0 | F30: =F$9 * (-1.127639055252075 -F$8) -> 0 | G30: =G$9 * (1.986724972724915 -G$8) -> 0
A31: =A$9 * (5.000389099121094 -A$8) -> 0 | B31: =B$9 * (5.000389099121094 -B$8) -> 0 | C31: =C$9 * (5.000389099121094 -C$8) -> 0 | E31: =E$9 * (-0.001800533966161311 -E$8) -> 0 | F31: =F$9 * (-0.2773160040378571 -F$8) -> 0 | G31: =G$9 * (-0.8620176911354065 -G$8) -> 0
A32: =A$9 * (5.250255584716797 -A$8) -> 0 | B32: =B$9 * (5.250255584716797 -B$8) -> 0 | C32: =C$9 * (5.250255584716797 -C$8) -> 0 | E32: =E$9 * (-0.0006006596959196031 -E$8) -> 0 | F32: =F$9 * (-0.1767181009054184 -F$8) -> 0 | G32: =G$9 * (-0.3047923147678375 -G$8) -> 0
A33: =A$9 * (5.500697135925293 -A$8) -> 0 | B33: =B$9 * (5.500697135925293 -B$8) -> 0 | C33: =C$9 * (5.500697135925293 -C$8) -> 0 | E33: =E$9 * (0.01148173958063126 -E$8) -> 0 | F33: =F$9 * (0.3837603032588959 -F$8) -> 0 | G33: =G$9 * (0.875407874584198 -G$8) -> 0
A34: =A$9 * (5.750344276428223 -A$8) -> 0 | B34: =B$9 * (5.750344276428223 -B$8) -> 0 | C34: =C$9 * (5.750344276428223 -C$8) -> 0 | E34: =E$9 * (0.0007105509866960347 -E$8) -> 0 | F34: =F$9 * (0.2734776139259338 -F$8) -> 0 | G34: =G$9 * (11.39169979095459 -G$8) -> 0
A35: =A$9 * (6.00059986114502 -A$8) -> 0 | B35: =B$9 * (6.00059986114502 -B$8) -> 0 | C35: =C$9 * (6.00059986114502 -C$8) -> 0 | E35: =E$9 * (0.02987192943692207 -E$8) -> 0 | F35: =F$9 * (3.316627025604248 -F$8) -> 0 | G35: =G$9 * (3.554433107376099 -G$8) -> 0
A36: =A$9 * (6.250333309173584 -A$8) -> 0 | B36: =B$9 * (6.250333309173584 -B$8) -> 0 | C36: =C$9 * (6.250333309173584 -C$8) -> 0 | E36: =E$9 * (0.01896345056593418 -E$8) -> 0 | F36: =F$9 * (4.833681106567383 -F$8) -> 0 | G36: =G$9 * (6.585178852081299 -G$8) -> 0
A37: =A$9 * (6.500533103942871 -A$8) -> 0 | B37: =B$9 * (6.500533103942871 -B$8) -> 0 | C37: =C$9 * (6.500533103942871 -C$8) -> 0 | E37: =E$9 * (0.009678608737885952 -E$8) -> 0 | F37: =F$9 * (3.741980075836182 -F$8) -> 0 | G37: =G$9 * (7.361485004425049 -G$8) -> 0
A38: =A$9 * (6.75029182434082 -A$8) -> 0 | B38: =B$9 * (6.75029182434082 -B$8) -> 0 | C38: =C$9 * (6.75029182434082 -C$8) -> 0 | E38: =E$9 * (0.01342772040516138 -E$8) -> 0 | F38: =F$9 * (2.325418949127197 -F$8) -> 0 | G38: =G$9 * (3.657566070556641 -G$8) -> 0
A39: =A$9 * (7.000044345855713 -A$8) -> 0 | B39: =B$9 * (7.000044345855713 -B$8) -> 0 | C39: =C$9 * (7.000044345855713 -C$8) -> 0 | E39: =E$9 * (0.009405037388205528 -E$8) -> 0 | F39: =F$9 * (3.310405969619751 -F$8) -> 0 | G39: =G$9 * (6.582622051239014 -G$8) -> 0
A40: =A$9 * (7.250141620635986 -A$8) -> 0 | B40: =B$9 * (7.250141620635986 -B$8) -> 0 | C40: =C$9 * (7.250141620635986 -C$8) -> 0 | E40: =E$9 * (0.005469514988362789 -E$8) -> 0 | F40: =F$9 * (1.818724036216736 -F$8) -> 0 | G40: =G$9 * (5.154407978057861 -G$8) -> 0
A41: =A$9 * (7.500188827514648 -A$8) -> 0 | B41: =B$9 * (7.500188827514648 -B$8) -> 0 | C41: =C$9 * (7.500188827514648 -C$8) -> 0 | E41: =E$9 * (-0.001033889944665134 -E$8) -> 0 | F41: =F$9 * (-0.6312679052352905 -F$8) -> 0 | G41: =G$9 * (-0.2570570111274719 -G$8) -> 0
A42: =A$9 * (7.750236034393311 -A$8) -> 0 | B42: =B$9 * (7.750236034393311 -B$8) -> 0 | C42: =C$9 * (7.750236034393311 -C$8) -> 0 | E42: =E$9 * (-0.001396588049829006 -E$8) -> 0 | F42: =F$9 * (-0.8980075120925903 -F$8) -> 0 | G42: =G$9 * (-0.04720329120755196 -G$8) -> 0
A43: =A$9 * (8.000619888305664 -A$8) -> 0 | B43: =B$9 * (8.000619888305664 -B$8) -> 0 | C43: =C$9 * (8.000619888305664 -C$8) -> 0 | E43: =E$9 * (-0.0004948463174514472 -E$8) -> 0 | F43: =F$9 * (-0.6051324009895325 -F$8) -> 0 | G43: =G$9 * (0.4600403904914856 -G$8) -> 0
A44: =A$9 * (8.250310897827148 -A$8) -> 0 | B44: =B$9 * (8.250310897827148 -B$8) -> 0 | C44: =C$9 * (8.250310897827148 -C$8) -> 0 | E44: =E$9 * (-0.000413697212934494 -E$8) -> 0 | F44: =F$9 * (-0.9719343185424805 -F$8) -> 0 | G44: =G$9 * (0.6252484917640686 -G$8) -> 0
A45: =A$9 * (8.500744819641113 -A$8) -> 0 | B45: =B$9 * (8.500744819641113 -B$8) -> 0 | C45: =C$9 * (8.500744819641113 -C$8) -> 0 | E45: =E$9 * (-0.0005971658974885941 -E$8) -> 0 | F45: =F$9 * (-0.1966758072376251 -F$8) -> 0 | G45: =G$9 * (-0.08130895346403122 -G$8) -> 0
A46: =A$9 * (8.750397682189941 -A$8) -> 0 | B46: =B$9 * (8.750397682189941 -B$8) -> 0 | C46: =C$9 * (8.750397682189941 -C$8) -> 0 | E46: =E$9 * (-0.003201201092451811 -E$8) -> 0 | F46: =F$9 * (-1.540562987327576 -F$8) -> 0 | G46: =G$9 * (-0.5435957908630371 -G$8) -> 0
A47: =A$9 * (9.000094413757324 -A$8) -> 0 | B47: =B$9 * (9.000094413757324 -B$8) -> 0 | C47: =C$9 * (9.000094413757324 -C$8) -> 0 | E47: =E$9 * (0.001790842041373253 -E$8) -> 0 | F47: =F$9 * (0.4512270987033844 -F$8) -> 0 | G47: =G$9 * (11.20761966705322 -G$8) -> 0
A48: =A$9 * (9.250146865844727 -A$8) -> 0 | B48: =B$9 * (9.250146865844727 -B$8) -> 0 | C48: =C$9 * (9.250146865844727 -C$8) -> 0 | E48: =E$9 * (0.02904658019542694 -E$8) -> 0 | F48: =F$9 * (3.497519969940186 -F$8) -> 0 | G48: =G$9 * (3.822483062744141 -G$8) -> 0
A49: =A$9 * (9.50018310546875 -A$8) -> 0 | B49: =B$9 * (9.50018310546875 -B$8) -> 0 | C49: =C$9 * (9.50018310546875 -C$8) -> 0 | E49: =E$9 * (0.02585197053849697 -E$8) -> 0 | F49: =F$9 * (4.715826034545898 -F$8) -> 0 | G49: =G$9 * (5.581258773803711 -G$8) -> 0
A50: =A$9 * (9.750447273254395 -A$8) -> 0 | B50: =B$9 * (9.750447273254395 -B$8) -> 0 | C50: =C$9 * (9.750447273254395 -C$8) -> 0 | E50: =E$9 * (0.01084537990391254 -E$8) -> 0 | F50: =F$9 * (3.924510955810547 -F$8) -> 0 | G50: =G$9 * (7.205574989318848 -G$8) -> 0
A51: =A$9 * (10.00028610229492 -A$8) -> 0 | B51: =B$9 * (10.00028610229492 -B$8) -> 0 | C51: =C$9 * (10.00028610229492 -C$8) -> 0 | E51: =E$9 * (0.01188198011368513 -E$8) -> 0 | F51: =F$9 * (2.040620088577271 -F$8) -> 0 | G51: =G$9 * (3.431504011154175 -G$8) -> 0
A52: =A$9 * (10.25046348571777 -A$8) -> 0 | B52: =B$9 * (10.25046348571777 -B$8) -> 0 | C52: =C$9 * (10.25046348571777 -C$8) -> 0 | E52: =E$9 * (0.01310050021857023 -E$8) -> 0 | F52: =F$9 * (3.529619932174683 -F$8) -> 0 | G52: =G$9 * (5.757116794586182 -G$8) -> 0
A53: =A$9 * (10.50020027160645 -A$8) -> 0 | B53: =B$9 * (10.50020027160645 -B$8) -> 0 | C53: =C$9 * (10.50020027160645 -C$8) -> 0 | E53: =E$9 * (0.005820699967443943 -E$8) -> 0 | F53: =F$9 * (2.222565889358521 -F$8) -> 0 | G53: =G$9 * (6.095945835113525 -G$8) -> 0
A54: =A$9 * (10.75005531311035 -A$8) -> 0 | B54: =B$9 * (10.75005531311035 -B$8) -> 0 | C54: =C$9 * (10.75005531311035 -C$8) -> 0 | E54: =E$9 * (-0.001756501966156065 -E$8) -> 0 | F54: =F$9 * (-1.107017993927002 -F$8) -> 0 | G54: =G$9 * (0.05151451006531715 -G$8) -> 0
A55: =A$9 * (11.00014686584473 -A$8) -> 0 | B55: =B$9 * (11.00014686584473 -B$8) -> 0 | C55: =C$9 * (11.00014686584473 -C$8) -> 0 | E55: =E$9 * (-0.0009898778516799212 -E$8) -> 0 | F55: =F$9 * (-1.142048954963684 -F$8) -> 0 | G55: =G$9 * (0.2333984971046448 -G$8) -> 0
A56: =A$9 * (11.25011920928955 -A$8) -> 0 | B56: =B$9 * (11.25011920928955 -B$8) -> 0 | C56: =C$9 * (11.25011920928955 -C$8) -> 0 | E56: =E$9 * (-0.0007357546710409224 -E$8) -> 0 | F56: =F$9 * (-0.5251643061637878 -F$8) -> 0 | G56: =G$9 * (-0.06127594038844109 -G$8) -> 0
A57: =A$9 * (11.50009155273438 -A$8) -> 0 | B57: =B$9 * (11.50009155273438 -B$8) -> 0 | C57: =C$9 * (11.50009155273438 -C$8) -> 0 | E57: =E$9 * (-0.0009320419048890471 -E$8) -> 0 | F57: =F$9 * (-1.257761001586914 -F$8) -> 0 | G57: =G$9 * (0.8975511193275452 -G$8) -> 0
A58: =A$9 * (11.75016975402832 -A$8) -> 0 | B58: =B$9 * (11.75016975402832 -B$8) -> 0 | C58: =C$9 * (11.75016975402832 -C$8) -> 0 | E58: =E$9 * (-0.0007337533170357347 -E$8) -> 0 | F58: =F$9 * (-0.5358467102050781 -F$8) -> 0 | G58: =G$9 * (0.06150135025382042 -G$8) -> 0
A59: =A$9 * (12.00040245056152 -A$8) -> 0 | B59: =B$9 * (12.00040245056152 -B$8) -> 0 | C59: =C$9 * (12.00040245056152 -C$8) -> 0 | E59: =E$9 * (-0.0007549707079306245 -E$8) -> 0 | F59: =F$9 * (-0.5098140835762024 -F$8) -> 0 | G59: =G$9 * (-0.06020957976579666 -G$8) -> 0
A60: =A$9 * (12.25017738342285 -A$8) -> 0 | B60: =B$9 * (12.25017738342285 -B$8) -> 0 | C60: =C$9 * (12.25017738342285 -C$8) -> 0 | E60: =E$9 * (0.08314944803714752 -E$8) -> 0 | F60: =F$9 * (3.582226991653442 -F$8) -> 0 | G60: =G$9 * (3.726149082183838 -G$8) -> 0
A61: =A$9 * (12.50063323974609 -A$8) -> 0 | B61: =B$9 * (12.50063323974609 -B$8) -> 0 | C61: =C$9 * (12.50063323974609 -C$8) -> 0 | E61: =E$9 * (0.02778331004083157 -E$8) -> 0 | F61: =F$9 * (4.168944835662842 -F$8) -> 0 | G61: =G$9 * (4.74252986907959 -G$8) -> 0
A62: =A$9 * (12.75024127960205 -A$8) -> 0 | B62: =B$9 * (12.75024127960205 -B$8) -> 0 | C62: =C$9 * (12.75024127960205 -C$8) -> 0 | E62: =E$9 * (0.03615257889032364 -E$8) -> 0 | F62: =F$9 * (3.818006992340088 -F$8) -> 0 | G62: =G$9 * (4.022243022918701 -G$8) -> 0
A63: =A$9 * (13.0001277923584 -A$8) -> 0 | B63: =B$9 * (13.0001277923584 -B$8) -> 0 | C63: =C$9 * (13.0001277923584 -C$8) -> 0 | E63: =E$9 * (0.01181547995656729 -E$8) -> 0 | F63: =F$9 * (4.167640209197998 -F$8) -> 0 | G63: =G$9 * (7.289347171783447 -G$8) -> 0
A64: =A$9 * (13.25046634674072 -A$8) -> 0 | B64: =B$9 * (13.25046634674072 -B$8) -> 0 | C64: =C$9 * (13.25046634674072 -C$8) -> 0 | E64: =E$9 * (0.01165654975920916 -E$8) -> 0 | F64: =F$9 * (2.291493892669678 -F$8) -> 0 | G64: =G$9 * (3.919400930404663 -G$8) -> 0
A65: =A$9 * (13.50045585632324 -A$8) -> 0 | B65: =B$9 * (13.50045585632324 -B$8) -> 0 | C65: =C$9 * (13.50045585632324 -C$8) -> 0 | E65: =E$9 * (0.01600009016692638 -E$8) -> 0 | F65: =F$9 * (3.08105206489563 -F$8) -> 0 | G65: =G$9 * (4.470943927764893 -G$8) -> 0
A66: =A$9 * (13.75008583068848 -A$8) -> 0 | B66: =B$9 * (13.75008583068848 -B$8) -> 0 | C66: =C$9 * (13.75008583068848 -C$8) -> 0 | E66: =E$9 * (0.005795200821012259 -E$8) -> 0 | F66: =F$9 * (2.393374919891357 -F$8) -> 0 | G66: =G$9 * (6.624621868133545 -G$8) -> 0
A67: =A$9 * (14.00021362304688 -A$8) -> 0 | B67: =B$9 * (14.00021362304688 -B$8) -> 0 | C67: =C$9 * (14.00021362304688 -C$8) -> 0 | E67: =E$9 * (-0.0003187306865584105 -E$8) -> 0 | F67: =F$9 * (-0.6642025113105774 -F$8) -> 0 | G67: =G$9 * (1.123363971710205 -G$8) -> 0
A68: =A$9 * (14.25052261352539 -A$8) -> 0 | B68: =B$9 * (14.25052261352539 -B$8) -> 0 | C68: =C$9 * (14.25052261352539 -C$8) -> 0 | E68: =E$9 * (-0.0008596801781095564 -E$8) -> 0 | F68: =F$9 * (-0.6536172032356262 -F$8) -> 0 | G68: =G$9 * (0.1651619970798492 -G$8) -> 0
A69: =A$9 * (14.5003080368042 -A$8) -> 0 | B69: =B$9 * (14.5003080368042 -B$8) -> 0 | C69: =C$9 * (14.5003080368042 -C$8) -> 0 | E69: =E$9 * (-0.001986860996112227 -E$8) -> 0 | F69: =F$9 * (-0.5776190757751465 -F$8) -> 0 | G69: =G$9 * (-1.09579598903656 -G$8) -> 0
A70: =A$9 * (14.75031661987305 -A$8) -> 0 | B70: =B$9 * (14.75031661987305 -B$8) -> 0 | C70: =C$9 * (14.75031661987305 -C$8) -> 0 | E70: =E$9 * (-0.0008880278910510242 -E$8) -> 0 | F70: =F$9 * (-0.8945558071136475 -F$8) -> 0 | G70: =G$9 * (0.5528563857078552 -G$8) -> 0
A71: =A$9 * (15.00020313262939 -A$8) -> 0 | B71: =B$9 * (15.00020313262939 -B$8) -> 0 | C71: =C$9 * (15.00020313262939 -C$8) -> 0 | E71: =E$9 * (-0.0009645718964748085 -E$8) -> 0 | F71: =F$9 * (-0.7830619215965271 -F$8) -> 0 | G71: =G$9 * (-0.1928994059562683 -G$8) -> 0
A72: =A$9 * (15.25058650970459 -A$8) -> 0 | B72: =B$9 * (15.25058650970459 -B$8) -> 0 | C72: =C$9 * (15.25058650970459 -C$8) -> 0 | E72: =E$9 * (-0.0004067556001245975 -E$8) -> 0 | F72: =F$9 * (-0.4062618911266327 -F$8) -> 0 | G72: =G$9 * (0.07342193275690079 -G$8) -> 0
A73: =A$9 * (15.50090312957764 -A$8) -> 0 | B73: =B$9 * (15.50090312957764 -B$8) -> 0 | C73: =C$9 * (15.50090312957764 -C$8) -> 0 | E73: =E$9 * (0.01507569011300802 -E$8) -> 0 | F73: =F$9 * (0.4869278967380524 -F$8) -> 0 | G73: =G$9 * (0.6174963116645813 -G$8) -> 0
A74: =A$9 * (15.75045299530029 -A$8) -> 0 | B74: =B$9 * (15.75045299530029 -B$8) -> 0 | C74: =C$9 * (15.75045299530029 -C$8) -> 0 | E74: =E$9 * (0.005242086946964264 -E$8) -> 0 | F74: =F$9 * (2.957921981811523 -F$8) -> 0 | G74: =G$9 * (10.04862022399902 -G$8) -> 0
A75: =A$9 * (16.00020790100098 -A$8) -> 0 | B75: =B$9 * (16.00020790100098 -B$8) -> 0 | C75: =C$9 * (16.00020790100098 -C$8) -> 0 | E75: =E$9 * (0.03149617835879326 -E$8) -> 0 | F75: =F$9 * (3.150520086288452 -F$8) -> 0 | G75: =G$9 * (3.331532955169678 -G$8) -> 0
A76: =A$9 * (16.25048065185547 -A$8) -> 0 | B76: =B$9 * (16.25048065185547 -B$8) -> 0 | C76: =C$9 * (16.25048065185547 -C$8) -> 0 | E76: =E$9 * (0.01476943958550692 -E$8) -> 0 | F76: =F$9 * (4.653357982635498 -F$8) -> 0 | G76: =G$9 * (7.211729049682617 -G$8) -> 0
A77: =A$9 * (16.50031089782715 -A$8) -> 0 | B77: =B$9 * (16.50031089782715 -B$8) -> 0 | C77: =C$9 * (16.50031089782715 -C$8) -> 0 | E77: =E$9 * (0.009660527110099792 -E$8) -> 0 | F77: =F$9 * (3.317811965942383 -F$8) -> 0 | G77: =G$9 * (6.511422157287598 -G$8) -> 0
A78: =A$9 * (16.75016403198242 -A$8) -> 0 | B78: =B$9 * (16.75016403198242 -B$8) -> 0 | C78: =C$9 * (16.75016403198242 -C$8) -> 0 | E78: =E$9 * (0.01386594958603382 -E$8) -> 0 | F78: =F$9 * (2.311589956283569 -F$8) -> 0 | G78: =G$9 * (3.574697971343994 -G$8) -> 0
A79: =A$9 * (17.00008964538574 -A$8) -> 0 | B79: =B$9 * (17.00008964538574 -B$8) -> 0 | C79: =C$9 * (17.00008964538574 -C$8) -> 0 | E79: =E$9 * (0.007585903163999319 -E$8) -> 0 | F79: =F$9 * (3.029470920562744 -F$8) -> 0 | G79: =G$9 * (6.960787773132324 -G$8) -> 0
A80: =A$9 * (17.25002861022949 -A$8) -> 0 | B80: =B$9 * (17.25002861022949 -B$8) -> 0 | C80: =C$9 * (17.25002861022949 -C$8) -> 0 | E80: =E$9 * (0.003405559109523892 -E$8) -> 0 | F80: =F$9 * (0.8920184969902039 -F$8) -> 0 | G80: =G$9 * (3.630079030990601 -G$8) -> 0
A81: =A$9 * (17.50037002563477 -A$8) -> 0 | B81: =B$9 * (17.50037002563477 -B$8) -> 0 | C81: =C$9 * (17.50037002563477 -C$8) -> 0 | E81: =E$9 * (0.0004024633963126689 -E$8) -> 0 | F81: =F$9 * (-0.9611753821372986 -F$8) -> 0 | G81: =G$9 * (1.076800942420959 -G$8) -> 0
A82: =A$9 * (17.75028419494629 -A$8) -> 0 | B82: =B$9 * (17.75028419494629 -B$8) -> 0 | C82: =C$9 * (17.75028419494629 -C$8) -> 0 | E82: =E$9 * (-0.001109155942685902 -E$8) -> 0 | F82: =F$9 * (-0.8373773097991943 -F$8) -> 0 | G82: =G$9 * (0.07795193046331406 -G$8) -> 0
A83: =A$9 * (18.00027275085449 -A$8) -> 0 | B83: =B$9 * (18.00027275085449 -B$8) -> 0 | C83: =C$9 * (18.00027275085449 -C$8) -> 0 | E83: =E$9 * (-0.0005371589795686305 -E$8) -> 0 | F83: =F$9 * (-0.3162846863269806 -F$8) -> 0 | G83: =G$9 * (0.01324902009218931 -G$8) -> 0
A84: =A$9 * (18.25046730041504 -A$8) -> 0 | B84: =B$9 * (18.25046730041504 -B$8) -> 0 | C84: =C$9 * (18.25046730041504 -C$8) -> 0 | E84: =E$9 * (-0.0008760961936786771 -E$8) -> 0 | F84: =F$9 * (-0.4173963069915771 -F$8) -> 0 | G84: =G$9 * (-0.2618806958198547 -G$8) -> 0
A85: =A$9 * (18.50070762634277 -A$8) -> 0 | B85: =B$9 * (18.50070762634277 -B$8) -> 0 | C85: =C$9 * (18.50070762634277 -C$8) -> 0 | E85: =E$9 * (-0.00058364198775962 -E$8) -> 0 | F85: =F$9 * (-0.2400979995727539 -F$8) -> 0 | G85: =G$9 * (-0.1742841005325317 -G$8) -> 0
A86: =A$9 * (18.75052833557129 -A$8) -> 0 | B86: =B$9 * (18.75052833557129 -B$8) -> 0 | C86: =C$9 * (18.75052833557129 -C$8) -> 0 | E86: =E$9 * (-0.0002860038075596094 -E$8) -> 0 | F86: =F$9 * (-1.480898976325989 -F$8) -> 0 | G86: =G$9 * (1.829807043075562 -G$8) -> 0
A87: =A$9 * (19.00079536437988 -A$8) -> 0 | B87: =B$9 * (19.00079536437988 -B$8) -> 0 | C87: =C$9 * (19.00079536437988 -C$8) -> 0 | E87: =E$9 * (0.0615907795727253 -E$8) -> 0 | F87: =F$9 * (4.991363048553467 -F$8) -> 0 | G87: =G$9 * (5.206499099731445 -G$8) -> 0
A88: =A$9 * (19.25055503845215 -A$8) -> 0 | B88: =B$9 * (19.25055503845215 -B$8) -> 0 | C88: =C$9 * (19.25055503845215 -C$8) -> 0 | E88: =E$9 * (0.03040147945284843 -E$8) -> 0 | F88: =F$9 * (3.956918001174927 -F$8) -> 0 | G88: =G$9 * (4.304807186126709 -G$8) -> 0
A89: =A$9 * (19.50068283081055 -A$8) -> 0 | B89: =B$9 * (19.50068283081055 -B$8) -> 0 | C89: =C$9 * (19.50068283081055 -C$8) -> 0 | E89: =E$9 * (0.03157829120755196 -E$8) -> 0 | F89: =F$9 * (4.547473907470703 -F$8) -> 0 | G89: =G$9 * (4.934607982635498 -G$8) -> 0
A90: =A$9 * (19.75021934509277 -A$8) -> 0 | B90: =B$9 * (19.75021934509277 -B$8) -> 0 | C90: =C$9 * (19.75021934509277 -C$8) -> 0 | E90: =E$9 * (0.01145827025175095 -E$8) -> 0 | F90: =F$9 * (4.065557956695557 -F$8) -> 0 | G90: =G$9 * (7.240421772003174 -G$8) -> 0
A91: =A$9 * (20.00015258789062 -A$8) -> 0 | B91: =B$9 * (20.00015258789062 -B$8) -> 0 | C91: =C$9 * (20.00015258789062 -C$8) -> 0 | E91: =E$9 * (0.01217645034193993 -E$8) -> 0 | F91: =F$9 * (2.1808180809021 -F$8) -> 0 | G91: =G$9 * (3.626126050949097 -G$8) -> 0
A92: =A$9 * (20.25033569335938 -A$8) -> 0 | B92: =B$9 * (20.25033569335938 -B$8) -> 0 | C92: =C$9 * (20.25033569335938 -C$8) -> 0 | E92: =E$9 * (0.01403243001550436 -E$8) -> 0 | F92: =F$9 * (3.440331935882568 -F$8) -> 0 | G92: =G$9 * (5.393979072570801 -G$8) -> 0
A93: =A$9 * (20.50015640258789 -A$8) -> 0 | B93: =B$9 * (20.50015640258789 -B$8) -> 0 | C93: =C$9 * (20.50015640258789 -C$8) -> 0 | E93: =E$9 * (0.006014525890350342 -E$8) -> 0 | F93: =F$9 * (2.306022882461548 -F$8) -> 0 | G93: =G$9 * (6.19121789932251 -G$8) -> 0
A94: =A$9 * (20.75014686584473 -A$8) -> 0 | B94: =B$9 * (20.75014686584473 -B$8) -> 0 | C94: =C$9 * (20.75014686584473 -C$8) -> 0 | E94: =E$9 * (-0.0005991418729536235 -E$8) -> 0 | F94: =F$9 * (-0.2910315096378326 -F$8) -> 0 | G94: =G$9 * (-0.1346700936555862 -G$8) -> 0
A95: =A$9 * (21.00001907348633 -A$8) -> 0 | B95: =B$9 * (21.00001907348633 -B$8) -> 0 | C95: =C$9 * (21.00001907348633 -C$8) -> 0 | E95: =E$9 * (-0.00216390797868371 -E$8) -> 0 | F95: =F$9 * (-0.3688583076000214 -F$8) -> 0 | G95: =G$9 * (-1.673251986503601 -G$8) -> 0
A96: =A$9 * (21.25065040588379 -A$8) -> 0 | B96: =B$9 * (21.25065040588379 -B$8) -> 0 | C96: =C$9 * (21.25065040588379 -C$8) -> 0 | E96: =E$9 * (-0.0006681937957182527 -E$8) -> 0 | F96: =F$9 * (-1.112702965736389 -F$8) -> 0 | G96: =G$9 * (1.201568007469177 -G$8) -> 0
A97: =A$9 * (21.50035858154297 -A$8) -> 0 | B97: =B$9 * (21.50035858154297 -B$8) -> 0 | C97: =C$9 * (21.50035858154297 -C$8) -> 0 | E97: =E$9 * (-0.001309563056565821 -E$8) -> 0 | F97: =F$9 * (-0.5380327105522156 -F$8) -> 0 | G97: =G$9 * (-0.6153125166893005 -G$8) -> 0
A98: =A$9 * (21.75038528442383 -A$8) -> 0 | B98: =B$9 * (21.75038528442383 -B$8) -> 0 | C98: =C$9 * (21.75038528442383 -C$8) -> 0 | E98: =E$9 * (-5.505479930434376E-5 -E$8) -> 0 | F98: =F$9 * (-0.3823797106742859 -F$8) -> 0 | G98: =G$9 * (0.3304229974746704 -G$8) -> 0
A99: =A$9 * (22.00012016296387 -A$8) -> 0 | B99: =B$9 * (22.00012016296387 -B$8) -> 0 | C99: =C$9 * (22.00012016296387 -C$8) -> 0 | E99: =E$9 * (-0.001253706985153258 -E$8) -> 0 | F99: =F$9 * (-0.4819310009479523 -F$8) -> 0 | G99: =G$9 * (-0.3099533021450043 -G$8) -> 0
A100: =A$9 * (22.25033378601074 -A$8) -> 0 | B100: =B$9 * (22.25033378601074 -B$8) -> 0 | C100: =C$9 * (22.25033378601074 -C$8) -> 0 | E100: =E$9 * (0.07127867639064789 -E$8) -> 0 | F100: =F$9 * (2.937585115432739 -F$8) -> 0 | G100: =G$9 * (3.078955888748169 -G$8) -> 0
...
