Workbook

Sheet Legends
A1: VARIABLE | B1: LEGEND
A2: TREND___PT___(BARA)___OP1-US_CHOKE | B2: Pressure upstream choke
A3: TREND___PT___(BARA)___OP1-DS_CHOKE | B3: Pressure downstream choke

Sheet SIM1
A1: h | B1: h | D1: (BARA) | E1: (BARA)
A2: TIME1 | B2: TIME2 | D2: =Legends!B2 -> Pressure upstream choke | E2: =Legends!B3 -> Pressure downstream choke | G2: Report-2031_Oil_4500bopd_Liquid_4789blpd_5MMSCFD_GL_TD_Only_OP1_TCV_5pc.genkey
A3: =MIN($A$11:$A$299) -> 0 | B3: =MIN($B$11:$B$299) -> 0 | C3: Min | D3: =MIN($D$11:$D$299) -> 156.7196 | E3: =MIN($E$11:$E$299) -> 36.276642
A4: =MEDIAN($A$11:$A$299) -> 36.000221 | B4: =MEDIAN($B$11:$B$299) -> 36.000221 | C4: P50 | D4: =MEDIAN($D$11:$D$299) -> 156.79449 | E4: =MEDIAN($E$11:$E$299) -> 63.600632
A5: =MAX($A$11:$A$299) -> 72.000084 | B5: =MAX($B$11:$B$299) -> 72.000084 | C5: Max | D5: =MAX($D$11:$D$299) -> 156.80051 | E5: =MAX($E$11:$E$299) -> 71.296692
A6: =$A5-$A3 -> 72.000084 | B6: =$B5-$B3 -> 72.000084 | C6: Delta | D6: =$D5-$D3 -> 0.0809021 | E6: =$E5-$E3 -> 35.02005
A7: h | B7: h | D7: (BARA) | E7: (BARA)
A8: 0 | B8: 0 | C8: Offset | D8: 0 | E8: 0
A9: 1 | B9: 1 | C9: Scale | D9: 1 | E9: 1
A10: TIME1 | B10: TIME2 | D10: =Legends!B2 -> Pressure upstream choke | E10: =Legends!B3 -> Pressure downstream choke
A11: =A$9 * (0 -A$8) -> 0 | B11: =B$9 * (0 -B$8) -> 0 | D11: =D$9 * (156.740097045898 -D$8) -> 156.7401 | E11: =E$9 * (49.8292388916015 -E$8) -> 49.829239
A12: =A$9 * (0.250392377376556 -A$8) -> 0.25039238 | B12: =B$9 * (0.250392377376556 -B$8) -> 0.25039238 | D12: =D$9 * (156.719604492187 -D$8) -> 156.7196 | E12: =E$9 * (40.9013290405273 -E$8) -> 40.901329
A13: =A$9 * (0.500002801418304 -A$8) -> 0.5000028 | B13: =B$9 * (0.500002801418304 -B$8) -> 0.5000028 | D13: =D$9 * (156.800506591796 -D$8) -> 156.80051 | E13: =E$9 * (37.0190811157226 -E$8) -> 37.019081
A14: =A$9 * (0.750080525875091 -A$8) -> 0.75008053 | B14: =B$9 * (0.750080525875091 -B$8) -> 0.75008053 | D14: =D$9 * (156.794998168945 -D$8) -> 156.795 | E14: =E$9 * (37.3563613891601 -E$8) -> 37.356361
A15: =A$9 * (1.00001060962677 -A$8) -> 1.0000106 | B15: =B$9 * (1.00001060962677 -B$8) -> 1.0000106 | D15: =D$9 * (156.793701171875 -D$8) -> 156.7937 | E15: =E$9 * (36.2766418457031 -E$8) -> 36.276642
A16: =A$9 * (1.25021255016326 -A$8) -> 1.2502126 | B16: =B$9 * (1.25021255016326 -B$8) -> 1.2502126 | D16: =D$9 * (156.793395996093 -D$8) -> 156.7934 | E16: =E$9 * (42.7963981628418 -E$8) -> 42.796398
A17: =A$9 * (1.50015115737915 -A$8) -> 1.5001512 | B17: =B$9 * (1.50015115737915 -B$8) -> 1.5001512 | D17: =D$9 * (156.796295166015 -D$8) -> 156.7963 | E17: =E$9 * (53.8725891113281 -E$8) -> 53.872589
A18: =A$9 * (1.75008249282836 -A$8) -> 1.7500825 | B18: =B$9 * (1.75008249282836 -B$8) -> 1.7500825 | D18: =D$9 * (156.794494628906 -D$8) -> 156.79449 | E18: =E$9 * (64.9466705322265 -E$8) -> 64.946671
A19: =A$9 * (2.0003707408905 -A$8) -> 2.0003707 | B19: =B$9 * (2.0003707408905 -B$8) -> 2.0003707 | D19: =D$9 * (156.794494628906 -D$8) -> 156.79449 | E19: =E$9 * (69.5347137451171 -E$8) -> 69.534714
A20: =A$9 * (2.25034308433532 -A$8) -> 2.2503431 | B20: =B$9 * (2.25034308433532 -B$8) -> 2.2503431 | D20: =D$9 * (156.793502807617 -D$8) -> 156.7935 | E20: =E$9 * (62.0207595825195 -E$8) -> 62.02076
A21: =A$9 * (2.50008368492126 -A$8) -> 2.5000837 | B21: =B$9 * (2.50008368492126 -B$8) -> 2.5000837 | D21: =D$9 * (156.793792724609 -D$8) -> 156.79379 | E21: =E$9 * (64.1846618652343 -E$8) -> 64.184662
A22: =A$9 * (2.75025224685668 -A$8) -> 2.7502522 | B22: =B$9 * (2.75025224685668 -B$8) -> 2.7502522 | D22: =D$9 * (156.742294311523 -D$8) -> 156.74229 | E22: =E$9 * (71.2966918945312 -E$8) -> 71.296692
A23: =A$9 * (3.0002167224884 -A$8) -> 3.0002167 | B23: =B$9 * (3.0002167224884 -B$8) -> 3.0002167 | D23: =D$9 * (156.797698974609 -D$8) -> 156.7977 | E23: =E$9 * (68.5374221801757 -E$8) -> 68.537422
A24: =A$9 * (3.25043606758117 -A$8) -> 3.2504361 | B24: =B$9 * (3.25043606758117 -B$8) -> 3.2504361 | D24: =D$9 * (156.794601440429 -D$8) -> 156.7946 | E24: =E$9 * (64.1005477905273 -E$8) -> 64.100548
A25: =A$9 * (3.50005841255188 -A$8) -> 3.5000584 | B25: =B$9 * (3.50005841255188 -B$8) -> 3.5000584 | D25: =D$9 * (156.794204711914 -D$8) -> 156.7942 | E25: =E$9 * (64.2530364990234 -E$8) -> 64.253036
A26: =A$9 * (3.7503638267517 -A$8) -> 3.7503638 | B26: =B$9 * (3.7503638267517 -B$8) -> 3.7503638 | D26: =D$9 * (156.794601440429 -D$8) -> 156.7946 | E26: =E$9 * (67.1315536499023 -E$8) -> 67.131554
A27: =A$9 * (4.00066947937011 -A$8) -> 4.0006695 | B27: =B$9 * (4.00066947937011 -B$8) -> 4.0006695 | D27: =D$9 * (156.794296264648 -D$8) -> 156.7943 | E27: =E$9 * (65.0619201660156 -E$8) -> 65.06192
A28: =A$9 * (4.25060844421386 -A$8) -> 4.2506084 | B28: =B$9 * (4.25060844421386 -B$8) -> 4.2506084 | D28: =D$9 * (156.794799804687 -D$8) -> 156.7948 | E28: =E$9 * (61.8584899902343 -E$8) -> 61.85849
A29: =A$9 * (4.50008058547973 -A$8) -> 4.5000806 | B29: =B$9 * (4.50008058547973 -B$8) -> 4.5000806 | D29: =D$9 * (156.794799804687 -D$8) -> 156.7948 | E29: =E$9 * (63.3673706054687 -E$8) -> 63.367371
A30: =A$9 * (4.75010299682617 -A$8) -> 4.750103 | B30: =B$9 * (4.75010299682617 -B$8) -> 4.750103 | D30: =D$9 * (156.79490661621 -D$8) -> 156.79491 | E30: =E$9 * (65.3970870971679 -E$8) -> 65.397087
A31: =A$9 * (5.00012493133544 -A$8) -> 5.0001249 | B31: =B$9 * (5.00012493133544 -B$8) -> 5.0001249 | D31: =D$9 * (156.79490661621 -D$8) -> 156.79491 | E31: =E$9 * (63.8035812377929 -E$8) -> 63.803581
A32: =A$9 * (5.25014734268188 -A$8) -> 5.2501473 | B32: =B$9 * (5.25014734268188 -B$8) -> 5.2501473 | D32: =D$9 * (156.794799804687 -D$8) -> 156.7948 | E32: =E$9 * (61.6486892700195 -E$8) -> 61.648689
A33: =A$9 * (5.50016927719116 -A$8) -> 5.5001693 | B33: =B$9 * (5.50016927719116 -B$8) -> 5.5001693 | D33: =D$9 * (156.794692993164 -D$8) -> 156.79469 | E33: =E$9 * (63.4968185424804 -E$8) -> 63.496819
A34: =A$9 * (5.75019168853759 -A$8) -> 5.7501917 | B34: =B$9 * (5.75019168853759 -B$8) -> 5.7501917 | D34: =D$9 * (156.794494628906 -D$8) -> 156.79449 | E34: =E$9 * (64.9329071044921 -E$8) -> 64.932907
A35: =A$9 * (6.00021409988403 -A$8) -> 6.0002141 | B35: =B$9 * (6.00021409988403 -B$8) -> 6.0002141 | D35: =D$9 * (156.794296264648 -D$8) -> 156.7943 | E35: =E$9 * (63.5789413452148 -E$8) -> 63.578941
A36: =A$9 * (6.25023603439331 -A$8) -> 6.250236 | B36: =B$9 * (6.25023603439331 -B$8) -> 6.250236 | D36: =D$9 * (156.79409790039 -D$8) -> 156.7941 | E36: =E$9 * (61.8893890380859 -E$8) -> 61.889389
A37: =A$9 * (6.50025558471679 -A$8) -> 6.5002556 | B37: =B$9 * (6.50025558471679 -B$8) -> 6.5002556 | D37: =D$9 * (156.794006347656 -D$8) -> 156.79401 | E37: =E$9 * (63.6680908203125 -E$8) -> 63.668091
A38: =A$9 * (6.75027799606323 -A$8) -> 6.750278 | B38: =B$9 * (6.75027799606323 -B$8) -> 6.750278 | D38: =D$9 * (156.794006347656 -D$8) -> 156.79401 | E38: =E$9 * (64.6754989624023 -E$8) -> 64.675499
A39: =A$9 * (7.00029993057251 -A$8) -> 7.0002999 | B39: =B$9 * (7.00029993057251 -B$8) -> 7.0002999 | D39: =D$9 * (156.79409790039 -D$8) -> 156.7941 | E39: =E$9 * (63.5291290283203 -E$8) -> 63.529129
A40: =A$9 * (7.25032234191894 -A$8) -> 7.2503223 | B40: =B$9 * (7.25032234191894 -B$8) -> 7.2503223 | D40: =D$9 * (156.794204711914 -D$8) -> 156.7942 | E40: =E$9 * (62.587791442871 -E$8) -> 62.587791
A41: =A$9 * (7.50034427642822 -A$8) -> 7.5003443 | B41: =B$9 * (7.50034427642822 -B$8) -> 7.5003443 | D41: =D$9 * (156.794403076171 -D$8) -> 156.7944 | E41: =E$9 * (63.7229499816894 -E$8) -> 63.72295
A42: =A$9 * (7.75036668777465 -A$8) -> 7.7503667 | B42: =B$9 * (7.75036668777465 -B$8) -> 7.7503667 | D42: =D$9 * (156.794601440429 -D$8) -> 156.7946 | E42: =E$9 * (64.368049621582 -E$8) -> 64.36805
A43: =A$9 * (8.00038909912109 -A$8) -> 8.0003891 | B43: =B$9 * (8.00038909912109 -B$8) -> 8.0003891 | D43: =D$9 * (156.794692993164 -D$8) -> 156.79469 | E43: =E$9 * (63.4913482666015 -E$8) -> 63.491348
A44: =A$9 * (8.25041103363037 -A$8) -> 8.250411 | B44: =B$9 * (8.25041103363037 -B$8) -> 8.250411 | D44: =D$9 * (156.794799804687 -D$8) -> 156.7948 | E44: =E$9 * (62.9167289733886 -E$8) -> 62.916729
A45: =A$9 * (8.50043296813964 -A$8) -> 8.500433 | B45: =B$9 * (8.50043296813964 -B$8) -> 8.500433 | D45: =D$9 * (156.79490661621 -D$8) -> 156.79491 | E45: =E$9 * (63.7425384521484 -E$8) -> 63.742538
A46: =A$9 * (8.75045585632324 -A$8) -> 8.7504559 | B46: =B$9 * (8.75045585632324 -B$8) -> 8.7504559 | D46: =D$9 * (156.794799804687 -D$8) -> 156.7948 | E46: =E$9 * (64.1270599365234 -E$8) -> 64.12706
A47: =A$9 * (9.00047779083252 -A$8) -> 9.0004778 | B47: =B$9 * (9.00047779083252 -B$8) -> 9.0004778 | D47: =D$9 * (156.794692993164 -D$8) -> 156.79469 | E47: =E$9 * (63.4410285949707 -E$8) -> 63.441029
A48: =A$9 * (9.25049972534179 -A$8) -> 9.2504997 | B48: =B$9 * (9.25049972534179 -B$8) -> 9.2504997 | D48: =D$9 * (156.794494628906 -D$8) -> 156.79449 | E48: =E$9 * (63.083080291748 -E$8) -> 63.08308
A49: =A$9 * (9.50052261352539 -A$8) -> 9.5005226 | B49: =B$9 * (9.50052261352539 -B$8) -> 9.5005226 | D49: =D$9 * (156.794296264648 -D$8) -> 156.7943 | E49: =E$9 * (63.7071685791015 -E$8) -> 63.707169
A50: =A$9 * (9.75054454803466 -A$8) -> 9.7505445 | B50: =B$9 * (9.75054454803466 -B$8) -> 9.7505445 | D50: =D$9 * (156.79409790039 -D$8) -> 156.7941 | E50: =E$9 * (63.9379501342773 -E$8) -> 63.93795
A51: =A$9 * (10.0005664825439 -A$8) -> 10.000566 | B51: =B$9 * (10.0005664825439 -B$8) -> 10.000566 | D51: =D$9 * (156.794006347656 -D$8) -> 156.79401 | E51: =E$9 * (63.412670135498 -E$8) -> 63.41267
A52: =A$9 * (10.2505884170532 -A$8) -> 10.250588 | B52: =B$9 * (10.2505884170532 -B$8) -> 10.250588 | D52: =D$9 * (156.794006347656 -D$8) -> 156.79401 | E52: =E$9 * (63.2014083862304 -E$8) -> 63.201408
A53: =A$9 * (10.5006084442138 -A$8) -> 10.500608 | B53: =B$9 * (10.5006084442138 -B$8) -> 10.500608 | D53: =D$9 * (156.79409790039 -D$8) -> 156.7941 | E53: =E$9 * (63.6896209716796 -E$8) -> 63.689621
A54: =A$9 * (10.7506303787231 -A$8) -> 10.75063 | B54: =B$9 * (10.7506303787231 -B$8) -> 10.75063 | D54: =D$9 * (156.794204711914 -D$8) -> 156.7942 | E54: =E$9 * (63.8163681030273 -E$8) -> 63.816368
A55: =A$9 * (11.0006523132324 -A$8) -> 11.000652 | B55: =B$9 * (11.0006523132324 -B$8) -> 11.000652 | D55: =D$9 * (156.794403076171 -D$8) -> 156.7944 | E55: =E$9 * (63.41402053833 -E$8) -> 63.414021
A56: =A$9 * (11.2500162124633 -A$8) -> 11.250016 | B56: =B$9 * (11.2500162124633 -B$8) -> 11.250016 | D56: =D$9 * (156.794403076171 -D$8) -> 156.7944 | E56: =E$9 * (63.3031692504882 -E$8) -> 63.303169
A57: =A$9 * (11.5000391006469 -A$8) -> 11.500039 | B57: =B$9 * (11.5000391006469 -B$8) -> 11.500039 | D57: =D$9 * (156.794601440429 -D$8) -> 156.7946 | E57: =E$9 * (63.6658592224121 -E$8) -> 63.665859
A58: =A$9 * (11.7500610351562 -A$8) -> 11.750061 | B58: =B$9 * (11.7500610351562 -B$8) -> 11.750061 | D58: =D$9 * (156.794692993164 -D$8) -> 156.79469 | E58: =E$9 * (63.7345008850097 -E$8) -> 63.734501
A59: =A$9 * (12.0000829696655 -A$8) -> 12.000083 | B59: =B$9 * (12.0000829696655 -B$8) -> 12.000083 | D59: =D$9 * (156.794799804687 -D$8) -> 156.7948 | E59: =E$9 * (63.4298706054687 -E$8) -> 63.429871
A60: =A$9 * (12.2501058578491 -A$8) -> 12.250106 | B60: =B$9 * (12.2501058578491 -B$8) -> 12.250106 | D60: =D$9 * (156.79490661621 -D$8) -> 156.79491 | E60: =E$9 * (63.3702011108398 -E$8) -> 63.370201
A61: =A$9 * (12.5001249313354 -A$8) -> 12.500125 | B61: =B$9 * (12.5001249313354 -B$8) -> 12.500125 | D61: =D$9 * (156.794799804687 -D$8) -> 156.7948 | E61: =E$9 * (63.6462707519531 -E$8) -> 63.646271
A62: =A$9 * (12.7501468658447 -A$8) -> 12.750147 | B62: =B$9 * (12.7501468658447 -B$8) -> 12.750147 | D62: =D$9 * (156.794692993164 -D$8) -> 156.79469 | E62: =E$9 * (63.6687889099121 -E$8) -> 63.668789
A63: =A$9 * (13.0001697540283 -A$8) -> 13.00017 | B63: =B$9 * (13.0001697540283 -B$8) -> 13.00017 | D63: =D$9 * (156.794494628906 -D$8) -> 156.79449 | E63: =E$9 * (63.4446601867675 -E$8) -> 63.44466
A64: =A$9 * (13.2501916885376 -A$8) -> 13.250192 | B64: =B$9 * (13.2501916885376 -B$8) -> 13.250192 | D64: =D$9 * (156.794296264648 -D$8) -> 156.7943 | E64: =E$9 * (63.4278907775878 -E$8) -> 63.427891
A65: =A$9 * (13.5002136230468 -A$8) -> 13.500214 | B65: =B$9 * (13.5002136230468 -B$8) -> 13.500214 | D65: =D$9 * (156.79409790039 -D$8) -> 156.7941 | E65: =E$9 * (63.6358299255371 -E$8) -> 63.63583
A66: =A$9 * (13.7502365112304 -A$8) -> 13.750237 | B66: =B$9 * (13.7502365112304 -B$8) -> 13.750237 | D66: =D$9 * (156.794006347656 -D$8) -> 156.79401 | E66: =E$9 * (63.6300392150878 -E$8) -> 63.630039
A67: =A$9 * (14.0002584457397 -A$8) -> 14.000258 | B67: =B$9 * (14.0002584457397 -B$8) -> 14.000258 | D67: =D$9 * (156.794006347656 -D$8) -> 156.79401 | E67: =E$9 * (63.4621696472168 -E$8) -> 63.46217
A68: =A$9 * (14.250280380249 -A$8) -> 14.25028 | B68: =B$9 * (14.250280380249 -B$8) -> 14.25028 | D68: =D$9 * (156.79409790039 -D$8) -> 156.7941 | E68: =E$9 * (63.4664192199707 -E$8) -> 63.466419
A69: =A$9 * (14.5003023147583 -A$8) -> 14.500302 | B69: =B$9 * (14.5003023147583 -B$8) -> 14.500302 | D69: =D$9 * (156.794204711914 -D$8) -> 156.7942 | E69: =E$9 * (63.6223983764648 -E$8) -> 63.622398
A70: =A$9 * (14.7503252029418 -A$8) -> 14.750325 | B70: =B$9 * (14.7503252029418 -B$8) -> 14.750325 | D70: =D$9 * (156.794403076171 -D$8) -> 156.7944 | E70: =E$9 * (63.6136283874511 -E$8) -> 63.613628
A71: =A$9 * (15.0003471374511 -A$8) -> 15.000347 | B71: =B$9 * (15.0003471374511 -B$8) -> 15.000347 | D71: =D$9 * (156.794601440429 -D$8) -> 156.7946 | E71: =E$9 * (63.4906501770019 -E$8) -> 63.49065
A72: =A$9 * (15.2503690719604 -A$8) -> 15.250369 | B72: =B$9 * (15.2503690719604 -B$8) -> 15.250369 | D72: =D$9 * (156.794799804687 -D$8) -> 156.7948 | E72: =E$9 * (63.5041007995605 -E$8) -> 63.504101
A73: =A$9 * (15.500391960144 -A$8) -> 15.500392 | B73: =B$9 * (15.500391960144 -B$8) -> 15.500392 | D73: =D$9 * (156.79490661621 -D$8) -> 156.79491 | E73: =E$9 * (63.6128807067871 -E$8) -> 63.612881
A74: =A$9 * (15.7504138946533 -A$8) -> 15.750414 | B74: =B$9 * (15.7504138946533 -B$8) -> 15.750414 | D74: =D$9 * (156.79490661621 -D$8) -> 156.79491 | E74: =E$9 * (63.5923614501953 -E$8) -> 63.592361
A75: =A$9 * (16.0004367828369 -A$8) -> 16.000437 | B75: =B$9 * (16.0004367828369 -B$8) -> 16.000437 | D75: =D$9 * (156.794799804687 -D$8) -> 156.7948 | E75: =E$9 * (63.508430480957 -E$8) -> 63.50843
A76: =A$9 * (16.2504558563232 -A$8) -> 16.250456 | B76: =B$9 * (16.2504558563232 -B$8) -> 16.250456 | D76: =D$9 * (156.794692993164 -D$8) -> 156.79469 | E76: =E$9 * (63.528709411621 -E$8) -> 63.528709
A77: =A$9 * (16.5004768371582 -A$8) -> 16.500477 | B77: =B$9 * (16.5004768371582 -B$8) -> 16.500477 | D77: =D$9 * (156.794494628906 -D$8) -> 156.79449 | E77: =E$9 * (63.6017303466796 -E$8) -> 63.60173
A78: =A$9 * (16.7504997253418 -A$8) -> 16.7505 | B78: =B$9 * (16.7504997253418 -B$8) -> 16.7505 | D78: =D$9 * (156.794296264648 -D$8) -> 156.7943 | E78: =E$9 * (63.5769882202148 -E$8) -> 63.576988
A79: =A$9 * (17.0005226135253 -A$8) -> 17.000523 | B79: =B$9 * (17.0005226135253 -B$8) -> 17.000523 | D79: =D$9 * (156.79409790039 -D$8) -> 156.7941 | E79: =E$9 * (63.5107688903808 -E$8) -> 63.510769
A80: =A$9 * (17.2505435943603 -A$8) -> 17.250544 | B80: =B$9 * (17.2505435943603 -B$8) -> 17.250544 | D80: =D$9 * (156.794006347656 -D$8) -> 156.79401 | E80: =E$9 * (63.5349998474121 -E$8) -> 63.535
A81: =A$9 * (17.5005664825439 -A$8) -> 17.500566 | B81: =B$9 * (17.5005664825439 -B$8) -> 17.500566 | D81: =D$9 * (156.794006347656 -D$8) -> 156.79401 | E81: =E$9 * (63.6005592346191 -E$8) -> 63.600559
A82: =A$9 * (17.7505893707275 -A$8) -> 17.750589 | B82: =B$9 * (17.7505893707275 -B$8) -> 17.750589 | D82: =D$9 * (156.79409790039 -D$8) -> 156.7941 | E82: =E$9 * (63.569278717041 -E$8) -> 63.569279
A83: =A$9 * (18.0006103515625 -A$8) -> 18.00061 | B83: =B$9 * (18.0006103515625 -B$8) -> 18.00061 | D83: =D$9 * (156.794204711914 -D$8) -> 156.7942 | E83: =E$9 * (63.5305099487304 -E$8) -> 63.53051
A84: =A$9 * (18.250633239746 -A$8) -> 18.250633 | B84: =B$9 * (18.250633239746 -B$8) -> 18.250633 | D84: =D$9 * (156.794403076171 -D$8) -> 156.7944 | E84: =E$9 * (63.5564804077148 -E$8) -> 63.55648
A85: =A$9 * (18.5006561279296 -A$8) -> 18.500656 | B85: =B$9 * (18.5006561279296 -B$8) -> 18.500656 | D85: =D$9 * (156.794601440429 -D$8) -> 156.7946 | E85: =E$9 * (63.5943717956543 -E$8) -> 63.594372
A86: =A$9 * (18.7500171661377 -A$8) -> 18.750017 | B86: =B$9 * (18.7500171661377 -B$8) -> 18.750017 | D86: =D$9 * (156.794601440429 -D$8) -> 156.7946 | E86: =E$9 * (63.5729103088378 -E$8) -> 63.57291
A87: =A$9 * (19.0000381469726 -A$8) -> 19.000038 | B87: =B$9 * (19.0000381469726 -B$8) -> 19.000038 | D87: =D$9 * (156.794799804687 -D$8) -> 156.7948 | E87: =E$9 * (63.5438385009765 -E$8) -> 63.543839
A88: =A$9 * (19.2500610351562 -A$8) -> 19.250061 | B88: =B$9 * (19.2500610351562 -B$8) -> 19.250061 | D88: =D$9 * (156.79490661621 -D$8) -> 156.79491 | E88: =E$9 * (63.5583686828613 -E$8) -> 63.558369
A89: =A$9 * (19.5000839233398 -A$8) -> 19.500084 | B89: =B$9 * (19.5000839233398 -B$8) -> 19.500084 | D89: =D$9 * (156.79490661621 -D$8) -> 156.79491 | E89: =E$9 * (63.5853805541992 -E$8) -> 63.585381
A90: =A$9 * (19.7501049041748 -A$8) -> 19.750105 | B90: =B$9 * (19.7501049041748 -B$8) -> 19.750105 | D90: =D$9 * (156.794799804687 -D$8) -> 156.7948 | E90: =E$9 * (63.5758514404296 -E$8) -> 63.575851
A91: =A$9 * (20.0001277923584 -A$8) -> 20.000128 | B91: =B$9 * (20.0001277923584 -B$8) -> 20.000128 | D91: =D$9 * (156.794692993164 -D$8) -> 156.79469 | E91: =E$9 * (63.5500106811523 -E$8) -> 63.550011
A92: =A$9 * (20.2501506805419 -A$8) -> 20.250151 | B92: =B$9 * (20.2501506805419 -B$8) -> 20.250151 | D92: =D$9 * (156.794494628906 -D$8) -> 156.79449 | E92: =E$9 * (63.563190460205 -E$8) -> 63.56319
A93: =A$9 * (20.5001716613769 -A$8) -> 20.500172 | B93: =B$9 * (20.5001716613769 -B$8) -> 20.500172 | D93: =D$9 * (156.794296264648 -D$8) -> 156.7943 | E93: =E$9 * (63.5909690856933 -E$8) -> 63.590969
A94: =A$9 * (20.7501945495605 -A$8) -> 20.750195 | B94: =B$9 * (20.7501945495605 -B$8) -> 20.750195 | D94: =D$9 * (156.79409790039 -D$8) -> 156.7941 | E94: =E$9 * (63.5844001770019 -E$8) -> 63.5844
A95: =A$9 * (21.0002174377441 -A$8) -> 21.000217 | B95: =B$9 * (21.0002174377441 -B$8) -> 21.000217 | D95: =D$9 * (156.794006347656 -D$8) -> 156.79401 | E95: =E$9 * (63.5567207336425 -E$8) -> 63.556721
A96: =A$9 * (21.2502384185791 -A$8) -> 21.250238 | B96: =B$9 * (21.2502384185791 -B$8) -> 21.250238 | D96: =D$9 * (156.794006347656 -D$8) -> 156.79401 | E96: =E$9 * (63.5667381286621 -E$8) -> 63.566738
A97: =A$9 * (21.5002613067627 -A$8) -> 21.500261 | B97: =B$9 * (21.5002613067627 -B$8) -> 21.500261 | D97: =D$9 * (156.79409790039 -D$8) -> 156.7941 | E97: =E$9 * (63.586441040039 -E$8) -> 63.586441
A98: =A$9 * (21.7502841949462 -A$8) -> 21.750284 | B98: =B$9 * (21.7502841949462 -B$8) -> 21.750284 | D98: =D$9 * (156.794204711914 -D$8) -> 156.7942 | E98: =E$9 * (63.581199645996 -E$8) -> 63.5812
A99: =A$9 * (22.0003032684326 -A$8) -> 22.000303 | B99: =B$9 * (22.0003032684326 -B$8) -> 22.000303 | D99: =D$9 * (156.794403076171 -D$8) -> 156.7944 | E99: =E$9 * (63.5606803894043 -E$8) -> 63.56068
A100: =A$9 * (22.2503242492675 -A$8) -> 22.250324 | B100: =B$9 * (22.2503242492675 -B$8) -> 22.250324 | D100: =D$9 * (156.794601440429 -D$8) -> 156.7946 | E100: =E$9 * (63.572280883789 -E$8) -> 63.572281
...

Sheet SIM2
A1: h | B1: h | D1: (BARA) | E1: (BARA)
A2: TIME1 | B2: TIME2 | D2: =Legends!B2 -> Pressure upstream choke | E2: =Legends!B3 -> Pressure downstream choke | G2: Report-2031_Oil_4500bopd_Liquid_4789blpd_No_GL_TD_Only_OP1.genkey
A3: =MIN($A$11:$A$299) -> 0 | B3: =MIN($B$11:$B$299) -> 0 | C3: Min | D3: =MIN($D$11:$D$299) -> 156.28329 | E3: =MIN($E$11:$E$299) -> 34.045521
A4: =MEDIAN($A$11:$A$299) -> 36.000195 | B4: =MEDIAN($B$11:$B$299) -> 36.000195 | C4: P50 | D4: =MEDIAN($D$11:$D$299) -> 156.75841 | E4: =MEDIAN($E$11:$E$299) -> 66.431633
A5: =MAX($A$11:$A$299) -> 72.000168 | B5: =MAX($B$11:$B$299) -> 72.000168 | C5: Max | D5: =MAX($D$11:$D$299) -> 157.0332 | E5: =MAX($E$11:$E$299) -> 95.978729
A6: =$A5-$A3 -> 72.000168 | B6: =$B5-$B3 -> 72.000168 | C6: Delta | D6: =$D5-$D3 -> 0.74990845 | E6: =$E5-$E3 -> 61.933208
A7: h | B7: h | D7: (BARA) | E7: (BARA)
A8: 0 | B8: 0 | C8: Offset | D8: 0 | E8: 0
A9: 1 | B9: 1 | C9: Scale | D9: 1 | E9: 1
A10: TIME1 | B10: TIME2 | D10: =Legends!B2 -> Pressure upstream choke | E10: =Legends!B3 -> Pressure downstream choke
A11: =A$9 * (0 -A$8) -> 0 | B11: =B$9 * (0 -B$8) -> 0 | D11: =D$9 * (156.740097045898 -D$8) -> 156.7401 | E11: =E$9 * (49.8292388916015 -E$8) -> 49.829239
A12: =A$9 * (0.250369876623153 -A$8) -> 0.25036988 | B12: =B$9 * (0.250369876623153 -B$8) -> 0.25036988 | D12: =D$9 * (156.720596313476 -D$8) -> 156.7206 | E12: =E$9 * (39.7745704650878 -E$8) -> 39.77457
A13: =A$9 * (0.50034749507904 -A$8) -> 0.5003475 | B13: =B$9 * (0.50034749507904 -B$8) -> 0.5003475 | D13: =D$9 * (156.797897338867 -D$8) -> 156.7979 | E13: =E$9 * (36.9728889465332 -E$8) -> 36.972889
A14: =A$9 * (0.750366389751434 -A$8) -> 0.75036639 | B14: =B$9 * (0.750366389751434 -B$8) -> 0.75036639 | D14: =D$9 * (156.79490661621 -D$8) -> 156.79491 | E14: =E$9 * (36.6915702819824 -E$8) -> 36.69157
A15: =A$9 * (1.00027227401733 -A$8) -> 1.0002723 | B15: =B$9 * (1.00027227401733 -B$8) -> 1.0002723 | D15: =D$9 * (156.793701171875 -D$8) -> 156.7937 | E15: =E$9 * (44.4730911254882 -E$8) -> 44.473091
A16: =A$9 * (1.25033855438232 -A$8) -> 1.2503386 | B16: =B$9 * (1.25033855438232 -B$8) -> 1.2503386 | D16: =D$9 * (156.793792724609 -D$8) -> 156.79379 | E16: =E$9 * (53.8846206665039 -E$8) -> 53.884621
A17: =A$9 * (1.50031077861785 -A$8) -> 1.5003108 | B17: =B$9 * (1.50031077861785 -B$8) -> 1.5003108 | D17: =D$9 * (156.793502807617 -D$8) -> 156.7935 | E17: =E$9 * (63.2030296325683 -E$8) -> 63.20303
A18: =A$9 * (1.75039339065551 -A$8) -> 1.7503934 | B18: =B$9 * (1.75039339065551 -B$8) -> 1.7503934 | D18: =D$9 * (156.767105102539 -D$8) -> 156.76711 | E18: =E$9 * (72.660057067871 -E$8) -> 72.660057
A19: =A$9 * (2.00029850006103 -A$8) -> 2.0002985 | B19: =B$9 * (2.00029850006103 -B$8) -> 2.0002985 | D19: =D$9 * (157.033203125 -D$8) -> 157.0332 | E19: =E$9 * (81.8025207519531 -E$8) -> 81.802521
A20: =A$9 * (2.25022602081298 -A$8) -> 2.250226 | B20: =B$9 * (2.25022602081298 -B$8) -> 2.250226 | D20: =D$9 * (156.943496704101 -D$8) -> 156.9435 | E20: =E$9 * (91.3377990722656 -E$8) -> 91.337799
A21: =A$9 * (2.50031995773315 -A$8) -> 2.50032 | B21: =B$9 * (2.50031995773315 -B$8) -> 2.50032 | D21: =D$9 * (156.318695068359 -D$8) -> 156.3187 | E21: =E$9 * (84.2213287353515 -E$8) -> 84.221329
A22: =A$9 * (2.75026774406433 -A$8) -> 2.7502677 | B22: =B$9 * (2.75026774406433 -B$8) -> 2.7502677 | D22: =D$9 * (156.678497314453 -D$8) -> 156.6785 | E22: =E$9 * (60.6998481750488 -E$8) -> 60.699848
A23: =A$9 * (3.00019168853759 -A$8) -> 3.0001917 | B23: =B$9 * (3.00019168853759 -B$8) -> 3.0001917 | D23: =D$9 * (156.682907104492 -D$8) -> 156.68291 | E23: =E$9 * (43.4461708068847 -E$8) -> 43.446171
A24: =A$9 * (3.25028324127197 -A$8) -> 3.2502832 | B24: =B$9 * (3.25028324127197 -B$8) -> 3.2502832 | D24: =D$9 * (156.662506103515 -D$8) -> 156.66251 | E24: =E$9 * (34.7001609802246 -E$8) -> 34.700161
A25: =A$9 * (3.5001471042633 -A$8) -> 3.5001471 | B25: =B$9 * (3.5001471042633 -B$8) -> 3.5001471 | D25: =D$9 * (156.66160583496 -D$8) -> 156.66161 | E25: =E$9 * (39.3535003662109 -E$8) -> 39.3535
A26: =A$9 * (3.75028896331787 -A$8) -> 3.750289 | B26: =B$9 * (3.75028896331787 -B$8) -> 3.750289 | D26: =D$9 * (156.661193847656 -D$8) -> 156.66119 | E26: =E$9 * (48.3858604431152 -E$8) -> 48.38586
A27: =A$9 * (4.00031375885009 -A$8) -> 4.0003138 | B27: =B$9 * (4.00031375885009 -B$8) -> 4.0003138 | D27: =D$9 * (156.663101196289 -D$8) -> 156.6631 | E27: =E$9 * (57.0205497741699 -E$8) -> 57.02055
A28: =A$9 * (4.25004148483276 -A$8) -> 4.2500415 | B28: =B$9 * (4.25004148483276 -B$8) -> 4.2500415 | D28: =D$9 * (156.662506103515 -D$8) -> 156.66251 | E28: =E$9 * (65.6055526733398 -E$8) -> 65.605553
A29: =A$9 * (4.50066089630127 -A$8) -> 4.5006609 | B29: =B$9 * (4.50066089630127 -B$8) -> 4.5006609 | D29: =D$9 * (156.707000732421 -D$8) -> 156.707 | E29: =E$9 * (73.1279602050781 -E$8) -> 73.12796
A30: =A$9 * (4.75024700164794 -A$8) -> 4.750247 | B30: =B$9 * (4.75024700164794 -B$8) -> 4.750247 | D30: =D$9 * (156.668502807617 -D$8) -> 156.6685 | E30: =E$9 * (54.5939407348632 -E$8) -> 54.593941
A31: =A$9 * (5.00027799606323 -A$8) -> 5.000278 | B31: =B$9 * (5.00027799606323 -B$8) -> 5.000278 | D31: =D$9 * (156.662002563476 -D$8) -> 156.662 | E31: =E$9 * (59.9819908142089 -E$8) -> 59.981991
A32: =A$9 * (5.25023603439331 -A$8) -> 5.250236 | B32: =B$9 * (5.25023603439331 -B$8) -> 5.250236 | D32: =D$9 * (156.662200927734 -D$8) -> 156.6622 | E32: =E$9 * (69.4759826660156 -E$8) -> 69.475983
A33: =A$9 * (5.50051689147949 -A$8) -> 5.5005169 | B33: =B$9 * (5.50051689147949 -B$8) -> 5.5005169 | D33: =D$9 * (156.837203979492 -D$8) -> 156.8372 | E33: =E$9 * (79.1821365356445 -E$8) -> 79.182137
A34: =A$9 * (5.75008630752563 -A$8) -> 5.7500863 | B34: =B$9 * (5.75008630752563 -B$8) -> 5.7500863 | D34: =D$9 * (156.753997802734 -D$8) -> 156.754 | E34: =E$9 * (88.816421508789 -E$8) -> 88.816422
A35: =A$9 * (6.00038909912109 -A$8) -> 6.0003891 | B35: =B$9 * (6.00038909912109 -B$8) -> 6.0003891 | D35: =D$9 * (156.543792724609 -D$8) -> 156.54379 | E35: =E$9 * (92.8428192138671 -E$8) -> 92.842819
A36: =A$9 * (6.25046920776367 -A$8) -> 6.2504692 | B36: =B$9 * (6.25046920776367 -B$8) -> 6.2504692 | D36: =D$9 * (156.626403808593 -D$8) -> 156.6264 | E36: =E$9 * (61.8475685119628 -E$8) -> 61.847569
A37: =A$9 * (6.50005292892456 -A$8) -> 6.5000529 | B37: =B$9 * (6.50005292892456 -B$8) -> 6.5000529 | D37: =D$9 * (156.690002441406 -D$8) -> 156.69 | E37: =E$9 * (69.6109008789062 -E$8) -> 69.610901
A38: =A$9 * (6.75055265426635 -A$8) -> 6.7505527 | B38: =B$9 * (6.75055265426635 -B$8) -> 6.7505527 | D38: =D$9 * (156.824401855468 -D$8) -> 156.8244 | E38: =E$9 * (78.7387619018554 -E$8) -> 78.738762
A39: =A$9 * (7.00069999694824 -A$8) -> 7.0007 | B39: =B$9 * (7.00069999694824 -B$8) -> 7.0007 | D39: =D$9 * (156.74560546875 -D$8) -> 156.74561 | E39: =E$9 * (88.0147018432617 -E$8) -> 88.014702
A40: =A$9 * (7.25026130676269 -A$8) -> 7.2502613 | B40: =B$9 * (7.25026130676269 -B$8) -> 7.2502613 | D40: =D$9 * (156.437606811523 -D$8) -> 156.43761 | E40: =E$9 * (92.4313278198242 -E$8) -> 92.431328
A41: =A$9 * (7.50045824050903 -A$8) -> 7.5004582 | B41: =B$9 * (7.50045824050903 -B$8) -> 7.5004582 | D41: =D$9 * (156.69920349121 -D$8) -> 156.6992 | E41: =E$9 * (59.4187889099121 -E$8) -> 59.418789
A42: =A$9 * (7.75013065338134 -A$8) -> 7.7501307 | B42: =B$9 * (7.75013065338134 -B$8) -> 7.7501307 | D42: =D$9 * (156.780502319335 -D$8) -> 156.7805 | E42: =E$9 * (52.2795486450195 -E$8) -> 52.279549
A43: =A$9 * (8.00038623809814 -A$8) -> 8.0003862 | B43: =B$9 * (8.00038623809814 -B$8) -> 8.0003862 | D43: =D$9 * (156.762802124023 -D$8) -> 156.7628 | E43: =E$9 * (36.6728401184082 -E$8) -> 36.67284
A44: =A$9 * (8.25031375885009 -A$8) -> 8.2503138 | B44: =B$9 * (8.25031375885009 -B$8) -> 8.2503138 | D44: =D$9 * (156.760498046875 -D$8) -> 156.7605 | E44: =E$9 * (37.5291709899902 -E$8) -> 37.529171
A45: =A$9 * (8.50036430358886 -A$8) -> 8.5003643 | B45: =B$9 * (8.50036430358886 -B$8) -> 8.5003643 | D45: =D$9 * (156.757507324218 -D$8) -> 156.75751 | E45: =E$9 * (46.1982994079589 -E$8) -> 46.198299
A46: =A$9 * (8.75040531158447 -A$8) -> 8.7504053 | B46: =B$9 * (8.75040531158447 -B$8) -> 8.7504053 | D46: =D$9 * (156.75779724121 -D$8) -> 156.7578 | E46: =E$9 * (54.9480895996093 -E$8) -> 54.94809
A47: =A$9 * (9.00014209747314 -A$8) -> 9.0001421 | B47: =B$9 * (9.00014209747314 -B$8) -> 9.0001421 | D47: =D$9 * (156.755004882812 -D$8) -> 156.755 | E47: =E$9 * (63.5527191162109 -E$8) -> 63.552719
A48: =A$9 * (9.25016117095947 -A$8) -> 9.2501612 | B48: =B$9 * (9.25016117095947 -B$8) -> 9.2501612 | D48: =D$9 * (156.681594848632 -D$8) -> 156.68159 | E48: =E$9 * (72.0014877319335 -E$8) -> 72.001488
A49: =A$9 * (9.50001621246337 -A$8) -> 9.5000162 | B49: =B$9 * (9.50001621246337 -B$8) -> 9.5000162 | D49: =D$9 * (156.687301635742 -D$8) -> 156.6873 | E49: =E$9 * (75.033462524414 -E$8) -> 75.033463
A50: =A$9 * (9.75037193298339 -A$8) -> 9.7503719 | B50: =B$9 * (9.75037193298339 -B$8) -> 9.7503719 | D50: =D$9 * (156.752197265625 -D$8) -> 156.7522 | E50: =E$9 * (54.8807716369628 -E$8) -> 54.880772
A51: =A$9 * (10.0001392364502 -A$8) -> 10.000139 | B51: =B$9 * (10.0001392364502 -B$8) -> 10.000139 | D51: =D$9 * (156.760604858398 -D$8) -> 156.7606 | E51: =E$9 * (63.6697883605957 -E$8) -> 63.669788
A52: =A$9 * (10.2504224777221 -A$8) -> 10.250422 | B52: =B$9 * (10.2504224777221 -B$8) -> 10.250422 | D52: =D$9 * (156.724502563476 -D$8) -> 156.7245 | E52: =E$9 * (73.0033264160156 -E$8) -> 73.003326
A53: =A$9 * (10.5000858306884 -A$8) -> 10.500086 | B53: =B$9 * (10.5000858306884 -B$8) -> 10.500086 | D53: =D$9 * (156.832397460937 -D$8) -> 156.8324 | E53: =E$9 * (82.7625122070312 -E$8) -> 82.762512
A54: =A$9 * (10.7500495910644 -A$8) -> 10.75005 | B54: =B$9 * (10.7500495910644 -B$8) -> 10.75005 | D54: =D$9 * (156.910507202148 -D$8) -> 156.91051 | E54: =E$9 * (91.9787063598632 -E$8) -> 91.978706
A55: =A$9 * (11.0002698898315 -A$8) -> 11.00027 | B55: =B$9 * (11.0002698898315 -B$8) -> 11.00027 | D55: =D$9 * (156.283294677734 -D$8) -> 156.28329 | E55: =E$9 * (82.4580612182617 -E$8) -> 82.458061
A56: =A$9 * (11.250389099121 -A$8) -> 11.250389 | B56: =B$9 * (11.250389099121 -B$8) -> 11.250389 | D56: =D$9 * (156.733093261718 -D$8) -> 156.73309 | E56: =E$9 * (64.0644378662109 -E$8) -> 64.064438
A57: =A$9 * (11.5005664825439 -A$8) -> 11.500566 | B57: =B$9 * (11.5005664825439 -B$8) -> 11.500566 | D57: =D$9 * (156.773193359375 -D$8) -> 156.77319 | E57: =E$9 * (73.2333679199218 -E$8) -> 73.233368
A58: =A$9 * (11.7500057220459 -A$8) -> 11.750006 | B58: =B$9 * (11.7500057220459 -B$8) -> 11.750006 | D58: =D$9 * (156.816101074218 -D$8) -> 156.8161 | E58: =E$9 * (82.5489273071289 -E$8) -> 82.548927
A59: =A$9 * (12.0005273818969 -A$8) -> 12.000527 | B59: =B$9 * (12.0005273818969 -B$8) -> 12.000527 | D59: =D$9 * (156.92300415039 -D$8) -> 156.923 | E59: =E$9 * (91.9795379638671 -E$8) -> 91.979538
A60: =A$9 * (12.2503080368042 -A$8) -> 12.250308 | B60: =B$9 * (12.2503080368042 -B$8) -> 12.250308 | D60: =D$9 * (156.417205810546 -D$8) -> 156.41721 | E60: =E$9 * (74.5466613769531 -E$8) -> 74.546661
A61: =A$9 * (12.5001697540283 -A$8) -> 12.50017 | B61: =B$9 * (12.5001697540283 -B$8) -> 12.50017 | D61: =D$9 * (156.749298095703 -D$8) -> 156.7493 | E61: =E$9 * (57.903221130371 -E$8) -> 57.903221
A62: =A$9 * (12.7501029968261 -A$8) -> 12.750103 | B62: =B$9 * (12.7501029968261 -B$8) -> 12.750103 | D62: =D$9 * (156.766799926757 -D$8) -> 156.7668 | E62: =E$9 * (40.4312705993652 -E$8) -> 40.431271
A63: =A$9 * (13.0001249313354 -A$8) -> 13.000125 | B63: =B$9 * (13.0001249313354 -B$8) -> 13.000125 | D63: =D$9 * (156.76089477539 -D$8) -> 156.76089 | E63: =E$9 * (34.3743286132812 -E$8) -> 34.374329
A64: =A$9 * (13.2501611709594 -A$8) -> 13.250161 | B64: =B$9 * (13.2501611709594 -B$8) -> 13.250161 | D64: =D$9 * (156.757705688476 -D$8) -> 156.75771 | E64: =E$9 * (41.568130493164 -E$8) -> 41.56813
A65: =A$9 * (13.5004529953002 -A$8) -> 13.500453 | B65: =B$9 * (13.5004529953002 -B$8) -> 13.500453 | D65: =D$9 * (156.755493164062 -D$8) -> 156.75549 | E65: =E$9 * (50.4411010742187 -E$8) -> 50.441101
A66: =A$9 * (13.7502555847168 -A$8) -> 13.750256 | B66: =B$9 * (13.7502555847168 -B$8) -> 13.750256 | D66: =D$9 * (156.758102416992 -D$8) -> 156.7581 | E66: =E$9 * (58.9622001647949 -E$8) -> 58.9622
A67: =A$9 * (14.0000057220459 -A$8) -> 14.000006 | B67: =B$9 * (14.0000057220459 -B$8) -> 14.000006 | D67: =D$9 * (156.758605957031 -D$8) -> 156.75861 | E67: =E$9 * (67.3943710327148 -E$8) -> 67.394371
A68: =A$9 * (14.2500476837158 -A$8) -> 14.250048 | B68: =B$9 * (14.2500476837158 -B$8) -> 14.250048 | D68: =D$9 * (156.837997436523 -D$8) -> 156.838 | E68: =E$9 * (75.2642822265625 -E$8) -> 75.264282
A69: =A$9 * (14.5001668930053 -A$8) -> 14.500167 | B69: =B$9 * (14.5001668930053 -B$8) -> 14.500167 | D69: =D$9 * (156.755996704101 -D$8) -> 156.756 | E69: =E$9 * (61.8979110717773 -E$8) -> 61.897911
A70: =A$9 * (14.7503108978271 -A$8) -> 14.750311 | B70: =B$9 * (14.7503108978271 -B$8) -> 14.750311 | D70: =D$9 * (156.758102416992 -D$8) -> 156.7581 | E70: =E$9 * (58.7845115661621 -E$8) -> 58.784512
A71: =A$9 * (15.0002365112304 -A$8) -> 15.000237 | B71: =B$9 * (15.0002365112304 -B$8) -> 15.000237 | D71: =D$9 * (156.759201049804 -D$8) -> 156.7592 | E71: =E$9 * (67.916893005371 -E$8) -> 67.916893
A72: =A$9 * (15.2507247924804 -A$8) -> 15.250725 | B72: =B$9 * (15.2507247924804 -B$8) -> 15.250725 | D72: =D$9 * (156.891998291015 -D$8) -> 156.892 | E72: =E$9 * (77.3188018798828 -E$8) -> 77.318802
A73: =A$9 * (15.5000858306884 -A$8) -> 15.500086 | B73: =B$9 * (15.5000858306884 -B$8) -> 15.500086 | D73: =D$9 * (156.786300659179 -D$8) -> 156.7863 | E73: =E$9 * (86.7796936035156 -E$8) -> 86.779694
A74: =A$9 * (15.7507801055908 -A$8) -> 15.75078 | B74: =B$9 * (15.7507801055908 -B$8) -> 15.75078 | D74: =D$9 * (156.946395874023 -D$8) -> 156.9464 | E74: =E$9 * (95.9787292480468 -E$8) -> 95.978729
A75: =A$9 * (16.0000858306884 -A$8) -> 16.000086 | B75: =B$9 * (16.0000858306884 -B$8) -> 16.000086 | D75: =D$9 * (156.610305786132 -D$8) -> 156.61031 | E75: =E$9 * (66.5899200439453 -E$8) -> 66.58992
A76: =A$9 * (16.2500228881835 -A$8) -> 16.250023 | B76: =B$9 * (16.2500228881835 -B$8) -> 16.250023 | D76: =D$9 * (156.776306152343 -D$8) -> 156.77631 | E76: =E$9 * (68.3865127563476 -E$8) -> 68.386513
A77: =A$9 * (16.5002975463867 -A$8) -> 16.500298 | B77: =B$9 * (16.5002975463867 -B$8) -> 16.500298 | D77: =D$9 * (156.810104370117 -D$8) -> 156.8101 | E77: =E$9 * (77.5248718261718 -E$8) -> 77.524872
A78: =A$9 * (16.7504501342773 -A$8) -> 16.75045 | B78: =B$9 * (16.7504501342773 -B$8) -> 16.75045 | D78: =D$9 * (156.778106689453 -D$8) -> 156.77811 | E78: =E$9 * (86.6485900878906 -E$8) -> 86.64859
A79: =A$9 * (17.0007610321044 -A$8) -> 17.000761 | B79: =B$9 * (17.0007610321044 -B$8) -> 17.000761 | D79: =D$9 * (156.765304565429 -D$8) -> 156.7653 | E79: =E$9 * (93.1976318359375 -E$8) -> 93.197632
A80: =A$9 * (17.250202178955 -A$8) -> 17.250202 | B80: =B$9 * (17.250202178955 -B$8) -> 17.250202 | D80: =D$9 * (156.707199096679 -D$8) -> 156.7072 | E80: =E$9 * (60.3382415771484 -E$8) -> 60.338242
A81: =A$9 * (17.500144958496 -A$8) -> 17.500145 | B81: =B$9 * (17.500144958496 -B$8) -> 17.500145 | D81: =D$9 * (156.783004760742 -D$8) -> 156.783 | E81: =E$9 * (49.3870887756347 -E$8) -> 49.387089
A82: =A$9 * (17.7501258850097 -A$8) -> 17.750126 | B82: =B$9 * (17.7501258850097 -B$8) -> 17.750126 | D82: =D$9 * (156.759201049804 -D$8) -> 156.7592 | E82: =E$9 * (35.8873291015625 -E$8) -> 35.887329
A83: =A$9 * (18.0000171661377 -A$8) -> 18.000017 | B83: =B$9 * (18.0000171661377 -B$8) -> 18.000017 | D83: =D$9 * (156.759292602539 -D$8) -> 156.75929 | E83: =E$9 * (36.7798118591308 -E$8) -> 36.779812
A84: =A$9 * (18.2500629425048 -A$8) -> 18.250063 | B84: =B$9 * (18.2500629425048 -B$8) -> 18.250063 | D84: =D$9 * (156.75650024414 -D$8) -> 156.7565 | E84: =E$9 * (45.2466087341308 -E$8) -> 45.246609
A85: =A$9 * (18.5005435943603 -A$8) -> 18.500544 | B85: =B$9 * (18.5005435943603 -B$8) -> 18.500544 | D85: =D$9 * (156.757598876953 -D$8) -> 156.7576 | E85: =E$9 * (54.2210388183593 -E$8) -> 54.221039
A86: =A$9 * (18.7505912780761 -A$8) -> 18.750591 | B86: =B$9 * (18.7505912780761 -B$8) -> 18.750591 | D86: =D$9 * (156.758193969726 -D$8) -> 156.75819 | E86: =E$9 * (62.6291618347168 -E$8) -> 62.629162
A87: =A$9 * (19.0007057189941 -A$8) -> 19.000706 | B87: =B$9 * (19.0007057189941 -B$8) -> 19.000706 | D87: =D$9 * (156.761001586914 -D$8) -> 156.761 | E87: =E$9 * (70.7980117797851 -E$8) -> 70.798012
A88: =A$9 * (19.2506256103515 -A$8) -> 19.250626 | B88: =B$9 * (19.2506256103515 -B$8) -> 19.250626 | D88: =D$9 * (156.772705078125 -D$8) -> 156.77271 | E88: =E$9 * (77.5937118530273 -E$8) -> 77.593712
A89: =A$9 * (19.5002250671386 -A$8) -> 19.500225 | B89: =B$9 * (19.5002250671386 -B$8) -> 19.500225 | D89: =D$9 * (156.75520324707 -D$8) -> 156.7552 | E89: =E$9 * (55.4458999633789 -E$8) -> 55.4459
A90: =A$9 * (19.7506504058837 -A$8) -> 19.75065 | B90: =B$9 * (19.7506504058837 -B$8) -> 19.75065 | D90: =D$9 * (156.759796142578 -D$8) -> 156.7598 | E90: =E$9 * (62.2615089416503 -E$8) -> 62.261509
A91: =A$9 * (20.0004577636718 -A$8) -> 20.000458 | B91: =B$9 * (20.0004577636718 -B$8) -> 20.000458 | D91: =D$9 * (156.685897827148 -D$8) -> 156.6859 | E91: =E$9 * (71.4863586425781 -E$8) -> 71.486359
A92: =A$9 * (20.2502841949462 -A$8) -> 20.250284 | B92: =B$9 * (20.2502841949462 -B$8) -> 20.250284 | D92: =D$9 * (156.784393310546 -D$8) -> 156.78439 | E92: =E$9 * (81.0284805297851 -E$8) -> 81.028481
A93: =A$9 * (20.5000190734863 -A$8) -> 20.500019 | B93: =B$9 * (20.5000190734863 -B$8) -> 20.500019 | D93: =D$9 * (156.882598876953 -D$8) -> 156.8826 | E93: =E$9 * (90.0196914672851 -E$8) -> 90.019691
A94: =A$9 * (20.7501049041748 -A$8) -> 20.750105 | B94: =B$9 * (20.7501049041748 -B$8) -> 20.750105 | D94: =D$9 * (156.488006591796 -D$8) -> 156.48801 | E94: =E$9 * (90.3025131225585 -E$8) -> 90.302513
A95: =A$9 * (21.000597000122 -A$8) -> 21.000597 | B95: =B$9 * (21.000597000122 -B$8) -> 21.000597 | D95: =D$9 * (156.71890258789 -D$8) -> 156.7189 | E95: =E$9 * (62.9078407287597 -E$8) -> 62.907841
A96: =A$9 * (21.2500495910644 -A$8) -> 21.25005 | B96: =B$9 * (21.2500495910644 -B$8) -> 21.25005 | D96: =D$9 * (156.753799438476 -D$8) -> 156.7538 | E96: =E$9 * (71.7142028808593 -E$8) -> 71.714203
A97: =A$9 * (21.5006771087646 -A$8) -> 21.500677 | B97: =B$9 * (21.5006771087646 -B$8) -> 21.500677 | D97: =D$9 * (156.970092773437 -D$8) -> 156.97009 | E97: =E$9 * (80.9532470703125 -E$8) -> 80.953247
A98: =A$9 * (21.7505798339843 -A$8) -> 21.75058 | B98: =B$9 * (21.7505798339843 -B$8) -> 21.75058 | D98: =D$9 * (156.902099609375 -D$8) -> 156.9021 | E98: =E$9 * (90.2382507324218 -E$8) -> 90.238251
A99: =A$9 * (22.0003643035888 -A$8) -> 22.000364 | B99: =B$9 * (22.0003643035888 -B$8) -> 22.000364 | D99: =D$9 * (156.471893310546 -D$8) -> 156.47189 | E99: =E$9 * (75.9051513671875 -E$8) -> 75.905151
A100: =A$9 * (22.2504425048828 -A$8) -> 22.250443 | B100: =B$9 * (22.2504425048828 -B$8) -> 22.250443 | D100: =D$9 * (156.744796752929 -D$8) -> 156.7448 | E100: =E$9 * (56.8643913269043 -E$8) -> 56.864391
...
